ack_bytes_transmitted,ack_count,ack_injected_drops,ack_received,burst_length,communication_cost_per_delivered_critical_event,crc_errors,critical_event_delivery_ratio,critical_event_miss_rate,data_bytes_transmitted,data_injected_drops,delivered_packets,duplicate_packets,duration_s,firmware_commit,firmware_images_sha256,gateway_mac,important_event_delivery_ratio,invalid_packets,logical_packets,loss_model,loss_rate,lost_logical_packets,mean_delivery_latency_ms,normal_delivery_ratio,out_of_order_packets,overall_delivery_ratio,p50_delivery_latency_ms,p95_delivery_latency_ms,p99_delivery_latency_ms,physical_data_received,physical_data_transmissions,radio,redundancy_overhead,retransmissions,run_id,sample_count,seed,sensor_mac,sequence_gaps,source,start_time,strategy,total_bytes_transmitted,trace_sha256,truth_counts,truth_delivered
234,18,0,18,3,175.5,0,1.0,0.0,468,0,18,0,13.385336166014895,uncommitted,"{'gateway': 'f6e10d90e8003100a8e76537dfef74e281fadffd7096e97d8c78bcdcff07863c', 'sensor': '43fc3d856a8674ab75587990c60c63c0326cd61935db4bfd093ec650f764d533'}",c0:4e:30:31:42:9c,1.0,0,18,RANDOM,0.0,0,414.7409558839475,1.0,0,1.0,415.02595809288323,416.14166693761945,418.9243749715388,18,18,E220-400T22D,0.0,0,no_protection_random_loss00_seed11_e220,18,11,80:65:99:a7:a8:a4,0,REAL_E220_WITH_APPLICATION_LAYER_INJECTION,2026-09-25T15:24:19.027712+00:00,NO_PROTECTION,702,19558e2ff7c5eec6632fbb4262cf64002978275c397d79ef132275e7a234a1b0,"{'CRITICAL': 4, 'IMPORTANT': 6, 'NORMAL': 8}","{'CRITICAL': 4, 'IMPORTANT': 6, 'NORMAL': 8}"
234,18,0,18,3,175.5,0,1.0,0.0,468,0,18,0,13.383118915837258,uncommitted,"{'gateway': 'f6e10d90e8003100a8e76537dfef74e281fadffd7096e97d8c78bcdcff07863c', 'sensor': '43fc3d856a8674ab75587990c60c63c0326cd61935db4bfd093ec650f764d533'}",c0:4e:30:31:42:9c,1.0,0,18,RANDOM,0.0,0,415.01285183605637,1.0,0,1.0,415.12274998240173,415.9797499887645,416.5897078346461,18,18,E220-400T22D,0.0,0,no_protection_random_loss00_seed23_e220,18,23,80:65:99:a7:a8:a4,0,REAL_E220_WITH_APPLICATION_LAYER_INJECTION,2026-09-25T15:24:32.730274+00:00,NO_PROTECTION,702,ba6e53695b846b6a760bc4863801fb8b228a9f15f3423399f8c1b92c23c0b90e,"{'CRITICAL': 4, 'IMPORTANT': 6, 'NORMAL': 8}","{'CRITICAL': 4, 'IMPORTANT': 6, 'NORMAL': 8}"
234,18,0,18,3,175.5,0,1.0,0.0,468,0,18,0,13.405589082976803,uncommitted,"{'gateway': 'f6e10d90e8003100a8e76537dfef74e281fadffd7096e97d8c78bcdcff07863c', 'sensor': '43fc3d856a8674ab75587990c60c63c0326cd61935db4bfd093ec650f764d533'}",c0:4e:30:31:42:9c,1.0,0,18,RANDOM,0.0,0,415.4722800530079,1.0,0,1.0,415.52383406087756,416.07895819470286,416.89300001598895,18,18,E220-400T22D,0.0,0,no_protection_random_loss00_seed37_e220,18,37,80:65:99:a7:a8:a4,0,REAL_E220_WITH_APPLICATION_LAYER_INJECTION,2026-09-25T15:24:46.432946+00:00,NO_PROTECTION,702,c3c12e6d559c965a929e18e0c7341898c3b0fffd33e465240a3a1338a43f0685,"{'CRITICAL': 4, 'IMPORTANT': 6, 'NORMAL': 8}","{'CRITICAL': 4, 'IMPORTANT': 6, 'NORMAL': 8}"
234,18,0,18,3,175.5,0,1.0,0.0,468,0,18,0,13.384713917039335,uncommitted,"{'gateway': 'f6e10d90e8003100a8e76537dfef74e281fadffd7096e97d8c78bcdcff07863c', 'sensor': '43fc3d856a8674ab75587990c60c63c0326cd61935db4bfd093ec650f764d533'}",c0:4e:30:31:42:9c,1.0,0,18,RANDOM,0.0,0,415.10669914229464,1.0,0,1.0,415.17841699533165,415.9078751690686,416.0441670101136,18,18,E220-400T22D,0.0,0,no_protection_random_loss00_seed41_e220,18,41,80:65:99:a7:a8:a4,0,REAL_E220_WITH_APPLICATION_LAYER_INJECTION,2026-09-25T15:25:00.148863+00:00,NO_PROTECTION,702,7b582d28d1a0d37c025a186dceed2ea57178c0bc0bad73992320ef8e933680f3,"{'CRITICAL': 4, 'IMPORTANT': 6, 'NORMAL': 8}","{'CRITICAL': 4, 'IMPORTANT': 6, 'NORMAL': 8}"
234,18,0,18,3,175.5,0,1.0,0.0,468,0,18,0,13.377213666914031,uncommitted,"{'gateway': 'f6e10d90e8003100a8e76537dfef74e281fadffd7096e97d8c78bcdcff07863c', 'sensor': '43fc3d856a8674ab75587990c60c63c0326cd61935db4bfd093ec650f764d533'}",c0:4e:30:31:42:9c,1.0,0,18,RANDOM,0.0,0,415.36940975735587,1.0,0,1.0,415.2281251735985,416.1619588267058,417.0688751619309,18,18,E220-400T22D,0.0,0,no_protection_random_loss00_seed53_e220,18,53,80:65:99:a7:a8:a4,0,REAL_E220_WITH_APPLICATION_LAYER_INJECTION,2026-09-25T15:25:13.868595+00:00,NO_PROTECTION,702,b4022cc825edbde82bafbf00ac2ccda31c900699a36d29bc31fcbbf1459f4fde,"{'CRITICAL': 4, 'IMPORTANT': 6, 'NORMAL': 8}","{'CRITICAL': 4, 'IMPORTANT': 6, 'NORMAL': 8}"
234,18,0,18,3,175.5,0,1.0,0.0,468,0,18,0,13.392346167005599,uncommitted,"{'gateway': 'f6e10d90e8003100a8e76537dfef74e281fadffd7096e97d8c78bcdcff07863c', 'sensor': '43fc3d856a8674ab75587990c60c63c0326cd61935db4bfd093ec650f764d533'}",c0:4e:30:31:42:9c,1.0,0,18,RANDOM,0.0,0,415.44787500364083,1.0,0,1.0,415.65666696988046,416.41879198141396,417.01579187065363,18,18,E220-400T22D,0.0,0,no_protection_random_loss00_seed67_e220,18,67,80:65:99:a7:a8:a4,0,REAL_E220_WITH_APPLICATION_LAYER_INJECTION,2026-09-25T15:25:27.564993+00:00,NO_PROTECTION,702,2d48acff96e0326bf8076422f46d3122c6fcdb34e3dce0875aa0b6d0c25d8b09,"{'CRITICAL': 4, 'IMPORTANT': 6, 'NORMAL': 8}","{'CRITICAL': 4, 'IMPORTANT': 6, 'NORMAL': 8}"
234,18,0,18,3,175.5,0,1.0,0.0,468,0,18,0,13.37894054199569,uncommitted,"{'gateway': 'f6e10d90e8003100a8e76537dfef74e281fadffd7096e97d8c78bcdcff07863c', 'sensor': '43fc3d856a8674ab75587990c60c63c0326cd61935db4bfd093ec650f764d533'}",c0:4e:30:31:42:9c,1.0,0,18,RANDOM,0.0,0,415.24656735257145,1.0,0,1.0,415.19412491470575,415.97774997353554,416.2315418943763,18,18,E220-400T22D,0.0,0,no_protection_random_loss00_seed71_e220,18,71,80:65:99:a7:a8:a4,0,REAL_E220_WITH_APPLICATION_LAYER_INJECTION,2026-09-25T15:25:41.326902+00:00,NO_PROTECTION,702,2d3c2f6899d93398a0323cbc3dd099cc658d87cb1a131f0dc77658cba16ea74d,"{'CRITICAL': 4, 'IMPORTANT': 6, 'NORMAL': 8}","{'CRITICAL': 4, 'IMPORTANT': 6, 'NORMAL': 8}"
234,18,0,18,3,175.5,0,1.0,0.0,468,0,18,0,13.39443733310327,uncommitted,"{'gateway': 'f6e10d90e8003100a8e76537dfef74e281fadffd7096e97d8c78bcdcff07863c', 'sensor': '43fc3d856a8674ab75587990c60c63c0326cd61935db4bfd093ec650f764d533'}",c0:4e:30:31:42:9c,1.0,0,18,RANDOM,0.0,0,415.4754120649563,1.0,0,1.0,414.9942500516772,415.72266700677574,426.2693750206381,18,18,E220-400T22D,0.0,0,no_protection_random_loss00_seed83_e220,18,83,80:65:99:a7:a8:a4,0,REAL_E220_WITH_APPLICATION_LAYER_INJECTION,2026-09-25T15:25:55.067945+00:00,NO_PROTECTION,702,53ff4fba2d4224e6126faaa651a0a0f54f06874d7918a7df123504a07e18367d,"{'CRITICAL': 4, 'IMPORTANT': 6, 'NORMAL': 8}","{'CRITICAL': 4, 'IMPORTANT': 6, 'NORMAL': 8}"
234,18,0,18,3,175.5,0,1.0,0.0,468,0,18,0,13.391225124942139,uncommitted,"{'gateway': 'f6e10d90e8003100a8e76537dfef74e281fadffd7096e97d8c78bcdcff07863c', 'sensor': '43fc3d856a8674ab75587990c60c63c0326cd61935db4bfd093ec650f764d533'}",c0:4e:30:31:42:9c,1.0,0,18,RANDOM,0.0,0,415.15106956164044,1.0,0,1.0,415.00466712750494,416.0640421323478,417.04941680654883,18,18,E220-400T22D,0.0,0,no_protection_random_loss00_seed97_e220,18,97,80:65:99:a7:a8:a4,0,REAL_E220_WITH_APPLICATION_LAYER_INJECTION,2026-09-25T15:26:08.911645+00:00,NO_PROTECTION,702,b3ae2fcb772c83e0a9d99c2203c581f55178fdfc1f99afeebdf75ce2103c44a4,"{'CRITICAL': 4, 'IMPORTANT': 6, 'NORMAL': 8}","{'CRITICAL': 4, 'IMPORTANT': 6, 'NORMAL': 8}"
234,18,0,18,3,175.5,0,1.0,0.0,468,0,18,0,13.390254582976922,uncommitted,"{'gateway': 'f6e10d90e8003100a8e76537dfef74e281fadffd7096e97d8c78bcdcff07863c', 'sensor': '43fc3d856a8674ab75587990c60c63c0326cd61935db4bfd093ec650f764d533'}",c0:4e:30:31:42:9c,1.0,0,18,RANDOM,0.0,0,414.77750464239057,1.0,0,1.0,415.221415925771,416.94262507371604,419.2359580192715,18,18,E220-400T22D,0.0,0,no_protection_random_loss00_seed101_e220,18,101,80:65:99:a7:a8:a4,0,REAL_E220_WITH_APPLICATION_LAYER_INJECTION,2026-09-25T15:26:22.633336+00:00,NO_PROTECTION,702,38ced8c438353a89e42a4016b370e21009c6fb5e0ea77e924824fea5eef3d7f1,"{'CRITICAL': 4, 'IMPORTANT': 6, 'NORMAL': 8}","{'CRITICAL': 4, 'IMPORTANT': 6, 'NORMAL': 8}"
234,18,0,18,3,175.5,0,1.0,0.0,468,0,18,0,13.386578750098124,uncommitted,"{'gateway': 'f6e10d90e8003100a8e76537dfef74e281fadffd7096e97d8c78bcdcff07863c', 'sensor': '43fc3d856a8674ab75587990c60c63c0326cd61935db4bfd093ec650f764d533'}",c0:4e:30:31:42:9c,1.0,0,18,BURST,0.0,0,415.3942269557673,1.0,0,1.0,415.3666668571532,416.2025828845799,416.2349591497332,18,18,E220-400T22D,0.0,0,no_protection_burst_burst3_loss00_seed11_e220,18,11,80:65:99:a7:a8:a4,0,REAL_E220_WITH_APPLICATION_LAYER_INJECTION,2026-09-25T15:26:36.376313+00:00,NO_PROTECTION,702,19558e2ff7c5eec6632fbb4262cf64002978275c397d79ef132275e7a234a1b0,"{'CRITICAL': 4, 'IMPORTANT': 6, 'NORMAL': 8}","{'CRITICAL': 4, 'IMPORTANT': 6, 'NORMAL': 8}"
234,18,0,18,3,175.5,0,1.0,0.0,468,0,18,0,13.394191375002265,uncommitted,"{'gateway': 'f6e10d90e8003100a8e76537dfef74e281fadffd7096e97d8c78bcdcff07863c', 'sensor': '43fc3d856a8674ab75587990c60c63c0326cd61935db4bfd093ec650f764d533'}",c0:4e:30:31:42:9c,1.0,0,18,BURST,0.0,0,415.53666187812473,1.0,0,1.0,415.57841608300805,415.8925828523934,415.9346669912338,18,18,E220-400T22D,0.0,0,no_protection_burst_burst3_loss00_seed23_e220,18,23,80:65:99:a7:a8:a4,0,REAL_E220_WITH_APPLICATION_LAYER_INJECTION,2026-09-25T15:26:50.085970+00:00,NO_PROTECTION,702,ba6e53695b846b6a760bc4863801fb8b228a9f15f3423399f8c1b92c23c0b90e,"{'CRITICAL': 4, 'IMPORTANT': 6, 'NORMAL': 8}","{'CRITICAL': 4, 'IMPORTANT': 6, 'NORMAL': 8}"
234,18,0,18,3,175.5,0,1.0,0.0,468,0,18,0,13.396148125175387,uncommitted,"{'gateway': 'f6e10d90e8003100a8e76537dfef74e281fadffd7096e97d8c78bcdcff07863c', 'sensor': '43fc3d856a8674ab75587990c60c63c0326cd61935db4bfd093ec650f764d533'}",c0:4e:30:31:42:9c,1.0,0,18,BURST,0.0,0,415.3365809599766,1.0,0,1.0,415.4229159466922,415.8462919294834,416.081250179559,18,18,E220-400T22D,0.0,0,no_protection_burst_burst3_loss00_seed37_e220,18,37,80:65:99:a7:a8:a4,0,REAL_E220_WITH_APPLICATION_LAYER_INJECTION,2026-09-25T15:27:03.813418+00:00,NO_PROTECTION,702,c3c12e6d559c965a929e18e0c7341898c3b0fffd33e465240a3a1338a43f0685,"{'CRITICAL': 4, 'IMPORTANT': 6, 'NORMAL': 8}","{'CRITICAL': 4, 'IMPORTANT': 6, 'NORMAL': 8}"
234,18,0,18,3,175.5,0,1.0,0.0,468,0,18,0,13.392110917018726,uncommitted,"{'gateway': 'f6e10d90e8003100a8e76537dfef74e281fadffd7096e97d8c78bcdcff07863c', 'sensor': '43fc3d856a8674ab75587990c60c63c0326cd61935db4bfd093ec650f764d533'}",c0:4e:30:31:42:9c,1.0,0,18,BURST,0.0,0,415.5558633695667,1.0,0,1.0,415.3424999676645,416.2813751026988,417.432792019099,18,18,E220-400T22D,0.0,0,no_protection_burst_burst3_loss00_seed41_e220,18,41,80:65:99:a7:a8:a4,0,REAL_E220_WITH_APPLICATION_LAYER_INJECTION,2026-09-25T15:27:17.536683+00:00,NO_PROTECTION,702,7b582d28d1a0d37c025a186dceed2ea57178c0bc0bad73992320ef8e933680f3,"{'CRITICAL': 4, 'IMPORTANT': 6, 'NORMAL': 8}","{'CRITICAL': 4, 'IMPORTANT': 6, 'NORMAL': 8}"
234,18,0,18,3,175.5,0,1.0,0.0,468,0,18,0,13.379621957894415,uncommitted,"{'gateway': 'f6e10d90e8003100a8e76537dfef74e281fadffd7096e97d8c78bcdcff07863c', 'sensor': '43fc3d856a8674ab75587990c60c63c0326cd61935db4bfd093ec650f764d533'}",c0:4e:30:31:42:9c,1.0,0,18,BURST,0.0,0,412.29950919902575,1.0,0,1.0,415.23041715845466,415.82266613841057,415.99158314056695,18,18,E220-400T22D,0.0,0,no_protection_burst_burst3_loss00_seed53_e220,18,53,80:65:99:a7:a8:a4,0,REAL_E220_WITH_APPLICATION_LAYER_INJECTION,2026-09-25T15:27:31.245388+00:00,NO_PROTECTION,702,b4022cc825edbde82bafbf00ac2ccda31c900699a36d29bc31fcbbf1459f4fde,"{'CRITICAL': 4, 'IMPORTANT': 6, 'NORMAL': 8}","{'CRITICAL': 4, 'IMPORTANT': 6, 'NORMAL': 8}"
234,18,0,18,3,175.5,0,1.0,0.0,468,0,18,0,13.381594499805942,uncommitted,"{'gateway': 'f6e10d90e8003100a8e76537dfef74e281fadffd7096e97d8c78bcdcff07863c', 'sensor': '43fc3d856a8674ab75587990c60c63c0326cd61935db4bfd093ec650f764d533'}",c0:4e:30:31:42:9c,1.0,0,18,BURST,0.0,0,415.05324513289247,1.0,0,1.0,415.05970782600343,415.5515830498189,415.68208299577236,18,18,E220-400T22D,0.0,0,no_protection_burst_burst3_loss00_seed67_e220,18,67,80:65:99:a7:a8:a4,0,REAL_E220_WITH_APPLICATION_LAYER_INJECTION,2026-09-25T15:27:44.939482+00:00,NO_PROTECTION,702,2d48acff96e0326bf8076422f46d3122c6fcdb34e3dce0875aa0b6d0c25d8b09,"{'CRITICAL': 4, 'IMPORTANT': 6, 'NORMAL': 8}","{'CRITICAL': 4, 'IMPORTANT': 6, 'NORMAL': 8}"
234,18,0,18,3,175.5,0,1.0,0.0,468,0,18,0,13.379957708064467,uncommitted,"{'gateway': 'f6e10d90e8003100a8e76537dfef74e281fadffd7096e97d8c78bcdcff07863c', 'sensor': '43fc3d856a8674ab75587990c60c63c0326cd61935db4bfd093ec650f764d533'}",c0:4e:30:31:42:9c,1.0,0,18,BURST,0.0,0,415.27452785521746,1.0,0,1.0,415.1552089024335,416.2009172141552,416.9785000849515,18,18,E220-400T22D,0.0,0,no_protection_burst_burst3_loss00_seed71_e220,18,71,80:65:99:a7:a8:a4,0,REAL_E220_WITH_APPLICATION_LAYER_INJECTION,2026-09-25T15:27:58.678441+00:00,NO_PROTECTION,702,2d3c2f6899d93398a0323cbc3dd099cc658d87cb1a131f0dc77658cba16ea74d,"{'CRITICAL': 4, 'IMPORTANT': 6, 'NORMAL': 8}","{'CRITICAL': 4, 'IMPORTANT': 6, 'NORMAL': 8}"
234,18,0,18,3,175.5,0,1.0,0.0,468,0,18,0,13.380289916880429,uncommitted,"{'gateway': 'f6e10d90e8003100a8e76537dfef74e281fadffd7096e97d8c78bcdcff07863c', 'sensor': '43fc3d856a8674ab75587990c60c63c0326cd61935db4bfd093ec650f764d533'}",c0:4e:30:31:42:9c,1.0,0,18,BURST,0.0,0,415.18352780905036,1.0,0,1.0,415.26537481695414,415.9561670385301,416.18075012229383,18,18,E220-400T22D,0.0,0,no_protection_burst_burst3_loss00_seed83_e220,18,83,80:65:99:a7:a8:a4,0,REAL_E220_WITH_APPLICATION_LAYER_INJECTION,2026-09-25T15:28:12.396700+00:00,NO_PROTECTION,702,53ff4fba2d4224e6126faaa651a0a0f54f06874d7918a7df123504a07e18367d,"{'CRITICAL': 4, 'IMPORTANT': 6, 'NORMAL': 8}","{'CRITICAL': 4, 'IMPORTANT': 6, 'NORMAL': 8}"
234,18,0,18,3,175.5,0,1.0,0.0,468,0,18,0,13.397338249953464,uncommitted,"{'gateway': 'f6e10d90e8003100a8e76537dfef74e281fadffd7096e97d8c78bcdcff07863c', 'sensor': '43fc3d856a8674ab75587990c60c63c0326cd61935db4bfd093ec650f764d533'}",c0:4e:30:31:42:9c,1.0,0,18,BURST,0.0,0,414.9902106469704,1.0,0,1.0,415.25112511590123,415.6837500631809,415.84229189902544,18,18,E220-400T22D,0.0,0,no_protection_burst_burst3_loss00_seed97_e220,18,97,80:65:99:a7:a8:a4,0,REAL_E220_WITH_APPLICATION_LAYER_INJECTION,2026-09-25T15:28:26.108577+00:00,NO_PROTECTION,702,b3ae2fcb772c83e0a9d99c2203c581f55178fdfc1f99afeebdf75ce2103c44a4,"{'CRITICAL': 4, 'IMPORTANT': 6, 'NORMAL': 8}","{'CRITICAL': 4, 'IMPORTANT': 6, 'NORMAL': 8}"
234,18,0,18,3,175.5,0,1.0,0.0,468,0,18,0,13.383084333967417,uncommitted,"{'gateway': 'f6e10d90e8003100a8e76537dfef74e281fadffd7096e97d8c78bcdcff07863c', 'sensor': '43fc3d856a8674ab75587990c60c63c0326cd61935db4bfd093ec650f764d533'}",c0:4e:30:31:42:9c,1.0,0,18,BURST,0.0,0,415.28991909904613,1.0,0,1.0,415.34529183991253,416.09774995595217,416.28666687756777,18,18,E220-400T22D,0.0,0,no_protection_burst_burst3_loss00_seed101_e220,18,101,80:65:99:a7:a8:a4,0,REAL_E220_WITH_APPLICATION_LAYER_INJECTION,2026-09-25T15:28:39.818715+00:00,NO_PROTECTION,702,38ced8c438353a89e42a4016b370e21009c6fb5e0ea77e924824fea5eef3d7f1,"{'CRITICAL': 4, 'IMPORTANT': 6, 'NORMAL': 8}","{'CRITICAL': 4, 'IMPORTANT': 6, 'NORMAL': 8}"
208,16,0,16,3,225.33333333333334,0,0.75,0.25,468,2,16,0,13.973156833089888,uncommitted,"{'gateway': 'f6e10d90e8003100a8e76537dfef74e281fadffd7096e97d8c78bcdcff07863c', 'sensor': '43fc3d856a8674ab75587990c60c63c0326cd61935db4bfd093ec650f764d533'}",c0:4e:30:31:42:9c,1.0,0,18,RANDOM,0.05,2,415.6202343729092,0.875,0,0.8888888888888888,415.32104182988405,416.0142501350492,422.4425000138581,18,18,E220-400T22D,0.0,0,no_protection_random_loss05_seed11_e220,18,11,80:65:99:a7:a8:a4,1,REAL_E220_WITH_APPLICATION_LAYER_INJECTION,2026-09-25T15:28:53.560945+00:00,NO_PROTECTION,676,19558e2ff7c5eec6632fbb4262cf64002978275c397d79ef132275e7a234a1b0,"{'CRITICAL': 4, 'IMPORTANT': 6, 'NORMAL': 8}","{'CRITICAL': 3, 'IMPORTANT': 6, 'NORMAL': 7}"
234,18,0,18,3,175.5,0,1.0,0.0,468,0,18,0,13.389544875128195,uncommitted,"{'gateway': 'f6e10d90e8003100a8e76537dfef74e281fadffd7096e97d8c78bcdcff07863c', 'sensor': '43fc3d856a8674ab75587990c60c63c0326cd61935db4bfd093ec650f764d533'}",c0:4e:30:31:42:9c,1.0,0,18,RANDOM,0.05,0,415.131511606483,1.0,0,1.0,415.06045893765986,416.15558299236,416.21420881710947,18,18,E220-400T22D,0.0,0,no_protection_random_loss05_seed23_e220,18,23,80:65:99:a7:a8:a4,0,REAL_E220_WITH_APPLICATION_LAYER_INJECTION,2026-09-25T15:29:07.869200+00:00,NO_PROTECTION,702,ba6e53695b846b6a760bc4863801fb8b228a9f15f3423399f8c1b92c23c0b90e,"{'CRITICAL': 4, 'IMPORTANT': 6, 'NORMAL': 8}","{'CRITICAL': 4, 'IMPORTANT': 6, 'NORMAL': 8}"
195,15,1,15,3,221.0,0,0.75,0.25,468,3,15,0,14.263391957851127,uncommitted,"{'gateway': 'f6e10d90e8003100a8e76537dfef74e281fadffd7096e97d8c78bcdcff07863c', 'sensor': '43fc3d856a8674ab75587990c60c63c0326cd61935db4bfd093ec650f764d533'}",c0:4e:30:31:42:9c,1.0,0,18,RANDOM,0.05,3,415.1419694690655,0.75,0,0.8333333333333334,415.1917500421405,416.21262510307133,417.0464591588825,18,18,E220-400T22D,0.0,0,no_protection_random_loss05_seed37_e220,18,37,80:65:99:a7:a8:a4,3,REAL_E220_WITH_APPLICATION_LAYER_INJECTION,2026-09-25T15:29:21.597733+00:00,NO_PROTECTION,663,c3c12e6d559c965a929e18e0c7341898c3b0fffd33e465240a3a1338a43f0685,"{'CRITICAL': 4, 'IMPORTANT': 6, 'NORMAL': 8}","{'CRITICAL': 3, 'IMPORTANT': 6, 'NORMAL': 6}"
221,17,1,17,3,229.66666666666666,0,0.75,0.25,468,1,17,0,13.67212887504138,uncommitted,"{'gateway': 'f6e10d90e8003100a8e76537dfef74e281fadffd7096e97d8c78bcdcff07863c', 'sensor': '43fc3d856a8674ab75587990c60c63c0326cd61935db4bfd093ec650f764d533'}",c0:4e:30:31:42:9c,1.0,0,18,RANDOM,0.05,1,415.1361739153371,1.0,0,0.9444444444444444,415.3642498422414,416.04387504048645,416.2512079346925,18,18,E220-400T22D,0.0,0,no_protection_random_loss05_seed41_e220,18,41,80:65:99:a7:a8:a4,1,REAL_E220_WITH_APPLICATION_LAYER_INJECTION,2026-09-25T15:29:36.202415+00:00,NO_PROTECTION,689,7b582d28d1a0d37c025a186dceed2ea57178c0bc0bad73992320ef8e933680f3,"{'CRITICAL': 4, 'IMPORTANT': 6, 'NORMAL': 8}","{'CRITICAL': 3, 'IMPORTANT': 6, 'NORMAL': 8}"
234,18,0,18,3,175.5,0,1.0,0.0,468,0,18,0,13.398580624954775,uncommitted,"{'gateway': 'f6e10d90e8003100a8e76537dfef74e281fadffd7096e97d8c78bcdcff07863c', 'sensor': '43fc3d856a8674ab75587990c60c63c0326cd61935db4bfd093ec650f764d533'}",c0:4e:30:31:42:9c,1.0,0,18,RANDOM,0.05,0,415.23135415951,1.0,0,1.0,415.56345811113715,416.4478750899434,416.61562491208315,18,18,E220-400T22D,0.0,0,no_protection_random_loss05_seed53_e220,18,53,80:65:99:a7:a8:a4,0,REAL_E220_WITH_APPLICATION_LAYER_INJECTION,2026-09-25T15:29:50.186811+00:00,NO_PROTECTION,702,b4022cc825edbde82bafbf00ac2ccda31c900699a36d29bc31fcbbf1459f4fde,"{'CRITICAL': 4, 'IMPORTANT': 6, 'NORMAL': 8}","{'CRITICAL': 4, 'IMPORTANT': 6, 'NORMAL': 8}"
234,18,1,18,3,175.5,0,1.0,0.0,468,0,18,0,13.397958792047575,uncommitted,"{'gateway': 'f6e10d90e8003100a8e76537dfef74e281fadffd7096e97d8c78bcdcff07863c', 'sensor': '43fc3d856a8674ab75587990c60c63c0326cd61935db4bfd093ec650f764d533'}",c0:4e:30:31:42:9c,1.0,0,18,RANDOM,0.05,0,415.10805322064294,1.0,0,1.0,415.18554207868874,415.48433410935104,415.6418750062585,18,18,E220-400T22D,0.0,0,no_protection_random_loss05_seed67_e220,18,67,80:65:99:a7:a8:a4,0,REAL_E220_WITH_APPLICATION_LAYER_INJECTION,2026-09-25T15:30:03.985493+00:00,NO_PROTECTION,702,2d48acff96e0326bf8076422f46d3122c6fcdb34e3dce0875aa0b6d0c25d8b09,"{'CRITICAL': 4, 'IMPORTANT': 6, 'NORMAL': 8}","{'CRITICAL': 4, 'IMPORTANT': 6, 'NORMAL': 8}"
208,16,1,16,3,225.33333333333334,0,0.75,0.25,468,2,16,0,13.972532708896324,uncommitted,"{'gateway': 'f6e10d90e8003100a8e76537dfef74e281fadffd7096e97d8c78bcdcff07863c', 'sensor': '43fc3d856a8674ab75587990c60c63c0326cd61935db4bfd093ec650f764d533'}",c0:4e:30:31:42:9c,0.8333333333333334,0,18,RANDOM,0.05,2,415.3515079524368,1.0,0,0.8888888888888888,415.32862512394786,416.307708946988,416.56295815482736,18,18,E220-400T22D,0.0,0,no_protection_random_loss05_seed71_e220,18,71,80:65:99:a7:a8:a4,2,REAL_E220_WITH_APPLICATION_LAYER_INJECTION,2026-09-25T15:30:17.796483+00:00,NO_PROTECTION,676,2d3c2f6899d93398a0323cbc3dd099cc658d87cb1a131f0dc77658cba16ea74d,"{'CRITICAL': 4, 'IMPORTANT': 6, 'NORMAL': 8}","{'CRITICAL': 3, 'IMPORTANT': 5, 'NORMAL': 8}"
208,16,2,16,3,338.0,0,0.5,0.5,468,2,16,0,13.98242420796305,uncommitted,"{'gateway': 'f6e10d90e8003100a8e76537dfef74e281fadffd7096e97d8c78bcdcff07863c', 'sensor': '43fc3d856a8674ab75587990c60c63c0326cd61935db4bfd093ec650f764d533'}",c0:4e:30:31:42:9c,1.0,0,18,RANDOM,0.05,2,415.43214065313805,1.0,0,0.8888888888888888,415.51204095594585,416.0925839096308,416.16016696207225,18,18,E220-400T22D,0.0,0,no_protection_random_loss05_seed83_e220,18,83,80:65:99:a7:a8:a4,2,REAL_E220_WITH_APPLICATION_LAYER_INJECTION,2026-09-25T15:30:32.091534+00:00,NO_PROTECTION,676,53ff4fba2d4224e6126faaa651a0a0f54f06874d7918a7df123504a07e18367d,"{'CRITICAL': 4, 'IMPORTANT': 6, 'NORMAL': 8}","{'CRITICAL': 2, 'IMPORTANT': 6, 'NORMAL': 8}"
208,16,0,16,3,225.33333333333334,0,0.75,0.25,468,1,16,0,13.977844042005017,uncommitted,"{'gateway': 'f6e10d90e8003100a8e76537dfef74e281fadffd7096e97d8c78bcdcff07863c', 'sensor': '43fc3d856a8674ab75587990c60c63c0326cd61935db4bfd093ec650f764d533'}",c0:4e:30:31:42:9c,1.0,0,18,RANDOM,0.05,2,415.4511094238842,0.875,0,0.8888888888888888,415.5879579484463,416.01545782759786,416.26137495040894,17,18,E220-400T22D,0.0,0,no_protection_random_loss05_seed97_e220,18,97,80:65:99:a7:a8:a4,2,REAL_E220_WITH_APPLICATION_LAYER_INJECTION,2026-09-25T15:30:46.394149+00:00,NO_PROTECTION,676,b3ae2fcb772c83e0a9d99c2203c581f55178fdfc1f99afeebdf75ce2103c44a4,"{'CRITICAL': 4, 'IMPORTANT': 6, 'NORMAL': 8}","{'CRITICAL': 3, 'IMPORTANT': 6, 'NORMAL': 7}"
195,15,0,15,3,221.0,0,0.75,0.25,468,2,15,0,14.275858249980956,uncommitted,"{'gateway': 'f6e10d90e8003100a8e76537dfef74e281fadffd7096e97d8c78bcdcff07863c', 'sensor': '43fc3d856a8674ab75587990c60c63c0326cd61935db4bfd093ec650f764d533'}",c0:4e:30:31:42:9c,1.0,0,18,RANDOM,0.05,3,415.3941416647285,0.75,0,0.8333333333333334,415.4151249676943,415.89466598816216,416.9850000180304,17,18,E220-400T22D,0.0,0,no_protection_random_loss05_seed101_e220,18,101,80:65:99:a7:a8:a4,2,REAL_E220_WITH_APPLICATION_LAYER_INJECTION,2026-09-25T15:31:00.670137+00:00,NO_PROTECTION,663,38ced8c438353a89e42a4016b370e21009c6fb5e0ea77e924824fea5eef3d7f1,"{'CRITICAL': 4, 'IMPORTANT': 6, 'NORMAL': 8}","{'CRITICAL': 3, 'IMPORTANT': 6, 'NORMAL': 6}"
221,17,1,17,3,172.25,0,1.0,0.0,468,1,17,0,13.676121666794643,uncommitted,"{'gateway': 'f6e10d90e8003100a8e76537dfef74e281fadffd7096e97d8c78bcdcff07863c', 'sensor': '43fc3d856a8674ab75587990c60c63c0326cd61935db4bfd093ec650f764d533'}",c0:4e:30:31:42:9c,1.0,0,18,BURST,0.05,1,415.24047789383025,0.875,0,0.9444444444444444,415.3885829728097,415.745957987383,415.82683310844004,18,18,E220-400T22D,0.0,0,no_protection_burst_burst3_loss05_seed11_e220,18,11,80:65:99:a7:a8:a4,0,REAL_E220_WITH_APPLICATION_LAYER_INJECTION,2026-09-25T15:31:15.278027+00:00,NO_PROTECTION,689,19558e2ff7c5eec6632fbb4262cf64002978275c397d79ef132275e7a234a1b0,"{'CRITICAL': 4, 'IMPORTANT': 6, 'NORMAL': 8}","{'CRITICAL': 4, 'IMPORTANT': 6, 'NORMAL': 7}"
208,16,1,16,3,169.0,0,1.0,0.0,468,1,16,0,13.964583499822766,uncommitted,"{'gateway': 'f6e10d90e8003100a8e76537dfef74e281fadffd7096e97d8c78bcdcff07863c', 'sensor': '43fc3d856a8674ab75587990c60c63c0326cd61935db4bfd093ec650f764d533'}",c0:4e:30:31:42:9c,0.6666666666666666,0,18,BURST,0.05,2,415.7324478874216,1.0,0,0.8888888888888888,415.49449996091425,416.14191699773073,421.2235410232097,17,18,E220-400T22D,0.0,0,no_protection_burst_burst3_loss05_seed23_e220,18,23,80:65:99:a7:a8:a4,2,REAL_E220_WITH_APPLICATION_LAYER_INJECTION,2026-09-25T15:31:29.338880+00:00,NO_PROTECTION,676,ba6e53695b846b6a760bc4863801fb8b228a9f15f3423399f8c1b92c23c0b90e,"{'CRITICAL': 4, 'IMPORTANT': 6, 'NORMAL': 8}","{'CRITICAL': 4, 'IMPORTANT': 4, 'NORMAL': 8}"
221,17,1,17,3,172.25,0,1.0,0.0,468,1,17,0,13.685978833818808,uncommitted,"{'gateway': 'f6e10d90e8003100a8e76537dfef74e281fadffd7096e97d8c78bcdcff07863c', 'sensor': '43fc3d856a8674ab75587990c60c63c0326cd61935db4bfd093ec650f764d533'}",c0:4e:30:31:42:9c,0.8333333333333334,0,18,BURST,0.05,1,415.32181378673107,1.0,0,0.9444444444444444,415.2780419681221,415.8760001882911,416.56370903365314,18,18,E220-400T22D,0.0,0,no_protection_burst_burst3_loss05_seed37_e220,18,37,80:65:99:a7:a8:a4,1,REAL_E220_WITH_APPLICATION_LAYER_INJECTION,2026-09-25T15:31:43.634981+00:00,NO_PROTECTION,689,c3c12e6d559c965a929e18e0c7341898c3b0fffd33e465240a3a1338a43f0685,"{'CRITICAL': 4, 'IMPORTANT': 6, 'NORMAL': 8}","{'CRITICAL': 4, 'IMPORTANT': 5, 'NORMAL': 8}"
208,16,1,16,3,169.0,0,1.0,0.0,468,1,16,0,13.981546875089407,uncommitted,"{'gateway': 'f6e10d90e8003100a8e76537dfef74e281fadffd7096e97d8c78bcdcff07863c', 'sensor': '43fc3d856a8674ab75587990c60c63c0326cd61935db4bfd093ec650f764d533'}",c0:4e:30:31:42:9c,0.6666666666666666,0,18,BURST,0.05,2,415.25892981735524,1.0,0,0.8888888888888888,415.4367090668529,416.0331671591848,417.612416902557,17,18,E220-400T22D,0.0,0,no_protection_burst_burst3_loss05_seed41_e220,18,41,80:65:99:a7:a8:a4,2,REAL_E220_WITH_APPLICATION_LAYER_INJECTION,2026-09-25T15:31:57.663812+00:00,NO_PROTECTION,676,7b582d28d1a0d37c025a186dceed2ea57178c0bc0bad73992320ef8e933680f3,"{'CRITICAL': 4, 'IMPORTANT': 6, 'NORMAL': 8}","{'CRITICAL': 4, 'IMPORTANT': 4, 'NORMAL': 8}"
221,17,1,17,3,172.25,0,1.0,0.0,468,1,17,0,13.696623625000939,uncommitted,"{'gateway': 'f6e10d90e8003100a8e76537dfef74e281fadffd7096e97d8c78bcdcff07863c', 'sensor': '43fc3d856a8674ab75587990c60c63c0326cd61935db4bfd093ec650f764d533'}",c0:4e:30:31:42:9c,0.8333333333333334,0,18,BURST,0.05,1,427.6109020061353,1.0,0,0.9444444444444444,415.62012513168156,417.5574581604451,625.3404999151826,18,18,E220-400T22D,0.0,0,no_protection_burst_burst3_loss05_seed53_e220,18,53,80:65:99:a7:a8:a4,1,REAL_E220_WITH_APPLICATION_LAYER_INJECTION,2026-09-25T15:32:11.962794+00:00,NO_PROTECTION,689,b4022cc825edbde82bafbf00ac2ccda31c900699a36d29bc31fcbbf1459f4fde,"{'CRITICAL': 4, 'IMPORTANT': 6, 'NORMAL': 8}","{'CRITICAL': 4, 'IMPORTANT': 5, 'NORMAL': 8}"
221,17,1,17,3,172.25,0,1.0,0.0,468,1,17,0,13.668320500059053,uncommitted,"{'gateway': 'f6e10d90e8003100a8e76537dfef74e281fadffd7096e97d8c78bcdcff07863c', 'sensor': '43fc3d856a8674ab75587990c60c63c0326cd61935db4bfd093ec650f764d533'}",c0:4e:30:31:42:9c,0.8333333333333334,0,18,BURST,0.05,1,423.1987230698852,1.0,0,0.9444444444444444,415.35770799964666,426.0007080156356,603.5761670209467,18,18,E220-400T22D,0.0,0,no_protection_burst_burst3_loss05_seed67_e220,18,67,80:65:99:a7:a8:a4,1,REAL_E220_WITH_APPLICATION_LAYER_INJECTION,2026-09-25T15:32:26.158114+00:00,NO_PROTECTION,689,2d48acff96e0326bf8076422f46d3122c6fcdb34e3dce0875aa0b6d0c25d8b09,"{'CRITICAL': 4, 'IMPORTANT': 6, 'NORMAL': 8}","{'CRITICAL': 4, 'IMPORTANT': 5, 'NORMAL': 8}"
221,17,1,17,3,172.25,0,1.0,0.0,468,1,17,0,13.67792920814827,uncommitted,"{'gateway': 'f6e10d90e8003100a8e76537dfef74e281fadffd7096e97d8c78bcdcff07863c', 'sensor': '43fc3d856a8674ab75587990c60c63c0326cd61935db4bfd093ec650f764d533'}",c0:4e:30:31:42:9c,0.8333333333333334,0,18,BURST,0.05,1,414.236965644009,1.0,0,0.9444444444444444,414.99512479640543,415.5021249316633,415.5604171101004,18,18,E220-400T22D,0.0,0,no_protection_burst_burst3_loss05_seed71_e220,18,71,80:65:99:a7:a8:a4,1,REAL_E220_WITH_APPLICATION_LAYER_INJECTION,2026-09-25T15:32:40.186023+00:00,NO_PROTECTION,689,2d3c2f6899d93398a0323cbc3dd099cc658d87cb1a131f0dc77658cba16ea74d,"{'CRITICAL': 4, 'IMPORTANT': 6, 'NORMAL': 8}","{'CRITICAL': 4, 'IMPORTANT': 5, 'NORMAL': 8}"
221,17,1,17,3,229.66666666666666,0,0.75,0.25,468,1,17,0,13.68468387494795,uncommitted,"{'gateway': 'f6e10d90e8003100a8e76537dfef74e281fadffd7096e97d8c78bcdcff07863c', 'sensor': '43fc3d856a8674ab75587990c60c63c0326cd61935db4bfd093ec650f764d533'}",c0:4e:30:31:42:9c,1.0,0,18,BURST,0.05,1,414.9349462103975,1.0,0,0.9444444444444444,415.070042014122,415.7671669963747,415.8625421114266,18,18,E220-400T22D,0.0,0,no_protection_burst_burst3_loss05_seed83_e220,18,83,80:65:99:a7:a8:a4,1,REAL_E220_WITH_APPLICATION_LAYER_INJECTION,2026-09-25T15:32:54.184711+00:00,NO_PROTECTION,689,53ff4fba2d4224e6126faaa651a0a0f54f06874d7918a7df123504a07e18367d,"{'CRITICAL': 4, 'IMPORTANT': 6, 'NORMAL': 8}","{'CRITICAL': 3, 'IMPORTANT': 6, 'NORMAL': 8}"
221,17,1,17,3,172.25,0,1.0,0.0,468,1,17,0,13.69603629107587,uncommitted,"{'gateway': 'f6e10d90e8003100a8e76537dfef74e281fadffd7096e97d8c78bcdcff07863c', 'sensor': '43fc3d856a8674ab75587990c60c63c0326cd61935db4bfd093ec650f764d533'}",c0:4e:30:31:42:9c,1.0,0,18,BURST,0.05,1,416.177073644255,0.875,0,0.9444444444444444,415.44079198502004,416.91425000317395,428.19883301854134,18,18,E220-400T22D,0.0,0,no_protection_burst_burst3_loss05_seed97_e220,18,97,80:65:99:a7:a8:a4,1,REAL_E220_WITH_APPLICATION_LAYER_INJECTION,2026-09-25T15:33:08.180299+00:00,NO_PROTECTION,689,b3ae2fcb772c83e0a9d99c2203c581f55178fdfc1f99afeebdf75ce2103c44a4,"{'CRITICAL': 4, 'IMPORTANT': 6, 'NORMAL': 8}","{'CRITICAL': 4, 'IMPORTANT': 6, 'NORMAL': 7}"
221,17,1,17,3,172.25,0,1.0,0.0,468,1,17,0,13.679146749898791,uncommitted,"{'gateway': 'f6e10d90e8003100a8e76537dfef74e281fadffd7096e97d8c78bcdcff07863c', 'sensor': '43fc3d856a8674ab75587990c60c63c0326cd61935db4bfd093ec650f764d533'}",c0:4e:30:31:42:9c,0.8333333333333334,0,18,BURST,0.05,1,415.2062106603647,1.0,0,0.9444444444444444,415.2784589678049,415.9371249843389,416.36554105207324,18,18,E220-400T22D,0.0,0,no_protection_burst_burst3_loss05_seed101_e220,18,101,80:65:99:a7:a8:a4,1,REAL_E220_WITH_APPLICATION_LAYER_INJECTION,2026-09-25T15:33:22.213723+00:00,NO_PROTECTION,689,38ced8c438353a89e42a4016b370e21009c6fb5e0ea77e924824fea5eef3d7f1,"{'CRITICAL': 4, 'IMPORTANT': 6, 'NORMAL': 8}","{'CRITICAL': 4, 'IMPORTANT': 5, 'NORMAL': 8}"
169,13,0,13,3,318.5,0,0.5,0.5,468,4,13,0,14.867076374823228,uncommitted,"{'gateway': 'f6e10d90e8003100a8e76537dfef74e281fadffd7096e97d8c78bcdcff07863c', 'sensor': '43fc3d856a8674ab75587990c60c63c0326cd61935db4bfd093ec650f764d533'}",c0:4e:30:31:42:9c,0.6666666666666666,0,18,RANDOM,0.1,5,409.9366794913434,0.875,0,0.7222222222222222,415.0797501206398,416.1836667917669,416.5959160309285,17,18,E220-400T22D,0.0,0,no_protection_random_loss10_seed11_e220,18,11,80:65:99:a7:a8:a4,4,REAL_E220_WITH_APPLICATION_LAYER_INJECTION,2026-09-25T15:33:36.361181+00:00,NO_PROTECTION,637,19558e2ff7c5eec6632fbb4262cf64002978275c397d79ef132275e7a234a1b0,"{'CRITICAL': 4, 'IMPORTANT': 6, 'NORMAL': 8}","{'CRITICAL': 2, 'IMPORTANT': 4, 'NORMAL': 7}"
234,18,1,18,3,175.5,0,1.0,0.0,468,0,18,0,13.397029083920643,uncommitted,"{'gateway': 'f6e10d90e8003100a8e76537dfef74e281fadffd7096e97d8c78bcdcff07863c', 'sensor': '43fc3d856a8674ab75587990c60c63c0326cd61935db4bfd093ec650f764d533'}",c0:4e:30:31:42:9c,1.0,0,18,RANDOM,0.1,0,415.29021996797786,1.0,0,1.0,415.2702910359949,417.2420420218259,418.2914160192013,18,18,E220-400T22D,0.0,0,no_protection_random_loss10_seed23_e220,18,23,80:65:99:a7:a8:a4,0,REAL_E220_WITH_APPLICATION_LAYER_INJECTION,2026-09-25T15:33:51.620225+00:00,NO_PROTECTION,702,ba6e53695b846b6a760bc4863801fb8b228a9f15f3423399f8c1b92c23c0b90e,"{'CRITICAL': 4, 'IMPORTANT': 6, 'NORMAL': 8}","{'CRITICAL': 4, 'IMPORTANT': 6, 'NORMAL': 8}"
143,11,1,11,3,305.5,0,0.5,0.5,468,4,11,0,15.460579792037606,uncommitted,"{'gateway': 'f6e10d90e8003100a8e76537dfef74e281fadffd7096e97d8c78bcdcff07863c', 'sensor': '43fc3d856a8674ab75587990c60c63c0326cd61935db4bfd093ec650f764d533'}",c0:4e:30:31:42:9c,0.6666666666666666,0,18,RANDOM,0.1,7,414.8550002031367,0.625,0,0.6111111111111112,414.9523749947548,415.9896250348538,415.9896250348538,15,18,E220-400T22D,0.0,0,no_protection_random_loss10_seed37_e220,18,37,80:65:99:a7:a8:a4,7,REAL_E220_WITH_APPLICATION_LAYER_INJECTION,2026-09-25T15:34:05.357724+00:00,NO_PROTECTION,611,c3c12e6d559c965a929e18e0c7341898c3b0fffd33e465240a3a1338a43f0685,"{'CRITICAL': 4, 'IMPORTANT': 6, 'NORMAL': 8}","{'CRITICAL': 2, 'IMPORTANT': 4, 'NORMAL': 5}"
221,17,2,17,3,229.66666666666666,0,0.75,0.25,468,1,17,0,13.703999083954841,uncommitted,"{'gateway': 'f6e10d90e8003100a8e76537dfef74e281fadffd7096e97d8c78bcdcff07863c', 'sensor': '43fc3d856a8674ab75587990c60c63c0326cd61935db4bfd093ec650f764d533'}",c0:4e:30:31:42:9c,1.0,0,18,RANDOM,0.1,1,412.4042794437093,1.0,0,0.9444444444444444,415.3894998598844,416.2424998357892,417.1035001054406,18,18,E220-400T22D,0.0,0,no_protection_random_loss10_seed41_e220,18,41,80:65:99:a7:a8:a4,1,REAL_E220_WITH_APPLICATION_LAYER_INJECTION,2026-09-25T15:34:21.155580+00:00,NO_PROTECTION,689,7b582d28d1a0d37c025a186dceed2ea57178c0bc0bad73992320ef8e933680f3,"{'CRITICAL': 4, 'IMPORTANT': 6, 'NORMAL': 8}","{'CRITICAL': 3, 'IMPORTANT': 6, 'NORMAL': 8}"
234,18,0,18,3,175.5,0,1.0,0.0,468,0,18,0,13.400580583140254,uncommitted,"{'gateway': 'f6e10d90e8003100a8e76537dfef74e281fadffd7096e97d8c78bcdcff07863c', 'sensor': '43fc3d856a8674ab75587990c60c63c0326cd61935db4bfd093ec650f764d533'}",c0:4e:30:31:42:9c,1.0,0,18,RANDOM,0.1,0,415.1322452817112,1.0,0,1.0,415.3187919873744,415.9652499947697,416.17237497121096,18,18,E220-400T22D,0.0,0,no_protection_random_loss10_seed53_e220,18,53,80:65:99:a7:a8:a4,0,REAL_E220_WITH_APPLICATION_LAYER_INJECTION,2026-09-25T15:34:35.156167+00:00,NO_PROTECTION,702,b4022cc825edbde82bafbf00ac2ccda31c900699a36d29bc31fcbbf1459f4fde,"{'CRITICAL': 4, 'IMPORTANT': 6, 'NORMAL': 8}","{'CRITICAL': 4, 'IMPORTANT': 6, 'NORMAL': 8}"
234,18,1,18,3,175.5,0,1.0,0.0,468,0,18,0,13.396565833128989,uncommitted,"{'gateway': 'f6e10d90e8003100a8e76537dfef74e281fadffd7096e97d8c78bcdcff07863c', 'sensor': '43fc3d856a8674ab75587990c60c63c0326cd61935db4bfd093ec650f764d533'}",c0:4e:30:31:42:9c,1.0,0,18,RANDOM,0.1,0,413.0187290461941,1.0,0,1.0,415.16516613774,419.975166907534,421.4387920219451,18,18,E220-400T22D,0.0,0,no_protection_random_loss10_seed67_e220,18,67,80:65:99:a7:a8:a4,0,REAL_E220_WITH_APPLICATION_LAYER_INJECTION,2026-09-25T15:34:48.876567+00:00,NO_PROTECTION,702,2d48acff96e0326bf8076422f46d3122c6fcdb34e3dce0875aa0b6d0c25d8b09,"{'CRITICAL': 4, 'IMPORTANT': 6, 'NORMAL': 8}","{'CRITICAL': 4, 'IMPORTANT': 6, 'NORMAL': 8}"
208,16,2,16,3,225.33333333333334,0,0.75,0.25,468,2,16,0,13.963183333165944,uncommitted,"{'gateway': 'f6e10d90e8003100a8e76537dfef74e281fadffd7096e97d8c78bcdcff07863c', 'sensor': '43fc3d856a8674ab75587990c60c63c0326cd61935db4bfd093ec650f764d533'}",c0:4e:30:31:42:9c,0.8333333333333334,0,18,RANDOM,0.1,2,413.9103490742855,1.0,0,0.8888888888888888,415.0679169688374,416.1127919796854,416.2480419036001,18,18,E220-400T22D,0.0,0,no_protection_random_loss10_seed71_e220,18,71,80:65:99:a7:a8:a4,2,REAL_E220_WITH_APPLICATION_LAYER_INJECTION,2026-09-25T15:35:02.693638+00:00,NO_PROTECTION,676,2d3c2f6899d93398a0323cbc3dd099cc658d87cb1a131f0dc77658cba16ea74d,"{'CRITICAL': 4, 'IMPORTANT': 6, 'NORMAL': 8}","{'CRITICAL': 3, 'IMPORTANT': 5, 'NORMAL': 8}"
208,16,3,16,3,338.0,0,0.5,0.5,468,2,16,0,13.977210874902084,uncommitted,"{'gateway': 'f6e10d90e8003100a8e76537dfef74e281fadffd7096e97d8c78bcdcff07863c', 'sensor': '43fc3d856a8674ab75587990c60c63c0326cd61935db4bfd093ec650f764d533'}",c0:4e:30:31:42:9c,1.0,0,18,RANDOM,0.1,2,415.08898948086426,1.0,0,0.8888888888888888,415.08962493389845,415.55158398114145,415.6544581055641,18,18,E220-400T22D,0.0,0,no_protection_random_loss10_seed83_e220,18,83,80:65:99:a7:a8:a4,2,REAL_E220_WITH_APPLICATION_LAYER_INJECTION,2026-09-25T15:35:16.983771+00:00,NO_PROTECTION,676,53ff4fba2d4224e6126faaa651a0a0f54f06874d7918a7df123504a07e18367d,"{'CRITICAL': 4, 'IMPORTANT': 6, 'NORMAL': 8}","{'CRITICAL': 2, 'IMPORTANT': 6, 'NORMAL': 8}"
208,16,3,16,3,225.33333333333334,0,0.75,0.25,468,1,16,0,13.984458833001554,uncommitted,"{'gateway': 'f6e10d90e8003100a8e76537dfef74e281fadffd7096e97d8c78bcdcff07863c', 'sensor': '43fc3d856a8674ab75587990c60c63c0326cd61935db4bfd093ec650f764d533'}",c0:4e:30:31:42:9c,1.0,0,18,RANDOM,0.1,2,415.38375249365345,0.875,0,0.8888888888888888,415.504083968699,416.04841593652964,416.1283748690039,17,18,E220-400T22D,0.0,0,no_protection_random_loss10_seed97_e220,18,97,80:65:99:a7:a8:a4,2,REAL_E220_WITH_APPLICATION_LAYER_INJECTION,2026-09-25T15:35:31.297062+00:00,NO_PROTECTION,676,b3ae2fcb772c83e0a9d99c2203c581f55178fdfc1f99afeebdf75ce2103c44a4,"{'CRITICAL': 4, 'IMPORTANT': 6, 'NORMAL': 8}","{'CRITICAL': 3, 'IMPORTANT': 6, 'NORMAL': 7}"
182,14,1,14,3,325.0,0,0.5,0.5,468,4,14,0,14.576645374996588,uncommitted,"{'gateway': 'f6e10d90e8003100a8e76537dfef74e281fadffd7096e97d8c78bcdcff07863c', 'sensor': '43fc3d856a8674ab75587990c60c63c0326cd61935db4bfd093ec650f764d533'}",c0:4e:30:31:42:9c,1.0,0,18,RANDOM,0.1,4,416.1749403990273,0.75,0,0.7777777777777778,415.39670899510384,416.80166707374156,430.1677499897778,18,18,E220-400T22D,0.0,0,no_protection_random_loss10_seed101_e220,18,101,80:65:99:a7:a8:a4,3,REAL_E220_WITH_APPLICATION_LAYER_INJECTION,2026-09-25T15:35:45.574012+00:00,NO_PROTECTION,650,38ced8c438353a89e42a4016b370e21009c6fb5e0ea77e924824fea5eef3d7f1,"{'CRITICAL': 4, 'IMPORTANT': 6, 'NORMAL': 8}","{'CRITICAL': 2, 'IMPORTANT': 6, 'NORMAL': 6}"
208,16,2,16,3,225.33333333333334,0,0.75,0.25,468,2,16,0,14.017896709032357,uncommitted,"{'gateway': 'f6e10d90e8003100a8e76537dfef74e281fadffd7096e97d8c78bcdcff07863c', 'sensor': '43fc3d856a8674ab75587990c60c63c0326cd61935db4bfd093ec650f764d533'}",c0:4e:30:31:42:9c,1.0,0,18,BURST,0.1,2,414.8798123787856,0.875,0,0.8888888888888888,415.0873750913888,415.743957972154,416.1720830015838,18,18,E220-400T22D,0.0,0,no_protection_burst_burst3_loss10_seed11_e220,18,11,80:65:99:a7:a8:a4,1,REAL_E220_WITH_APPLICATION_LAYER_INJECTION,2026-09-25T15:36:00.504251+00:00,NO_PROTECTION,676,19558e2ff7c5eec6632fbb4262cf64002978275c397d79ef132275e7a234a1b0,"{'CRITICAL': 4, 'IMPORTANT': 6, 'NORMAL': 8}","{'CRITICAL': 3, 'IMPORTANT': 6, 'NORMAL': 7}"
221,17,1,17,3,172.25,0,1.0,0.0,468,1,17,0,13.695392166031525,uncommitted,"{'gateway': 'f6e10d90e8003100a8e76537dfef74e281fadffd7096e97d8c78bcdcff07863c', 'sensor': '43fc3d856a8674ab75587990c60c63c0326cd61935db4bfd093ec650f764d533'}",c0:4e:30:31:42:9c,0.8333333333333334,0,18,BURST,0.1,1,414.5749558639877,1.0,0,0.9444444444444444,415.3772920835763,415.9109580796212,415.98600009456277,18,18,E220-400T22D,0.0,0,no_protection_burst_burst3_loss10_seed23_e220,18,23,80:65:99:a7:a8:a4,1,REAL_E220_WITH_APPLICATION_LAYER_INJECTION,2026-09-25T15:36:14.857246+00:00,NO_PROTECTION,689,ba6e53695b846b6a760bc4863801fb8b228a9f15f3423399f8c1b92c23c0b90e,"{'CRITICAL': 4, 'IMPORTANT': 6, 'NORMAL': 8}","{'CRITICAL': 4, 'IMPORTANT': 5, 'NORMAL': 8}"
208,16,1,16,3,169.0,0,1.0,0.0,468,2,16,0,13.978757249889895,uncommitted,"{'gateway': 'f6e10d90e8003100a8e76537dfef74e281fadffd7096e97d8c78bcdcff07863c', 'sensor': '43fc3d856a8674ab75587990c60c63c0326cd61935db4bfd093ec650f764d533'}",c0:4e:30:31:42:9c,0.6666666666666666,0,18,BURST,0.1,2,415.63735430827364,1.0,0,0.8888888888888888,415.1246252004057,415.8868337981403,430.34591688774526,18,18,E220-400T22D,0.0,0,no_protection_burst_burst3_loss10_seed37_e220,18,37,80:65:99:a7:a8:a4,2,REAL_E220_WITH_APPLICATION_LAYER_INJECTION,2026-09-25T15:36:28.875746+00:00,NO_PROTECTION,676,c3c12e6d559c965a929e18e0c7341898c3b0fffd33e465240a3a1338a43f0685,"{'CRITICAL': 4, 'IMPORTANT': 6, 'NORMAL': 8}","{'CRITICAL': 4, 'IMPORTANT': 4, 'NORMAL': 8}"
221,17,2,17,3,172.25,0,1.0,0.0,468,1,17,0,13.691102875163779,uncommitted,"{'gateway': 'f6e10d90e8003100a8e76537dfef74e281fadffd7096e97d8c78bcdcff07863c', 'sensor': '43fc3d856a8674ab75587990c60c63c0326cd61935db4bfd093ec650f764d533'}",c0:4e:30:31:42:9c,0.8333333333333334,0,18,BURST,0.1,1,415.27632358210053,1.0,0,0.9444444444444444,415.4104171320796,415.74824997223914,416.82545794174075,18,18,E220-400T22D,0.0,0,no_protection_burst_burst3_loss10_seed41_e220,18,41,80:65:99:a7:a8:a4,1,REAL_E220_WITH_APPLICATION_LAYER_INJECTION,2026-09-25T15:36:43.224163+00:00,NO_PROTECTION,689,7b582d28d1a0d37c025a186dceed2ea57178c0bc0bad73992320ef8e933680f3,"{'CRITICAL': 4, 'IMPORTANT': 6, 'NORMAL': 8}","{'CRITICAL': 4, 'IMPORTANT': 5, 'NORMAL': 8}"
195,15,1,15,3,165.75,0,1.0,0.0,468,2,15,0,14.283178916899487,uncommitted,"{'gateway': 'f6e10d90e8003100a8e76537dfef74e281fadffd7096e97d8c78bcdcff07863c', 'sensor': '43fc3d856a8674ab75587990c60c63c0326cd61935db4bfd093ec650f764d533'}",c0:4e:30:31:42:9c,0.6666666666666666,0,18,BURST,0.1,3,414.95715271060664,0.875,0,0.8333333333333334,414.9123339448124,416.08279198408127,418.0097500793636,17,18,E220-400T22D,0.0,0,no_protection_burst_burst3_loss10_seed53_e220,18,53,80:65:99:a7:a8:a4,3,REAL_E220_WITH_APPLICATION_LAYER_INJECTION,2026-09-25T15:36:57.211270+00:00,NO_PROTECTION,663,b4022cc825edbde82bafbf00ac2ccda31c900699a36d29bc31fcbbf1459f4fde,"{'CRITICAL': 4, 'IMPORTANT': 6, 'NORMAL': 8}","{'CRITICAL': 4, 'IMPORTANT': 4, 'NORMAL': 7}"
195,15,1,15,3,221.0,0,0.75,0.25,468,2,15,0,14.274822084000334,uncommitted,"{'gateway': 'f6e10d90e8003100a8e76537dfef74e281fadffd7096e97d8c78bcdcff07863c', 'sensor': '43fc3d856a8674ab75587990c60c63c0326cd61935db4bfd093ec650f764d533'}",c0:4e:30:31:42:9c,0.6666666666666666,0,18,BURST,0.1,3,415.1659666094929,1.0,0,0.8333333333333334,415.096125099808,416.5665409527719,418.430290883407,17,18,E220-400T22D,0.0,0,no_protection_burst_burst3_loss10_seed67_e220,18,67,80:65:99:a7:a8:a4,3,REAL_E220_WITH_APPLICATION_LAYER_INJECTION,2026-09-25T15:37:11.794688+00:00,NO_PROTECTION,663,2d48acff96e0326bf8076422f46d3122c6fcdb34e3dce0875aa0b6d0c25d8b09,"{'CRITICAL': 4, 'IMPORTANT': 6, 'NORMAL': 8}","{'CRITICAL': 3, 'IMPORTANT': 4, 'NORMAL': 8}"
208,16,1,16,3,169.0,0,1.0,0.0,468,2,16,0,13.977998292073607,uncommitted,"{'gateway': 'f6e10d90e8003100a8e76537dfef74e281fadffd7096e97d8c78bcdcff07863c', 'sensor': '43fc3d856a8674ab75587990c60c63c0326cd61935db4bfd093ec650f764d533'}",c0:4e:30:31:42:9c,0.8333333333333334,0,18,BURST,0.1,2,415.1772498880746,0.875,0,0.8888888888888888,415.3204159811139,415.9651668742299,416.37770808301866,18,18,E220-400T22D,0.0,0,no_protection_burst_burst3_loss10_seed71_e220,18,71,80:65:99:a7:a8:a4,1,REAL_E220_WITH_APPLICATION_LAYER_INJECTION,2026-09-25T15:37:26.403002+00:00,NO_PROTECTION,676,2d3c2f6899d93398a0323cbc3dd099cc658d87cb1a131f0dc77658cba16ea74d,"{'CRITICAL': 4, 'IMPORTANT': 6, 'NORMAL': 8}","{'CRITICAL': 4, 'IMPORTANT': 5, 'NORMAL': 7}"
221,17,1,17,3,229.66666666666666,0,0.75,0.25,468,1,17,0,13.693559749983251,uncommitted,"{'gateway': 'f6e10d90e8003100a8e76537dfef74e281fadffd7096e97d8c78bcdcff07863c', 'sensor': '43fc3d856a8674ab75587990c60c63c0326cd61935db4bfd093ec650f764d533'}",c0:4e:30:31:42:9c,1.0,0,18,BURST,0.1,1,415.8291055903058,1.0,0,0.9444444444444444,415.12658284045756,423.0191670358181,423.9107088651508,18,18,E220-400T22D,0.0,0,no_protection_burst_burst3_loss10_seed83_e220,18,83,80:65:99:a7:a8:a4,1,REAL_E220_WITH_APPLICATION_LAYER_INJECTION,2026-09-25T15:37:40.710004+00:00,NO_PROTECTION,689,53ff4fba2d4224e6126faaa651a0a0f54f06874d7918a7df123504a07e18367d,"{'CRITICAL': 4, 'IMPORTANT': 6, 'NORMAL': 8}","{'CRITICAL': 3, 'IMPORTANT': 6, 'NORMAL': 8}"
208,16,1,16,3,169.0,0,1.0,0.0,468,2,16,0,13.988896875176579,uncommitted,"{'gateway': 'f6e10d90e8003100a8e76537dfef74e281fadffd7096e97d8c78bcdcff07863c', 'sensor': '43fc3d856a8674ab75587990c60c63c0326cd61935db4bfd093ec650f764d533'}",c0:4e:30:31:42:9c,0.8333333333333334,0,18,BURST,0.1,2,415.11655737122055,0.875,0,0.8888888888888888,415.4425000306219,416.01675003767014,416.34737490676343,18,18,E220-400T22D,0.0,0,no_protection_burst_burst3_loss10_seed97_e220,18,97,80:65:99:a7:a8:a4,2,REAL_E220_WITH_APPLICATION_LAYER_INJECTION,2026-09-25T15:37:54.738258+00:00,NO_PROTECTION,676,b3ae2fcb772c83e0a9d99c2203c581f55178fdfc1f99afeebdf75ce2103c44a4,"{'CRITICAL': 4, 'IMPORTANT': 6, 'NORMAL': 8}","{'CRITICAL': 4, 'IMPORTANT': 5, 'NORMAL': 7}"
208,16,0,16,3,169.0,0,1.0,0.0,468,2,16,0,13.972019958076999,uncommitted,"{'gateway': 'f6e10d90e8003100a8e76537dfef74e281fadffd7096e97d8c78bcdcff07863c', 'sensor': '43fc3d856a8674ab75587990c60c63c0326cd61935db4bfd093ec650f764d533'}",c0:4e:30:31:42:9c,0.8333333333333334,0,18,BURST,0.1,2,414.6382709732279,0.875,0,0.8888888888888888,414.9294171947986,415.66654201596975,415.9039999358356,18,18,E220-400T22D,0.0,0,no_protection_burst_burst3_loss10_seed101_e220,18,101,80:65:99:a7:a8:a4,2,REAL_E220_WITH_APPLICATION_LAYER_INJECTION,2026-09-25T15:38:09.063097+00:00,NO_PROTECTION,676,38ced8c438353a89e42a4016b370e21009c6fb5e0ea77e924824fea5eef3d7f1,"{'CRITICAL': 4, 'IMPORTANT': 6, 'NORMAL': 8}","{'CRITICAL': 4, 'IMPORTANT': 5, 'NORMAL': 7}"
156,12,3,12,3,312.0,0,0.5,0.5,468,5,12,0,15.153063083998859,uncommitted,"{'gateway': 'f6e10d90e8003100a8e76537dfef74e281fadffd7096e97d8c78bcdcff07863c', 'sensor': '43fc3d856a8674ab75587990c60c63c0326cd61935db4bfd093ec650f764d533'}",c0:4e:30:31:42:9c,0.6666666666666666,0,18,RANDOM,0.2,6,415.0394652582084,0.75,0,0.6666666666666666,415.23895785212517,415.72283301502466,415.7478339038789,17,18,E220-400T22D,0.0,0,no_protection_random_loss20_seed11_e220,18,11,80:65:99:a7:a8:a4,5,REAL_E220_WITH_APPLICATION_LAYER_INJECTION,2026-09-25T15:38:23.378189+00:00,NO_PROTECTION,624,19558e2ff7c5eec6632fbb4262cf64002978275c397d79ef132275e7a234a1b0,"{'CRITICAL': 4, 'IMPORTANT': 6, 'NORMAL': 8}","{'CRITICAL': 2, 'IMPORTANT': 4, 'NORMAL': 6}"
182,14,2,14,3,162.5,0,1.0,0.0,468,3,14,0,14.586432582931593,uncommitted,"{'gateway': 'f6e10d90e8003100a8e76537dfef74e281fadffd7096e97d8c78bcdcff07863c', 'sensor': '43fc3d856a8674ab75587990c60c63c0326cd61935db4bfd093ec650f764d533'}",c0:4e:30:31:42:9c,0.5,0,18,RANDOM,0.2,4,414.78344942775686,0.875,0,0.7777777777777778,415.12562497518957,415.5804170295596,415.8202498219907,17,18,E220-400T22D,0.0,0,no_protection_random_loss20_seed23_e220,18,23,80:65:99:a7:a8:a4,4,REAL_E220_WITH_APPLICATION_LAYER_INJECTION,2026-09-25T15:38:38.871860+00:00,NO_PROTECTION,650,ba6e53695b846b6a760bc4863801fb8b228a9f15f3423399f8c1b92c23c0b90e,"{'CRITICAL': 4, 'IMPORTANT': 6, 'NORMAL': 8}","{'CRITICAL': 4, 'IMPORTANT': 3, 'NORMAL': 7}"
117,9,2,9,3,585.0,0,0.25,0.75,468,5,9,0,16.038695791969076,uncommitted,"{'gateway': 'f6e10d90e8003100a8e76537dfef74e281fadffd7096e97d8c78bcdcff07863c', 'sensor': '43fc3d856a8674ab75587990c60c63c0326cd61935db4bfd093ec650f764d533'}",c0:4e:30:31:42:9c,0.6666666666666666,0,18,RANDOM,0.2,9,415.05067591141494,0.5,0,0.5,415.2055000886321,415.9552080091089,415.9552080091089,14,18,E220-400T22D,0.0,0,no_protection_random_loss20_seed37_e220,18,37,80:65:99:a7:a8:a4,9,REAL_E220_WITH_APPLICATION_LAYER_INJECTION,2026-09-25T15:38:54.024362+00:00,NO_PROTECTION,585,c3c12e6d559c965a929e18e0c7341898c3b0fffd33e465240a3a1338a43f0685,"{'CRITICAL': 4, 'IMPORTANT': 6, 'NORMAL': 8}","{'CRITICAL': 1, 'IMPORTANT': 4, 'NORMAL': 4}"
156,12,5,12,3,624.0,0,0.25,0.75,468,4,12,0,15.160285874968395,uncommitted,"{'gateway': 'f6e10d90e8003100a8e76537dfef74e281fadffd7096e97d8c78bcdcff07863c', 'sensor': '43fc3d856a8674ab75587990c60c63c0326cd61935db4bfd093ec650f764d533'}",c0:4e:30:31:42:9c,0.6666666666666666,0,18,RANDOM,0.2,6,415.3234829233649,0.875,0,0.6666666666666666,415.5133340973407,415.926625020802,416.153582977131,16,18,E220-400T22D,0.0,0,no_protection_random_loss20_seed41_e220,18,41,80:65:99:a7:a8:a4,6,REAL_E220_WITH_APPLICATION_LAYER_INJECTION,2026-09-25T15:39:10.461246+00:00,NO_PROTECTION,624,7b582d28d1a0d37c025a186dceed2ea57178c0bc0bad73992320ef8e933680f3,"{'CRITICAL': 4, 'IMPORTANT': 6, 'NORMAL': 8}","{'CRITICAL': 1, 'IMPORTANT': 4, 'NORMAL': 7}"
208,16,1,16,3,169.0,0,1.0,0.0,468,1,16,0,13.97849829099141,uncommitted,"{'gateway': 'f6e10d90e8003100a8e76537dfef74e281fadffd7096e97d8c78bcdcff07863c', 'sensor': '43fc3d856a8674ab75587990c60c63c0326cd61935db4bfd093ec650f764d533'}",c0:4e:30:31:42:9c,1.0,0,18,RANDOM,0.2,2,414.991960831685,0.75,0,0.8888888888888888,415.14141601510346,415.74524994939566,415.8873329870403,17,18,E220-400T22D,0.0,0,no_protection_random_loss20_seed53_e220,18,53,80:65:99:a7:a8:a4,0,REAL_E220_WITH_APPLICATION_LAYER_INJECTION,2026-09-25T15:39:25.978237+00:00,NO_PROTECTION,676,b4022cc825edbde82bafbf00ac2ccda31c900699a36d29bc31fcbbf1459f4fde,"{'CRITICAL': 4, 'IMPORTANT': 6, 'NORMAL': 8}","{'CRITICAL': 4, 'IMPORTANT': 6, 'NORMAL': 6}"
208,16,1,16,3,338.0,0,0.5,0.5,468,1,16,0,13.980459125014022,uncommitted,"{'gateway': 'f6e10d90e8003100a8e76537dfef74e281fadffd7096e97d8c78bcdcff07863c', 'sensor': '43fc3d856a8674ab75587990c60c63c0326cd61935db4bfd093ec650f764d533'}",c0:4e:30:31:42:9c,1.0,0,18,RANDOM,0.2,2,415.1006431784481,1.0,0,0.8888888888888888,415.13608302921057,415.71220802143216,416.1627918947488,17,18,E220-400T22D,0.0,0,no_protection_random_loss20_seed67_e220,18,67,80:65:99:a7:a8:a4,2,REAL_E220_WITH_APPLICATION_LAYER_INJECTION,2026-09-25T15:39:40.280481+00:00,NO_PROTECTION,676,2d48acff96e0326bf8076422f46d3122c6fcdb34e3dce0875aa0b6d0c25d8b09,"{'CRITICAL': 4, 'IMPORTANT': 6, 'NORMAL': 8}","{'CRITICAL': 2, 'IMPORTANT': 6, 'NORMAL': 8}"
169,13,2,13,3,318.5,0,0.5,0.5,468,4,13,0,14.85757758305408,uncommitted,"{'gateway': 'f6e10d90e8003100a8e76537dfef74e281fadffd7096e97d8c78bcdcff07863c', 'sensor': '43fc3d856a8674ab75587990c60c63c0326cd61935db4bfd093ec650f764d533'}",c0:4e:30:31:42:9c,0.6666666666666666,0,18,RANDOM,0.2,5,415.10730437361275,0.875,0,0.7222222222222222,415.1002918370068,415.98504199646413,416.130208177492,17,18,E220-400T22D,0.0,0,no_protection_random_loss20_seed71_e220,18,71,80:65:99:a7:a8:a4,5,REAL_E220_WITH_APPLICATION_LAYER_INJECTION,2026-09-25T15:39:54.637943+00:00,NO_PROTECTION,637,2d3c2f6899d93398a0323cbc3dd099cc658d87cb1a131f0dc77658cba16ea74d,"{'CRITICAL': 4, 'IMPORTANT': 6, 'NORMAL': 8}","{'CRITICAL': 2, 'IMPORTANT': 4, 'NORMAL': 7}"
208,16,6,16,3,338.0,0,0.5,0.5,468,2,16,0,13.97974608419463,uncommitted,"{'gateway': 'f6e10d90e8003100a8e76537dfef74e281fadffd7096e97d8c78bcdcff07863c', 'sensor': '43fc3d856a8674ab75587990c60c63c0326cd61935db4bfd093ec650f764d533'}",c0:4e:30:31:42:9c,1.0,0,18,RANDOM,0.2,2,415.0311328849057,1.0,0,0.8888888888888888,415.1230421848595,416.05729097500443,418.22079196572304,18,18,E220-400T22D,0.0,0,no_protection_random_loss20_seed83_e220,18,83,80:65:99:a7:a8:a4,2,REAL_E220_WITH_APPLICATION_LAYER_INJECTION,2026-09-25T15:40:09.840051+00:00,NO_PROTECTION,676,53ff4fba2d4224e6126faaa651a0a0f54f06874d7918a7df123504a07e18367d,"{'CRITICAL': 4, 'IMPORTANT': 6, 'NORMAL': 8}","{'CRITICAL': 2, 'IMPORTANT': 6, 'NORMAL': 8}"
169,13,3,13,3,637.0,0,0.25,0.75,468,3,13,0,14.853501625126228,uncommitted,"{'gateway': 'f6e10d90e8003100a8e76537dfef74e281fadffd7096e97d8c78bcdcff07863c', 'sensor': '43fc3d856a8674ab75587990c60c63c0326cd61935db4bfd093ec650f764d533'}",c0:4e:30:31:42:9c,1.0,0,18,RANDOM,0.2,5,415.2815800625831,0.75,0,0.7222222222222222,415.4382909182459,415.78870895318687,415.94737488776445,16,18,E220-400T22D,0.0,0,no_protection_random_loss20_seed97_e220,18,97,80:65:99:a7:a8:a4,5,REAL_E220_WITH_APPLICATION_LAYER_INJECTION,2026-09-25T15:40:24.222430+00:00,NO_PROTECTION,637,b3ae2fcb772c83e0a9d99c2203c581f55178fdfc1f99afeebdf75ce2103c44a4,"{'CRITICAL': 4, 'IMPORTANT': 6, 'NORMAL': 8}","{'CRITICAL': 1, 'IMPORTANT': 6, 'NORMAL': 6}"
130,10,1,10,3,299.0,0,0.5,0.5,468,6,10,0,15.757742665940896,uncommitted,"{'gateway': 'f6e10d90e8003100a8e76537dfef74e281fadffd7096e97d8c78bcdcff07863c', 'sensor': '43fc3d856a8674ab75587990c60c63c0326cd61935db4bfd093ec650f764d533'}",c0:4e:30:31:42:9c,0.6666666666666666,0,18,RANDOM,0.2,8,414.7131082136184,0.5,0,0.5555555555555556,415.0435409974307,415.74691608548164,415.74691608548164,16,18,E220-400T22D,0.0,0,no_protection_random_loss20_seed101_e220,18,101,80:65:99:a7:a8:a4,6,REAL_E220_WITH_APPLICATION_LAYER_INJECTION,2026-09-25T15:40:39.393690+00:00,NO_PROTECTION,598,38ced8c438353a89e42a4016b370e21009c6fb5e0ea77e924824fea5eef3d7f1,"{'CRITICAL': 4, 'IMPORTANT': 6, 'NORMAL': 8}","{'CRITICAL': 2, 'IMPORTANT': 4, 'NORMAL': 4}"
182,14,2,14,3,216.66666666666666,0,0.75,0.25,468,3,14,0,14.579227457987145,uncommitted,"{'gateway': 'f6e10d90e8003100a8e76537dfef74e281fadffd7096e97d8c78bcdcff07863c', 'sensor': '43fc3d856a8674ab75587990c60c63c0326cd61935db4bfd093ec650f764d533'}",c0:4e:30:31:42:9c,0.6666666666666666,0,18,BURST,0.2,4,414.822238081667,0.875,0,0.7777777777777778,414.957458851859,415.75804189778864,415.7965830527246,17,18,E220-400T22D,0.0,0,no_protection_burst_burst3_loss20_seed11_e220,18,11,80:65:99:a7:a8:a4,3,REAL_E220_WITH_APPLICATION_LAYER_INJECTION,2026-09-25T15:40:55.465803+00:00,NO_PROTECTION,650,19558e2ff7c5eec6632fbb4262cf64002978275c397d79ef132275e7a234a1b0,"{'CRITICAL': 4, 'IMPORTANT': 6, 'NORMAL': 8}","{'CRITICAL': 3, 'IMPORTANT': 4, 'NORMAL': 7}"
182,14,3,14,3,216.66666666666666,0,0.75,0.25,468,4,14,0,14.567278166068718,uncommitted,"{'gateway': 'f6e10d90e8003100a8e76537dfef74e281fadffd7096e97d8c78bcdcff07863c', 'sensor': '43fc3d856a8674ab75587990c60c63c0326cd61935db4bfd093ec650f764d533'}",c0:4e:30:31:42:9c,0.6666666666666666,0,18,BURST,0.2,4,415.16407161751494,0.875,0,0.7777777777777778,415.03979195840657,415.6404167879373,416.1127090919763,18,18,E220-400T22D,0.0,0,no_protection_burst_burst3_loss20_seed23_e220,18,23,80:65:99:a7:a8:a4,3,REAL_E220_WITH_APPLICATION_LAYER_INJECTION,2026-09-25T15:41:10.367679+00:00,NO_PROTECTION,650,ba6e53695b846b6a760bc4863801fb8b228a9f15f3423399f8c1b92c23c0b90e,"{'CRITICAL': 4, 'IMPORTANT': 6, 'NORMAL': 8}","{'CRITICAL': 3, 'IMPORTANT': 4, 'NORMAL': 7}"
169,13,2,13,3,212.33333333333334,0,0.75,0.25,468,4,13,0,14.865642041899264,uncommitted,"{'gateway': 'f6e10d90e8003100a8e76537dfef74e281fadffd7096e97d8c78bcdcff07863c', 'sensor': '43fc3d856a8674ab75587990c60c63c0326cd61935db4bfd093ec650f764d533'}",c0:4e:30:31:42:9c,0.5,0,18,BURST,0.2,5,415.19702868894313,0.875,0,0.7222222222222222,415.27925012633204,415.9482920076698,416.0314998589456,17,18,E220-400T22D,0.0,0,no_protection_burst_burst3_loss20_seed37_e220,18,37,80:65:99:a7:a8:a4,5,REAL_E220_WITH_APPLICATION_LAYER_INJECTION,2026-09-25T15:41:25.326091+00:00,NO_PROTECTION,637,c3c12e6d559c965a929e18e0c7341898c3b0fffd33e465240a3a1338a43f0685,"{'CRITICAL': 4, 'IMPORTANT': 6, 'NORMAL': 8}","{'CRITICAL': 3, 'IMPORTANT': 3, 'NORMAL': 7}"
182,14,4,14,3,162.5,0,1.0,0.0,468,2,14,0,14.573431874858215,uncommitted,"{'gateway': 'f6e10d90e8003100a8e76537dfef74e281fadffd7096e97d8c78bcdcff07863c', 'sensor': '43fc3d856a8674ab75587990c60c63c0326cd61935db4bfd093ec650f764d533'}",c0:4e:30:31:42:9c,0.3333333333333333,0,18,BURST,0.2,4,415.38735417582626,1.0,0,0.7777777777777778,415.4422499705106,415.97924986854196,416.2705421913415,16,18,E220-400T22D,0.0,0,no_protection_burst_burst3_loss20_seed41_e220,18,41,80:65:99:a7:a8:a4,4,REAL_E220_WITH_APPLICATION_LAYER_INJECTION,2026-09-25T15:41:40.502981+00:00,NO_PROTECTION,650,7b582d28d1a0d37c025a186dceed2ea57178c0bc0bad73992320ef8e933680f3,"{'CRITICAL': 4, 'IMPORTANT': 6, 'NORMAL': 8}","{'CRITICAL': 4, 'IMPORTANT': 2, 'NORMAL': 8}"
169,13,4,13,3,212.33333333333334,0,0.75,0.25,468,4,13,0,14.84120550006628,uncommitted,"{'gateway': 'f6e10d90e8003100a8e76537dfef74e281fadffd7096e97d8c78bcdcff07863c', 'sensor': '43fc3d856a8674ab75587990c60c63c0326cd61935db4bfd093ec650f764d533'}",c0:4e:30:31:42:9c,0.6666666666666666,0,18,BURST,0.2,5,415.0293108720619,0.75,0,0.7222222222222222,415.23479181341827,415.6822089571506,415.9303749911487,17,18,E220-400T22D,0.0,0,no_protection_burst_burst3_loss20_seed53_e220,18,53,80:65:99:a7:a8:a4,4,REAL_E220_WITH_APPLICATION_LAYER_INJECTION,2026-09-25T15:41:55.597594+00:00,NO_PROTECTION,637,b4022cc825edbde82bafbf00ac2ccda31c900699a36d29bc31fcbbf1459f4fde,"{'CRITICAL': 4, 'IMPORTANT': 6, 'NORMAL': 8}","{'CRITICAL': 3, 'IMPORTANT': 4, 'NORMAL': 6}"
182,14,3,14,3,162.5,0,1.0,0.0,468,2,14,0,14.561961666215211,uncommitted,"{'gateway': 'f6e10d90e8003100a8e76537dfef74e281fadffd7096e97d8c78bcdcff07863c', 'sensor': '43fc3d856a8674ab75587990c60c63c0326cd61935db4bfd093ec650f764d533'}",c0:4e:30:31:42:9c,0.6666666666666666,0,18,BURST,0.2,4,415.19586909894963,0.75,0,0.7777777777777778,415.05816602148116,415.5849579256028,415.7797920051962,16,18,E220-400T22D,0.0,0,no_protection_burst_burst3_loss20_seed67_e220,18,67,80:65:99:a7:a8:a4,4,REAL_E220_WITH_APPLICATION_LAYER_INJECTION,2026-09-25T15:42:10.855659+00:00,NO_PROTECTION,650,2d48acff96e0326bf8076422f46d3122c6fcdb34e3dce0875aa0b6d0c25d8b09,"{'CRITICAL': 4, 'IMPORTANT': 6, 'NORMAL': 8}","{'CRITICAL': 4, 'IMPORTANT': 4, 'NORMAL': 6}"
182,14,2,14,3,162.5,0,1.0,0.0,468,3,14,0,14.571102582849562,uncommitted,"{'gateway': 'f6e10d90e8003100a8e76537dfef74e281fadffd7096e97d8c78bcdcff07863c', 'sensor': '43fc3d856a8674ab75587990c60c63c0326cd61935db4bfd093ec650f764d533'}",c0:4e:30:31:42:9c,0.6666666666666666,0,18,BURST,0.2,4,414.9841341422871,0.75,0,0.7777777777777778,415.14024999924004,415.43000005185604,415.9707920625806,17,18,E220-400T22D,0.0,0,no_protection_burst_burst3_loss20_seed71_e220,18,71,80:65:99:a7:a8:a4,3,REAL_E220_WITH_APPLICATION_LAYER_INJECTION,2026-09-25T15:42:25.789028+00:00,NO_PROTECTION,650,2d3c2f6899d93398a0323cbc3dd099cc658d87cb1a131f0dc77658cba16ea74d,"{'CRITICAL': 4, 'IMPORTANT': 6, 'NORMAL': 8}","{'CRITICAL': 4, 'IMPORTANT': 4, 'NORMAL': 6}"
156,12,3,12,3,312.0,0,0.5,0.5,468,3,12,0,15.160027167061344,uncommitted,"{'gateway': 'f6e10d90e8003100a8e76537dfef74e281fadffd7096e97d8c78bcdcff07863c', 'sensor': '43fc3d856a8674ab75587990c60c63c0326cd61935db4bfd093ec650f764d533'}",c0:4e:30:31:42:9c,0.5,0,18,BURST,0.2,6,415.4286319972016,0.875,0,0.6666666666666666,415.15204100869596,415.723874932155,423.2984581030905,15,18,E220-400T22D,0.0,0,no_protection_burst_burst3_loss20_seed83_e220,18,83,80:65:99:a7:a8:a4,6,REAL_E220_WITH_APPLICATION_LAYER_INJECTION,2026-09-25T15:42:40.673585+00:00,NO_PROTECTION,624,53ff4fba2d4224e6126faaa651a0a0f54f06874d7918a7df123504a07e18367d,"{'CRITICAL': 4, 'IMPORTANT': 6, 'NORMAL': 8}","{'CRITICAL': 2, 'IMPORTANT': 3, 'NORMAL': 7}"
156,12,3,12,3,208.0,0,0.75,0.25,468,4,12,0,15.150742165977135,uncommitted,"{'gateway': 'f6e10d90e8003100a8e76537dfef74e281fadffd7096e97d8c78bcdcff07863c', 'sensor': '43fc3d856a8674ab75587990c60c63c0326cd61935db4bfd093ec650f764d533'}",c0:4e:30:31:42:9c,0.5,0,18,BURST,0.2,6,415.2269619128977,0.75,0,0.6666666666666666,415.24691600352526,415.67308316007257,415.90008395724,16,18,E220-400T22D,0.0,0,no_protection_burst_burst3_loss20_seed97_e220,18,97,80:65:99:a7:a8:a4,5,REAL_E220_WITH_APPLICATION_LAYER_INJECTION,2026-09-25T15:42:56.157343+00:00,NO_PROTECTION,624,b3ae2fcb772c83e0a9d99c2203c581f55178fdfc1f99afeebdf75ce2103c44a4,"{'CRITICAL': 4, 'IMPORTANT': 6, 'NORMAL': 8}","{'CRITICAL': 3, 'IMPORTANT': 3, 'NORMAL': 6}"
169,13,3,13,3,318.5,0,0.5,0.5,468,4,13,0,14.859392791055143,uncommitted,"{'gateway': 'f6e10d90e8003100a8e76537dfef74e281fadffd7096e97d8c78bcdcff07863c', 'sensor': '43fc3d856a8674ab75587990c60c63c0326cd61935db4bfd093ec650f764d533'}",c0:4e:30:31:42:9c,0.8333333333333334,0,18,BURST,0.2,5,415.3833236867705,0.75,0,0.7222222222222222,415.51983286626637,415.9266669303179,416.44516587257385,17,18,E220-400T22D,0.0,0,no_protection_burst_burst3_loss20_seed101_e220,18,101,80:65:99:a7:a8:a4,5,REAL_E220_WITH_APPLICATION_LAYER_INJECTION,2026-09-25T15:43:11.636916+00:00,NO_PROTECTION,637,38ced8c438353a89e42a4016b370e21009c6fb5e0ea77e924824fea5eef3d7f1,"{'CRITICAL': 4, 'IMPORTANT': 6, 'NORMAL': 8}","{'CRITICAL': 2, 'IMPORTANT': 5, 'NORMAL': 6}"
143,11,4,11,3,305.5,0,0.5,0.5,468,5,11,0,15.455281791975722,uncommitted,"{'gateway': 'f6e10d90e8003100a8e76537dfef74e281fadffd7096e97d8c78bcdcff07863c', 'sensor': '43fc3d856a8674ab75587990c60c63c0326cd61935db4bfd093ec650f764d533'}",c0:4e:30:31:42:9c,0.5,0,18,RANDOM,0.3,7,415.1949773923579,0.75,0,0.6111111111111112,415.16804206185043,415.8326250035316,415.8326250035316,16,18,E220-400T22D,0.0,0,no_protection_random_loss30_seed11_e220,18,11,80:65:99:a7:a8:a4,6,REAL_E220_WITH_APPLICATION_LAYER_INJECTION,2026-09-25T15:43:26.816594+00:00,NO_PROTECTION,611,19558e2ff7c5eec6632fbb4262cf64002978275c397d79ef132275e7a234a1b0,"{'CRITICAL': 4, 'IMPORTANT': 6, 'NORMAL': 8}","{'CRITICAL': 2, 'IMPORTANT': 3, 'NORMAL': 6}"
182,14,4,14,3,162.5,0,1.0,0.0,468,3,14,0,14.569736375007778,uncommitted,"{'gateway': 'f6e10d90e8003100a8e76537dfef74e281fadffd7096e97d8c78bcdcff07863c', 'sensor': '43fc3d856a8674ab75587990c60c63c0326cd61935db4bfd093ec650f764d533'}",c0:4e:30:31:42:9c,0.5,0,18,RANDOM,0.3,4,415.3114880568215,0.875,0,0.7777777777777778,415.37391603924334,415.64141609705985,415.8443328924477,17,18,E220-400T22D,0.0,0,no_protection_random_loss30_seed23_e220,18,23,80:65:99:a7:a8:a4,4,REAL_E220_WITH_APPLICATION_LAYER_INJECTION,2026-09-25T15:43:42.830185+00:00,NO_PROTECTION,650,ba6e53695b846b6a760bc4863801fb8b228a9f15f3423399f8c1b92c23c0b90e,"{'CRITICAL': 4, 'IMPORTANT': 6, 'NORMAL': 8}","{'CRITICAL': 4, 'IMPORTANT': 3, 'NORMAL': 7}"
104,8,2,8,3,572.0,0,0.25,0.75,468,5,8,0,16.336020624963567,uncommitted,"{'gateway': 'f6e10d90e8003100a8e76537dfef74e281fadffd7096e97d8c78bcdcff07863c', 'sensor': '43fc3d856a8674ab75587990c60c63c0326cd61935db4bfd093ec650f764d533'}",c0:4e:30:31:42:9c,0.6666666666666666,0,18,RANDOM,0.3,10,415.07400016416796,0.375,0,0.4444444444444444,415.41229211725295,416.077374946326,416.077374946326,13,18,E220-400T22D,0.0,0,no_protection_random_loss30_seed37_e220,18,37,80:65:99:a7:a8:a4,8,REAL_E220_WITH_APPLICATION_LAYER_INJECTION,2026-09-25T15:43:57.775268+00:00,NO_PROTECTION,572,c3c12e6d559c965a929e18e0c7341898c3b0fffd33e465240a3a1338a43f0685,"{'CRITICAL': 4, 'IMPORTANT': 6, 'NORMAL': 8}","{'CRITICAL': 1, 'IMPORTANT': 4, 'NORMAL': 3}"
104,8,4,8,3,572.0,0,0.25,0.75,468,7,8,0,16.348706708988175,uncommitted,"{'gateway': 'f6e10d90e8003100a8e76537dfef74e281fadffd7096e97d8c78bcdcff07863c', 'sensor': '43fc3d856a8674ab75587990c60c63c0326cd61935db4bfd093ec650f764d533'}",c0:4e:30:31:42:9c,0.3333333333333333,0,18,RANDOM,0.3,10,415.4624793154653,0.625,0,0.4444444444444444,415.504083968699,416.11400013789535,416.11400013789535,15,18,E220-400T22D,0.0,0,no_protection_random_loss30_seed41_e220,18,41,80:65:99:a7:a8:a4,10,REAL_E220_WITH_APPLICATION_LAYER_INJECTION,2026-09-25T15:44:14.489321+00:00,NO_PROTECTION,572,7b582d28d1a0d37c025a186dceed2ea57178c0bc0bad73992320ef8e933680f3,"{'CRITICAL': 4, 'IMPORTANT': 6, 'NORMAL': 8}","{'CRITICAL': 1, 'IMPORTANT': 2, 'NORMAL': 5}"
182,14,2,14,3,216.66666666666666,0,0.75,0.25,468,4,14,0,14.575113875092939,uncommitted,"{'gateway': 'f6e10d90e8003100a8e76537dfef74e281fadffd7096e97d8c78bcdcff07863c', 'sensor': '43fc3d856a8674ab75587990c60c63c0326cd61935db4bfd093ec650f764d533'}",c0:4e:30:31:42:9c,0.8333333333333334,0,18,RANDOM,0.3,4,416.18665781736905,0.75,0,0.7777777777777778,414.97025010176003,415.86616705171764,430.836166953668,18,18,E220-400T22D,0.0,0,no_protection_random_loss30_seed53_e220,18,53,80:65:99:a7:a8:a4,3,REAL_E220_WITH_APPLICATION_LAYER_INJECTION,2026-09-25T15:44:31.177663+00:00,NO_PROTECTION,650,b4022cc825edbde82bafbf00ac2ccda31c900699a36d29bc31fcbbf1459f4fde,"{'CRITICAL': 4, 'IMPORTANT': 6, 'NORMAL': 8}","{'CRITICAL': 3, 'IMPORTANT': 5, 'NORMAL': 6}"
195,15,3,15,3,331.5,0,0.5,0.5,468,2,15,0,14.257529125083238,uncommitted,"{'gateway': 'f6e10d90e8003100a8e76537dfef74e281fadffd7096e97d8c78bcdcff07863c', 'sensor': '43fc3d856a8674ab75587990c60c63c0326cd61935db4bfd093ec650f764d533'}",c0:4e:30:31:42:9c,1.0,0,18,RANDOM,0.3,3,415.13372510671616,0.875,0,0.8333333333333334,415.23787495680153,415.86729092523456,416.0205000080168,17,18,E220-400T22D,0.0,0,no_protection_random_loss30_seed67_e220,18,67,80:65:99:a7:a8:a4,3,REAL_E220_WITH_APPLICATION_LAYER_INJECTION,2026-09-25T15:44:46.074246+00:00,NO_PROTECTION,663,2d48acff96e0326bf8076422f46d3122c6fcdb34e3dce0875aa0b6d0c25d8b09,"{'CRITICAL': 4, 'IMPORTANT': 6, 'NORMAL': 8}","{'CRITICAL': 2, 'IMPORTANT': 6, 'NORMAL': 7}"
156,12,2,12,3,624.0,0,0.25,0.75,468,5,12,0,15.168782208114862,uncommitted,"{'gateway': 'f6e10d90e8003100a8e76537dfef74e281fadffd7096e97d8c78bcdcff07863c', 'sensor': '43fc3d856a8674ab75587990c60c63c0326cd61935db4bfd093ec650f764d533'}",c0:4e:30:31:42:9c,0.6666666666666666,0,18,RANDOM,0.3,6,415.5480243304434,0.875,0,0.6666666666666666,415.7271250151098,416.07129108160734,416.5236249100417,17,18,E220-400T22D,0.0,0,no_protection_random_loss30_seed71_e220,18,71,80:65:99:a7:a8:a4,6,REAL_E220_WITH_APPLICATION_LAYER_INJECTION,2026-09-25T15:45:00.671934+00:00,NO_PROTECTION,624,2d3c2f6899d93398a0323cbc3dd099cc658d87cb1a131f0dc77658cba16ea74d,"{'CRITICAL': 4, 'IMPORTANT': 6, 'NORMAL': 8}","{'CRITICAL': 1, 'IMPORTANT': 4, 'NORMAL': 7}"
143,11,5,11,3,305.5,0,0.5,0.5,468,4,11,0,15.464656583033502,uncommitted,"{'gateway': 'f6e10d90e8003100a8e76537dfef74e281fadffd7096e97d8c78bcdcff07863c', 'sensor': '43fc3d856a8674ab75587990c60c63c0326cd61935db4bfd093ec650f764d533'}",c0:4e:30:31:42:9c,0.5,0,18,RANDOM,0.3,7,415.17787126146936,0.75,0,0.6111111111111112,415.40045803412795,415.91866686940193,415.91866686940193,15,18,E220-400T22D,0.0,0,no_protection_random_loss30_seed83_e220,18,83,80:65:99:a7:a8:a4,7,REAL_E220_WITH_APPLICATION_LAYER_INJECTION,2026-09-25T15:45:16.161633+00:00,NO_PROTECTION,611,53ff4fba2d4224e6126faaa651a0a0f54f06874d7918a7df123504a07e18367d,"{'CRITICAL': 4, 'IMPORTANT': 6, 'NORMAL': 8}","{'CRITICAL': 2, 'IMPORTANT': 3, 'NORMAL': 6}"
182,14,5,14,3,325.0,0,0.5,0.5,468,4,14,0,14.551457667024806,uncommitted,"{'gateway': 'f6e10d90e8003100a8e76537dfef74e281fadffd7096e97d8c78bcdcff07863c', 'sensor': '43fc3d856a8674ab75587990c60c63c0326cd61935db4bfd093ec650f764d533'}",c0:4e:30:31:42:9c,1.0,0,18,RANDOM,0.3,4,415.07658033099557,0.75,0,0.7777777777777778,415.139916818589,415.61475000344217,415.6501251272857,18,18,E220-400T22D,0.0,0,no_protection_random_loss30_seed97_e220,18,97,80:65:99:a7:a8:a4,4,REAL_E220_WITH_APPLICATION_LAYER_INJECTION,2026-09-25T15:45:31.934497+00:00,NO_PROTECTION,650,b3ae2fcb772c83e0a9d99c2203c581f55178fdfc1f99afeebdf75ce2103c44a4,"{'CRITICAL': 4, 'IMPORTANT': 6, 'NORMAL': 8}","{'CRITICAL': 2, 'IMPORTANT': 6, 'NORMAL': 6}"
130,10,1,10,3,299.0,0,0.5,0.5,468,6,10,0,15.757044208003208,uncommitted,"{'gateway': 'f6e10d90e8003100a8e76537dfef74e281fadffd7096e97d8c78bcdcff07863c', 'sensor': '43fc3d856a8674ab75587990c60c63c0326cd61935db4bfd093ec650f764d533'}",c0:4e:30:31:42:9c,0.6666666666666666,0,18,RANDOM,0.3,8,415.17983770463616,0.5,0,0.5555555555555556,415.17275013029575,416.03691689670086,416.03691689670086,16,18,E220-400T22D,0.0,0,no_protection_random_loss30_seed101_e220,18,101,80:65:99:a7:a8:a4,6,REAL_E220_WITH_APPLICATION_LAYER_INJECTION,2026-09-25T15:45:46.884612+00:00,NO_PROTECTION,598,38ced8c438353a89e42a4016b370e21009c6fb5e0ea77e924824fea5eef3d7f1,"{'CRITICAL': 4, 'IMPORTANT': 6, 'NORMAL': 8}","{'CRITICAL': 2, 'IMPORTANT': 4, 'NORMAL': 4}"
143,11,2,11,3,305.5,0,0.5,0.5,468,5,11,0,15.459501415956765,uncommitted,"{'gateway': 'f6e10d90e8003100a8e76537dfef74e281fadffd7096e97d8c78bcdcff07863c', 'sensor': '43fc3d856a8674ab75587990c60c63c0326cd61935db4bfd093ec650f764d533'}",c0:4e:30:31:42:9c,0.6666666666666666,0,18,BURST,0.3,7,414.80009456757796,0.625,0,0.6111111111111112,415.00091715715826,415.83495819941163,415.83495819941163,16,18,E220-400T22D,0.0,0,no_protection_burst_burst3_loss30_seed11_e220,18,11,80:65:99:a7:a8:a4,6,REAL_E220_WITH_APPLICATION_LAYER_INJECTION,2026-09-25T15:46:02.999093+00:00,NO_PROTECTION,611,19558e2ff7c5eec6632fbb4262cf64002978275c397d79ef132275e7a234a1b0,"{'CRITICAL': 4, 'IMPORTANT': 6, 'NORMAL': 8}","{'CRITICAL': 2, 'IMPORTANT': 4, 'NORMAL': 5}"
156,12,2,12,3,208.0,0,0.75,0.25,468,4,12,0,15.15876341611147,uncommitted,"{'gateway': 'f6e10d90e8003100a8e76537dfef74e281fadffd7096e97d8c78bcdcff07863c', 'sensor': '43fc3d856a8674ab75587990c60c63c0326cd61935db4bfd093ec650f764d533'}",c0:4e:30:31:42:9c,0.3333333333333333,0,18,BURST,0.3,6,415.3576980849418,0.875,0,0.6666666666666666,415.4039171990007,415.6742920167744,415.90608400292695,16,18,E220-400T22D,0.0,0,no_protection_burst_burst3_loss30_seed23_e220,18,23,80:65:99:a7:a8:a4,5,REAL_E220_WITH_APPLICATION_LAYER_INJECTION,2026-09-25T15:46:18.827004+00:00,NO_PROTECTION,624,ba6e53695b846b6a760bc4863801fb8b228a9f15f3423399f8c1b92c23c0b90e,"{'CRITICAL': 4, 'IMPORTANT': 6, 'NORMAL': 8}","{'CRITICAL': 3, 'IMPORTANT': 2, 'NORMAL': 7}"
156,12,5,12,3,208.0,0,0.75,0.25,468,5,12,0,15.165102124912664,uncommitted,"{'gateway': 'f6e10d90e8003100a8e76537dfef74e281fadffd7096e97d8c78bcdcff07863c', 'sensor': '43fc3d856a8674ab75587990c60c63c0326cd61935db4bfd093ec650f764d533'}",c0:4e:30:31:42:9c,0.5,0,18,BURST,0.3,6,415.1102259250668,0.75,0,0.6666666666666666,415.21908319555223,415.4512919485569,415.7140839379281,17,18,E220-400T22D,0.0,0,no_protection_burst_burst3_loss30_seed37_e220,18,37,80:65:99:a7:a8:a4,4,REAL_E220_WITH_APPLICATION_LAYER_INJECTION,2026-09-25T15:46:34.345956+00:00,NO_PROTECTION,624,c3c12e6d559c965a929e18e0c7341898c3b0fffd33e465240a3a1338a43f0685,"{'CRITICAL': 4, 'IMPORTANT': 6, 'NORMAL': 8}","{'CRITICAL': 3, 'IMPORTANT': 3, 'NORMAL': 6}"
156,12,3,12,3,156.0,0,1.0,0.0,468,5,12,0,15.160349667072296,uncommitted,"{'gateway': 'f6e10d90e8003100a8e76537dfef74e281fadffd7096e97d8c78bcdcff07863c', 'sensor': '43fc3d856a8674ab75587990c60c63c0326cd61935db4bfd093ec650f764d533'}",c0:4e:30:31:42:9c,0.3333333333333333,0,18,BURST,0.3,6,415.2657394685472,0.75,0,0.6666666666666666,415.2346667833626,415.6871249433607,415.86579103022814,17,18,E220-400T22D,0.0,0,no_protection_burst_burst3_loss30_seed41_e220,18,41,80:65:99:a7:a8:a4,5,REAL_E220_WITH_APPLICATION_LAYER_INJECTION,2026-09-25T15:46:49.847897+00:00,NO_PROTECTION,624,7b582d28d1a0d37c025a186dceed2ea57178c0bc0bad73992320ef8e933680f3,"{'CRITICAL': 4, 'IMPORTANT': 6, 'NORMAL': 8}","{'CRITICAL': 4, 'IMPORTANT': 2, 'NORMAL': 6}"
156,12,4,12,3,208.0,0,0.75,0.25,468,5,12,0,15.16118900012225,uncommitted,"{'gateway': 'f6e10d90e8003100a8e76537dfef74e281fadffd7096e97d8c78bcdcff07863c', 'sensor': '43fc3d856a8674ab75587990c60c63c0326cd61935db4bfd093ec650f764d533'}",c0:4e:30:31:42:9c,0.5,0,18,BURST,0.3,6,415.42204851672676,0.75,0,0.6666666666666666,415.57995812036097,415.9116249065846,416.0460829734802,17,18,E220-400T22D,0.0,0,no_protection_burst_burst3_loss30_seed53_e220,18,53,80:65:99:a7:a8:a4,5,REAL_E220_WITH_APPLICATION_LAYER_INJECTION,2026-09-25T15:47:05.336966+00:00,NO_PROTECTION,624,b4022cc825edbde82bafbf00ac2ccda31c900699a36d29bc31fcbbf1459f4fde,"{'CRITICAL': 4, 'IMPORTANT': 6, 'NORMAL': 8}","{'CRITICAL': 3, 'IMPORTANT': 3, 'NORMAL': 6}"
156,12,4,12,3,156.0,0,1.0,0.0,468,3,12,0,15.15117312502116,uncommitted,"{'gateway': 'f6e10d90e8003100a8e76537dfef74e281fadffd7096e97d8c78bcdcff07863c', 'sensor': '43fc3d856a8674ab75587990c60c63c0326cd61935db4bfd093ec650f764d533'}",c0:4e:30:31:42:9c,0.5,0,18,BURST,0.3,6,414.50525001467514,0.625,0,0.6666666666666666,415.3542499989271,415.73975002393126,415.7514579128474,15,18,E220-400T22D,0.0,0,no_protection_burst_burst3_loss30_seed67_e220,18,67,80:65:99:a7:a8:a4,6,REAL_E220_WITH_APPLICATION_LAYER_INJECTION,2026-09-25T15:47:20.829146+00:00,NO_PROTECTION,624,2d48acff96e0326bf8076422f46d3122c6fcdb34e3dce0875aa0b6d0c25d8b09,"{'CRITICAL': 4, 'IMPORTANT': 6, 'NORMAL': 8}","{'CRITICAL': 4, 'IMPORTANT': 3, 'NORMAL': 5}"
143,11,2,11,3,152.75,0,1.0,0.0,468,5,11,0,15.459058249834925,uncommitted,"{'gateway': 'f6e10d90e8003100a8e76537dfef74e281fadffd7096e97d8c78bcdcff07863c', 'sensor': '43fc3d856a8674ab75587990c60c63c0326cd61935db4bfd093ec650f764d533'}",c0:4e:30:31:42:9c,0.5,0,18,BURST,0.3,7,415.34553800540215,0.5,0,0.6111111111111112,415.2273328509182,416.7887500952929,416.7887500952929,16,18,E220-400T22D,0.0,0,no_protection_burst_burst3_loss30_seed71_e220,18,71,80:65:99:a7:a8:a4,6,REAL_E220_WITH_APPLICATION_LAYER_INJECTION,2026-09-25T15:47:36.339068+00:00,NO_PROTECTION,611,2d3c2f6899d93398a0323cbc3dd099cc658d87cb1a131f0dc77658cba16ea74d,"{'CRITICAL': 4, 'IMPORTANT': 6, 'NORMAL': 8}","{'CRITICAL': 4, 'IMPORTANT': 3, 'NORMAL': 4}"
117,9,4,9,3,,0,0.0,1.0,468,5,9,0,16.047039416851476,uncommitted,"{'gateway': 'f6e10d90e8003100a8e76537dfef74e281fadffd7096e97d8c78bcdcff07863c', 'sensor': '43fc3d856a8674ab75587990c60c63c0326cd61935db4bfd093ec650f764d533'}",c0:4e:30:31:42:9c,0.3333333333333333,0,18,BURST,0.3,9,414.919953689807,0.875,0,0.5,415.2577091008425,415.83741595968604,415.83741595968604,14,18,E220-400T22D,0.0,0,no_protection_burst_burst3_loss30_seed83_e220,18,83,80:65:99:a7:a8:a4,9,REAL_E220_WITH_APPLICATION_LAYER_INJECTION,2026-09-25T15:47:52.179712+00:00,NO_PROTECTION,585,53ff4fba2d4224e6126faaa651a0a0f54f06874d7918a7df123504a07e18367d,"{'CRITICAL': 4, 'IMPORTANT': 6, 'NORMAL': 8}","{'CRITICAL': 0, 'IMPORTANT': 2, 'NORMAL': 7}"
169,13,4,13,3,159.25,0,1.0,0.0,468,5,13,0,14.871539917076007,uncommitted,"{'gateway': 'f6e10d90e8003100a8e76537dfef74e281fadffd7096e97d8c78bcdcff07863c', 'sensor': '43fc3d856a8674ab75587990c60c63c0326cd61935db4bfd093ec650f764d533'}",c0:4e:30:31:42:9c,0.5,0,18,BURST,0.3,5,415.4290835946225,0.75,0,0.7222222222222222,415.5731669161469,415.8275839872658,416.24479182064533,18,18,E220-400T22D,0.0,0,no_protection_burst_burst3_loss30_seed97_e220,18,97,80:65:99:a7:a8:a4,4,REAL_E220_WITH_APPLICATION_LAYER_INJECTION,2026-09-25T15:48:08.639129+00:00,NO_PROTECTION,637,b3ae2fcb772c83e0a9d99c2203c581f55178fdfc1f99afeebdf75ce2103c44a4,"{'CRITICAL': 4, 'IMPORTANT': 6, 'NORMAL': 8}","{'CRITICAL': 4, 'IMPORTANT': 3, 'NORMAL': 6}"
143,11,4,11,3,152.75,0,1.0,0.0,468,5,11,0,15.457640832988545,uncommitted,"{'gateway': 'f6e10d90e8003100a8e76537dfef74e281fadffd7096e97d8c78bcdcff07863c', 'sensor': '43fc3d856a8674ab75587990c60c63c0326cd61935db4bfd093ec650f764d533'}",c0:4e:30:31:42:9c,0.5,0,18,BURST,0.3,7,415.1441251266409,0.5,0,0.6111111111111112,415.2667501475662,416.3315000478178,416.3315000478178,16,18,E220-400T22D,0.0,0,no_protection_burst_burst3_loss30_seed101_e220,18,101,80:65:99:a7:a8:a4,7,REAL_E220_WITH_APPLICATION_LAYER_INJECTION,2026-09-25T15:48:23.861685+00:00,NO_PROTECTION,611,38ced8c438353a89e42a4016b370e21009c6fb5e0ea77e924824fea5eef3d7f1,"{'CRITICAL': 4, 'IMPORTANT': 6, 'NORMAL': 8}","{'CRITICAL': 4, 'IMPORTANT': 3, 'NORMAL': 4}"
468,36,0,36,3,351.0,0,1.0,0.0,936,0,18,18,26.745578666916117,uncommitted,"{'gateway': 'f6e10d90e8003100a8e76537dfef74e281fadffd7096e97d8c78bcdcff07863c', 'sensor': '43fc3d856a8674ab75587990c60c63c0326cd61935db4bfd093ec650f764d533'}",c0:4e:30:31:42:9c,1.0,0,18,RANDOM,0.0,0,415.96222459338605,1.0,0,1.0,415.1395841035992,416.302332887426,429.2621249333024,36,36,E220-400T22D,1.0,18,fixed_redundancy_random_loss00_seed11_e220,18,11,80:65:99:a7:a8:a4,0,REAL_E220_WITH_APPLICATION_LAYER_INJECTION,2026-09-25T15:48:39.678510+00:00,FIXED_REDUNDANCY,1404,19558e2ff7c5eec6632fbb4262cf64002978275c397d79ef132275e7a234a1b0,"{'CRITICAL': 4, 'IMPORTANT': 6, 'NORMAL': 8}","{'CRITICAL': 4, 'IMPORTANT': 6, 'NORMAL': 8}"
468,36,0,36,3,351.0,0,1.0,0.0,936,0,18,18,26.745968875009567,uncommitted,"{'gateway': 'f6e10d90e8003100a8e76537dfef74e281fadffd7096e97d8c78bcdcff07863c', 'sensor': '43fc3d856a8674ab75587990c60c63c0326cd61935db4bfd093ec650f764d533'}",c0:4e:30:31:42:9c,1.0,0,18,RANDOM,0.0,0,415.2343588001612,1.0,0,1.0,415.15637491829693,415.8520419150591,415.874500060454,36,36,E220-400T22D,1.0,18,fixed_redundancy_random_loss00_seed23_e220,18,23,80:65:99:a7:a8:a4,0,REAL_E220_WITH_APPLICATION_LAYER_INJECTION,2026-09-25T15:49:06.777571+00:00,FIXED_REDUNDANCY,1404,ba6e53695b846b6a760bc4863801fb8b228a9f15f3423399f8c1b92c23c0b90e,"{'CRITICAL': 4, 'IMPORTANT': 6, 'NORMAL': 8}","{'CRITICAL': 4, 'IMPORTANT': 6, 'NORMAL': 8}"
468,36,0,36,3,351.0,0,1.0,0.0,936,0,18,18,26.751566709019244,uncommitted,"{'gateway': 'f6e10d90e8003100a8e76537dfef74e281fadffd7096e97d8c78bcdcff07863c', 'sensor': '43fc3d856a8674ab75587990c60c63c0326cd61935db4bfd093ec650f764d533'}",c0:4e:30:31:42:9c,1.0,0,18,RANDOM,0.0,0,415.330581056575,1.0,0,1.0,415.39616603404284,415.8037919551134,415.88108288124204,36,36,E220-400T22D,1.0,18,fixed_redundancy_random_loss00_seed37_e220,18,37,80:65:99:a7:a8:a4,0,REAL_E220_WITH_APPLICATION_LAYER_INJECTION,2026-09-25T15:49:33.920646+00:00,FIXED_REDUNDANCY,1404,c3c12e6d559c965a929e18e0c7341898c3b0fffd33e465240a3a1338a43f0685,"{'CRITICAL': 4, 'IMPORTANT': 6, 'NORMAL': 8}","{'CRITICAL': 4, 'IMPORTANT': 6, 'NORMAL': 8}"
468,36,0,36,3,351.0,0,1.0,0.0,936,0,18,18,26.740306291962042,uncommitted,"{'gateway': 'f6e10d90e8003100a8e76537dfef74e281fadffd7096e97d8c78bcdcff07863c', 'sensor': '43fc3d856a8674ab75587990c60c63c0326cd61935db4bfd093ec650f764d533'}",c0:4e:30:31:42:9c,1.0,0,18,RANDOM,0.0,0,415.3471366217774,1.0,0,1.0,415.3614589013159,415.8757079858333,415.89158307760954,36,36,E220-400T22D,1.0,18,fixed_redundancy_random_loss00_seed41_e220,18,41,80:65:99:a7:a8:a4,0,REAL_E220_WITH_APPLICATION_LAYER_INJECTION,2026-09-25T15:50:01.060413+00:00,FIXED_REDUNDANCY,1404,7b582d28d1a0d37c025a186dceed2ea57178c0bc0bad73992320ef8e933680f3,"{'CRITICAL': 4, 'IMPORTANT': 6, 'NORMAL': 8}","{'CRITICAL': 4, 'IMPORTANT': 6, 'NORMAL': 8}"
468,36,0,36,3,351.0,0,1.0,0.0,936,0,18,18,26.75164895900525,uncommitted,"{'gateway': 'f6e10d90e8003100a8e76537dfef74e281fadffd7096e97d8c78bcdcff07863c', 'sensor': '43fc3d856a8674ab75587990c60c63c0326cd61935db4bfd093ec650f764d533'}",c0:4e:30:31:42:9c,1.0,0,18,RANDOM,0.0,0,415.2874905978226,1.0,0,1.0,415.29083298519254,415.77816591598094,415.78833293169737,36,36,E220-400T22D,1.0,18,fixed_redundancy_random_loss00_seed53_e220,18,53,80:65:99:a7:a8:a4,0,REAL_E220_WITH_APPLICATION_LAYER_INJECTION,2026-09-25T15:50:28.172963+00:00,FIXED_REDUNDANCY,1404,b4022cc825edbde82bafbf00ac2ccda31c900699a36d29bc31fcbbf1459f4fde,"{'CRITICAL': 4, 'IMPORTANT': 6, 'NORMAL': 8}","{'CRITICAL': 4, 'IMPORTANT': 6, 'NORMAL': 8}"
468,36,0,36,3,351.0,0,1.0,0.0,936,0,18,18,26.7664358750917,uncommitted,"{'gateway': 'f6e10d90e8003100a8e76537dfef74e281fadffd7096e97d8c78bcdcff07863c', 'sensor': '43fc3d856a8674ab75587990c60c63c0326cd61935db4bfd093ec650f764d533'}",c0:4e:30:31:42:9c,1.0,0,18,RANDOM,0.0,0,415.35348161899793,1.0,0,1.0,415.32250004820526,415.8349591307342,415.9513341728598,36,36,E220-400T22D,1.0,18,fixed_redundancy_random_loss00_seed67_e220,18,67,80:65:99:a7:a8:a4,0,REAL_E220_WITH_APPLICATION_LAYER_INJECTION,2026-09-25T15:50:55.267377+00:00,FIXED_REDUNDANCY,1404,2d48acff96e0326bf8076422f46d3122c6fcdb34e3dce0875aa0b6d0c25d8b09,"{'CRITICAL': 4, 'IMPORTANT': 6, 'NORMAL': 8}","{'CRITICAL': 4, 'IMPORTANT': 6, 'NORMAL': 8}"
468,36,0,36,3,351.0,0,1.0,0.0,936,0,18,18,26.74677824997343,uncommitted,"{'gateway': 'f6e10d90e8003100a8e76537dfef74e281fadffd7096e97d8c78bcdcff07863c', 'sensor': '43fc3d856a8674ab75587990c60c63c0326cd61935db4bfd093ec650f764d533'}",c0:4e:30:31:42:9c,1.0,0,18,RANDOM,0.0,0,415.2449097018689,1.0,0,1.0,415.21841706708074,415.89624993503094,415.91633297502995,36,36,E220-400T22D,1.0,18,fixed_redundancy_random_loss00_seed71_e220,18,71,80:65:99:a7:a8:a4,0,REAL_E220_WITH_APPLICATION_LAYER_INJECTION,2026-09-25T15:51:22.401080+00:00,FIXED_REDUNDANCY,1404,2d3c2f6899d93398a0323cbc3dd099cc658d87cb1a131f0dc77658cba16ea74d,"{'CRITICAL': 4, 'IMPORTANT': 6, 'NORMAL': 8}","{'CRITICAL': 4, 'IMPORTANT': 6, 'NORMAL': 8}"
468,36,0,36,3,351.0,0,1.0,0.0,936,0,18,18,26.73935087490827,uncommitted,"{'gateway': 'f6e10d90e8003100a8e76537dfef74e281fadffd7096e97d8c78bcdcff07863c', 'sensor': '43fc3d856a8674ab75587990c60c63c0326cd61935db4bfd093ec650f764d533'}",c0:4e:30:31:42:9c,1.0,0,18,RANDOM,0.0,0,415.0645903751461,1.0,0,1.0,415.0762918870896,415.9556250087917,415.9567910246551,36,36,E220-400T22D,1.0,18,fixed_redundancy_random_loss00_seed83_e220,18,83,80:65:99:a7:a8:a4,0,REAL_E220_WITH_APPLICATION_LAYER_INJECTION,2026-09-25T15:51:49.516263+00:00,FIXED_REDUNDANCY,1404,53ff4fba2d4224e6126faaa651a0a0f54f06874d7918a7df123504a07e18367d,"{'CRITICAL': 4, 'IMPORTANT': 6, 'NORMAL': 8}","{'CRITICAL': 4, 'IMPORTANT': 6, 'NORMAL': 8}"
468,36,0,36,3,351.0,0,1.0,0.0,936,0,18,18,26.75629070890136,uncommitted,"{'gateway': 'f6e10d90e8003100a8e76537dfef74e281fadffd7096e97d8c78bcdcff07863c', 'sensor': '43fc3d856a8674ab75587990c60c63c0326cd61935db4bfd093ec650f764d533'}",c0:4e:30:31:42:9c,1.0,0,18,RANDOM,0.0,0,415.17703711158697,1.0,0,1.0,415.21700005978346,415.9010420553386,416.02574987336993,36,36,E220-400T22D,1.0,18,fixed_redundancy_random_loss00_seed97_e220,18,97,80:65:99:a7:a8:a4,0,REAL_E220_WITH_APPLICATION_LAYER_INJECTION,2026-09-25T15:52:16.650412+00:00,FIXED_REDUNDANCY,1404,b3ae2fcb772c83e0a9d99c2203c581f55178fdfc1f99afeebdf75ce2103c44a4,"{'CRITICAL': 4, 'IMPORTANT': 6, 'NORMAL': 8}","{'CRITICAL': 4, 'IMPORTANT': 6, 'NORMAL': 8}"
468,36,0,36,3,351.0,0,1.0,0.0,936,0,18,18,26.75388904195279,uncommitted,"{'gateway': 'f6e10d90e8003100a8e76537dfef74e281fadffd7096e97d8c78bcdcff07863c', 'sensor': '43fc3d856a8674ab75587990c60c63c0326cd61935db4bfd093ec650f764d533'}",c0:4e:30:31:42:9c,1.0,0,18,RANDOM,0.0,0,415.235997371686,1.0,0,1.0,415.3225829359144,415.71120801381767,415.8240829128772,36,36,E220-400T22D,1.0,18,fixed_redundancy_random_loss00_seed101_e220,18,101,80:65:99:a7:a8:a4,0,REAL_E220_WITH_APPLICATION_LAYER_INJECTION,2026-09-25T15:52:43.765595+00:00,FIXED_REDUNDANCY,1404,38ced8c438353a89e42a4016b370e21009c6fb5e0ea77e924824fea5eef3d7f1,"{'CRITICAL': 4, 'IMPORTANT': 6, 'NORMAL': 8}","{'CRITICAL': 4, 'IMPORTANT': 6, 'NORMAL': 8}"
468,36,0,36,3,351.0,0,1.0,0.0,936,0,18,18,26.751075207954273,uncommitted,"{'gateway': 'f6e10d90e8003100a8e76537dfef74e281fadffd7096e97d8c78bcdcff07863c', 'sensor': '43fc3d856a8674ab75587990c60c63c0326cd61935db4bfd093ec650f764d533'}",c0:4e:30:31:42:9c,1.0,0,18,BURST,0.0,0,415.19284016814913,1.0,0,1.0,415.3012498281896,415.7277909107506,416.23129206709564,36,36,E220-400T22D,1.0,18,fixed_redundancy_burst_burst3_loss00_seed11_e220,18,11,80:65:99:a7:a8:a4,0,REAL_E220_WITH_APPLICATION_LAYER_INJECTION,2026-09-25T15:53:10.910178+00:00,FIXED_REDUNDANCY,1404,19558e2ff7c5eec6632fbb4262cf64002978275c397d79ef132275e7a234a1b0,"{'CRITICAL': 4, 'IMPORTANT': 6, 'NORMAL': 8}","{'CRITICAL': 4, 'IMPORTANT': 6, 'NORMAL': 8}"
468,36,0,36,3,351.0,0,1.0,0.0,936,0,18,18,26.73864783300087,uncommitted,"{'gateway': 'f6e10d90e8003100a8e76537dfef74e281fadffd7096e97d8c78bcdcff07863c', 'sensor': '43fc3d856a8674ab75587990c60c63c0326cd61935db4bfd093ec650f764d533'}",c0:4e:30:31:42:9c,1.0,0,18,BURST,0.0,0,415.0191666946436,1.0,0,1.0,415.05754203535616,415.50987493246794,415.80983297899365,36,36,E220-400T22D,1.0,18,fixed_redundancy_burst_burst3_loss00_seed23_e220,18,23,80:65:99:a7:a8:a4,0,REAL_E220_WITH_APPLICATION_LAYER_INJECTION,2026-09-25T15:53:38.053466+00:00,FIXED_REDUNDANCY,1404,ba6e53695b846b6a760bc4863801fb8b228a9f15f3423399f8c1b92c23c0b90e,"{'CRITICAL': 4, 'IMPORTANT': 6, 'NORMAL': 8}","{'CRITICAL': 4, 'IMPORTANT': 6, 'NORMAL': 8}"
468,36,0,36,3,351.0,0,1.0,0.0,936,0,18,18,26.745395459001884,uncommitted,"{'gateway': 'f6e10d90e8003100a8e76537dfef74e281fadffd7096e97d8c78bcdcff07863c', 'sensor': '43fc3d856a8674ab75587990c60c63c0326cd61935db4bfd093ec650f764d533'}",c0:4e:30:31:42:9c,1.0,0,18,BURST,0.0,0,415.16794692466243,1.0,0,1.0,415.1586249936372,415.7182921189815,415.8090827986598,36,36,E220-400T22D,1.0,18,fixed_redundancy_burst_burst3_loss00_seed37_e220,18,37,80:65:99:a7:a8:a4,0,REAL_E220_WITH_APPLICATION_LAYER_INJECTION,2026-09-25T15:54:05.148494+00:00,FIXED_REDUNDANCY,1404,c3c12e6d559c965a929e18e0c7341898c3b0fffd33e465240a3a1338a43f0685,"{'CRITICAL': 4, 'IMPORTANT': 6, 'NORMAL': 8}","{'CRITICAL': 4, 'IMPORTANT': 6, 'NORMAL': 8}"
468,36,0,36,3,351.0,0,1.0,0.0,936,0,18,18,26.741138875018805,uncommitted,"{'gateway': 'f6e10d90e8003100a8e76537dfef74e281fadffd7096e97d8c78bcdcff07863c', 'sensor': '43fc3d856a8674ab75587990c60c63c0326cd61935db4bfd093ec650f764d533'}",c0:4e:30:31:42:9c,1.0,0,18,BURST,0.0,0,415.0759515274937,1.0,0,1.0,415.2718330733478,415.80125014297664,416.38500010594726,36,36,E220-400T22D,1.0,18,fixed_redundancy_burst_burst3_loss00_seed41_e220,18,41,80:65:99:a7:a8:a4,0,REAL_E220_WITH_APPLICATION_LAYER_INJECTION,2026-09-25T15:54:32.211403+00:00,FIXED_REDUNDANCY,1404,7b582d28d1a0d37c025a186dceed2ea57178c0bc0bad73992320ef8e933680f3,"{'CRITICAL': 4, 'IMPORTANT': 6, 'NORMAL': 8}","{'CRITICAL': 4, 'IMPORTANT': 6, 'NORMAL': 8}"
468,36,0,36,3,351.0,0,1.0,0.0,936,0,18,18,26.751590666826814,uncommitted,"{'gateway': 'f6e10d90e8003100a8e76537dfef74e281fadffd7096e97d8c78bcdcff07863c', 'sensor': '43fc3d856a8674ab75587990c60c63c0326cd61935db4bfd093ec650f764d533'}",c0:4e:30:31:42:9c,1.0,0,18,BURST,0.0,0,415.2880580319713,1.0,0,1.0,415.2770829387009,415.82483402453363,415.8428329974413,36,36,E220-400T22D,1.0,18,fixed_redundancy_burst_burst3_loss00_seed53_e220,18,53,80:65:99:a7:a8:a4,0,REAL_E220_WITH_APPLICATION_LAYER_INJECTION,2026-09-25T15:54:59.308062+00:00,FIXED_REDUNDANCY,1404,b4022cc825edbde82bafbf00ac2ccda31c900699a36d29bc31fcbbf1459f4fde,"{'CRITICAL': 4, 'IMPORTANT': 6, 'NORMAL': 8}","{'CRITICAL': 4, 'IMPORTANT': 6, 'NORMAL': 8}"
468,36,0,36,3,351.0,0,1.0,0.0,936,0,18,18,26.74379916698672,uncommitted,"{'gateway': 'f6e10d90e8003100a8e76537dfef74e281fadffd7096e97d8c78bcdcff07863c', 'sensor': '43fc3d856a8674ab75587990c60c63c0326cd61935db4bfd093ec650f764d533'}",c0:4e:30:31:42:9c,1.0,0,18,BURST,0.0,0,414.923942156343,1.0,0,1.0,415.0542919524014,415.53233400918543,415.8501250203699,36,36,E220-400T22D,1.0,18,fixed_redundancy_burst_burst3_loss00_seed67_e220,18,67,80:65:99:a7:a8:a4,0,REAL_E220_WITH_APPLICATION_LAYER_INJECTION,2026-09-25T15:55:26.365610+00:00,FIXED_REDUNDANCY,1404,2d48acff96e0326bf8076422f46d3122c6fcdb34e3dce0875aa0b6d0c25d8b09,"{'CRITICAL': 4, 'IMPORTANT': 6, 'NORMAL': 8}","{'CRITICAL': 4, 'IMPORTANT': 6, 'NORMAL': 8}"
468,36,0,36,3,351.0,0,1.0,0.0,936,0,18,18,26.749907500110567,uncommitted,"{'gateway': 'f6e10d90e8003100a8e76537dfef74e281fadffd7096e97d8c78bcdcff07863c', 'sensor': '43fc3d856a8674ab75587990c60c63c0326cd61935db4bfd093ec650f764d533'}",c0:4e:30:31:42:9c,1.0,0,18,BURST,0.0,0,415.11806024290206,1.0,0,1.0,415.3357921168208,415.9452919848263,417.72383404895663,36,36,E220-400T22D,1.0,18,fixed_redundancy_burst_burst3_loss00_seed71_e220,18,71,80:65:99:a7:a8:a4,0,REAL_E220_WITH_APPLICATION_LAYER_INJECTION,2026-09-25T15:55:53.440326+00:00,FIXED_REDUNDANCY,1404,2d3c2f6899d93398a0323cbc3dd099cc658d87cb1a131f0dc77658cba16ea74d,"{'CRITICAL': 4, 'IMPORTANT': 6, 'NORMAL': 8}","{'CRITICAL': 4, 'IMPORTANT': 6, 'NORMAL': 8}"
468,36,0,36,3,351.0,0,1.0,0.0,936,0,18,18,26.744228875031695,uncommitted,"{'gateway': 'f6e10d90e8003100a8e76537dfef74e281fadffd7096e97d8c78bcdcff07863c', 'sensor': '43fc3d856a8674ab75587990c60c63c0326cd61935db4bfd093ec650f764d533'}",c0:4e:30:31:42:9c,1.0,0,18,BURST,0.0,0,415.1596179387222,1.0,0,1.0,415.28824996203184,415.7824160065502,415.84329190663993,36,36,E220-400T22D,1.0,18,fixed_redundancy_burst_burst3_loss00_seed83_e220,18,83,80:65:99:a7:a8:a4,0,REAL_E220_WITH_APPLICATION_LAYER_INJECTION,2026-09-25T15:56:20.529815+00:00,FIXED_REDUNDANCY,1404,53ff4fba2d4224e6126faaa651a0a0f54f06874d7918a7df123504a07e18367d,"{'CRITICAL': 4, 'IMPORTANT': 6, 'NORMAL': 8}","{'CRITICAL': 4, 'IMPORTANT': 6, 'NORMAL': 8}"
468,36,0,36,3,351.0,0,1.0,0.0,936,0,18,18,26.75516354199499,uncommitted,"{'gateway': 'f6e10d90e8003100a8e76537dfef74e281fadffd7096e97d8c78bcdcff07863c', 'sensor': '43fc3d856a8674ab75587990c60c63c0326cd61935db4bfd093ec650f764d533'}",c0:4e:30:31:42:9c,1.0,0,18,BURST,0.0,0,415.05040493535085,1.0,0,1.0,415.12316605076194,415.6213328242302,415.6262499745935,36,36,E220-400T22D,1.0,18,fixed_redundancy_burst_burst3_loss00_seed97_e220,18,97,80:65:99:a7:a8:a4,0,REAL_E220_WITH_APPLICATION_LAYER_INJECTION,2026-09-25T15:56:47.617807+00:00,FIXED_REDUNDANCY,1404,b3ae2fcb772c83e0a9d99c2203c581f55178fdfc1f99afeebdf75ce2103c44a4,"{'CRITICAL': 4, 'IMPORTANT': 6, 'NORMAL': 8}","{'CRITICAL': 4, 'IMPORTANT': 6, 'NORMAL': 8}"
468,36,0,36,3,351.0,0,1.0,0.0,936,0,18,18,26.7441660000477,uncommitted,"{'gateway': 'f6e10d90e8003100a8e76537dfef74e281fadffd7096e97d8c78bcdcff07863c', 'sensor': '43fc3d856a8674ab75587990c60c63c0326cd61935db4bfd093ec650f764d533'}",c0:4e:30:31:42:9c,1.0,0,18,BURST,0.0,0,415.24033583441957,1.0,0,1.0,415.27145891450346,415.9112919587642,415.9784170333296,36,36,E220-400T22D,1.0,18,fixed_redundancy_burst_burst3_loss00_seed101_e220,18,101,80:65:99:a7:a8:a4,0,REAL_E220_WITH_APPLICATION_LAYER_INJECTION,2026-09-25T15:57:14.710531+00:00,FIXED_REDUNDANCY,1404,38ced8c438353a89e42a4016b370e21009c6fb5e0ea77e924824fea5eef3d7f1,"{'CRITICAL': 4, 'IMPORTANT': 6, 'NORMAL': 8}","{'CRITICAL': 4, 'IMPORTANT': 6, 'NORMAL': 8}"
429,33,0,33,3,341.25,0,1.0,0.0,936,3,18,15,27.621746042044833,uncommitted,"{'gateway': 'f6e10d90e8003100a8e76537dfef74e281fadffd7096e97d8c78bcdcff07863c', 'sensor': '43fc3d856a8674ab75587990c60c63c0326cd61935db4bfd093ec650f764d533'}",c0:4e:30:31:42:9c,1.0,0,18,RANDOM,0.05,0,530.0335139424229,1.0,0,1.0,415.3678750153631,1448.9474999718368,1450.9772090241313,36,36,E220-400T22D,1.0,18,fixed_redundancy_random_loss05_seed11_e220,18,11,80:65:99:a7:a8:a4,0,REAL_E220_WITH_APPLICATION_LAYER_INJECTION,2026-09-25T15:57:41.872111+00:00,FIXED_REDUNDANCY,1365,19558e2ff7c5eec6632fbb4262cf64002978275c397d79ef132275e7a234a1b0,"{'CRITICAL': 4, 'IMPORTANT': 6, 'NORMAL': 8}","{'CRITICAL': 4, 'IMPORTANT': 6, 'NORMAL': 8}"
455,35,0,35,3,347.75,0,1.0,0.0,936,1,18,17,27.036627291934565,uncommitted,"{'gateway': 'f6e10d90e8003100a8e76537dfef74e281fadffd7096e97d8c78bcdcff07863c', 'sensor': '43fc3d856a8674ab75587990c60c63c0326cd61935db4bfd093ec650f764d533'}",c0:4e:30:31:42:9c,1.0,0,18,RANDOM,0.05,0,414.9024491715762,1.0,0,1.0,415.47949984669685,415.91141698881984,415.9883330576122,36,36,E220-400T22D,1.0,18,fixed_redundancy_random_loss05_seed23_e220,18,23,80:65:99:a7:a8:a4,0,REAL_E220_WITH_APPLICATION_LAYER_INJECTION,2026-09-25T15:58:09.829101+00:00,FIXED_REDUNDANCY,1391,ba6e53695b846b6a760bc4863801fb8b228a9f15f3423399f8c1b92c23c0b90e,"{'CRITICAL': 4, 'IMPORTANT': 6, 'NORMAL': 8}","{'CRITICAL': 4, 'IMPORTANT': 6, 'NORMAL': 8}"
390,30,1,30,3,331.5,0,1.0,0.0,936,5,17,13,28.50585633306764,uncommitted,"{'gateway': 'f6e10d90e8003100a8e76537dfef74e281fadffd7096e97d8c78bcdcff07863c', 'sensor': '43fc3d856a8674ab75587990c60c63c0326cd61935db4bfd093ec650f764d533'}",c0:4e:30:31:42:9c,1.0,0,18,RANDOM,0.05,1,536.9281494469546,0.875,0,0.9444444444444444,415.4305418487638,1449.3973329663277,1449.7094168327749,35,36,E220-400T22D,1.0,18,fixed_redundancy_random_loss05_seed37_e220,18,37,80:65:99:a7:a8:a4,1,REAL_E220_WITH_APPLICATION_LAYER_INJECTION,2026-09-25T15:58:37.432655+00:00,FIXED_REDUNDANCY,1326,c3c12e6d559c965a929e18e0c7341898c3b0fffd33e465240a3a1338a43f0685,"{'CRITICAL': 4, 'IMPORTANT': 6, 'NORMAL': 8}","{'CRITICAL': 4, 'IMPORTANT': 6, 'NORMAL': 7}"
442,34,1,34,3,344.5,0,1.0,0.0,936,2,18,16,27.34434675006196,uncommitted,"{'gateway': 'f6e10d90e8003100a8e76537dfef74e281fadffd7096e97d8c78bcdcff07863c', 'sensor': '43fc3d856a8674ab75587990c60c63c0326cd61935db4bfd093ec650f764d533'}",c0:4e:30:31:42:9c,1.0,0,18,RANDOM,0.05,0,469.9924582382664,1.0,0,1.0,415.2096670586616,415.8360830042511,1454.5407078694552,36,36,E220-400T22D,1.0,18,fixed_redundancy_random_loss05_seed41_e220,18,41,80:65:99:a7:a8:a4,0,REAL_E220_WITH_APPLICATION_LAYER_INJECTION,2026-09-25T15:59:06.296304+00:00,FIXED_REDUNDANCY,1378,7b582d28d1a0d37c025a186dceed2ea57178c0bc0bad73992320ef8e933680f3,"{'CRITICAL': 4, 'IMPORTANT': 6, 'NORMAL': 8}","{'CRITICAL': 4, 'IMPORTANT': 6, 'NORMAL': 8}"
455,35,1,35,3,347.75,0,1.0,0.0,936,1,18,17,27.038508584024385,uncommitted,"{'gateway': 'f6e10d90e8003100a8e76537dfef74e281fadffd7096e97d8c78bcdcff07863c', 'sensor': '43fc3d856a8674ab75587990c60c63c0326cd61935db4bfd093ec650f764d533'}",c0:4e:30:31:42:9c,1.0,0,18,RANDOM,0.05,0,415.2138978889626,1.0,0,1.0,415.23945913650095,415.85504100658,416.39579203911126,36,36,E220-400T22D,1.0,18,fixed_redundancy_random_loss05_seed53_e220,18,53,80:65:99:a7:a8:a4,0,REAL_E220_WITH_APPLICATION_LAYER_INJECTION,2026-09-25T15:59:34.016591+00:00,FIXED_REDUNDANCY,1391,b4022cc825edbde82bafbf00ac2ccda31c900699a36d29bc31fcbbf1459f4fde,"{'CRITICAL': 4, 'IMPORTANT': 6, 'NORMAL': 8}","{'CRITICAL': 4, 'IMPORTANT': 6, 'NORMAL': 8}"
429,33,4,33,3,341.25,0,1.0,0.0,936,3,18,15,27.627582791959867,uncommitted,"{'gateway': 'f6e10d90e8003100a8e76537dfef74e281fadffd7096e97d8c78bcdcff07863c', 'sensor': '43fc3d856a8674ab75587990c60c63c0326cd61935db4bfd093ec650f764d533'}",c0:4e:30:31:42:9c,1.0,0,18,RANDOM,0.05,0,415.1188286098962,1.0,0,1.0,415.17120809294283,415.96891707740724,416.5368329267949,36,36,E220-400T22D,1.0,18,fixed_redundancy_random_loss05_seed67_e220,18,67,80:65:99:a7:a8:a4,0,REAL_E220_WITH_APPLICATION_LAYER_INJECTION,2026-09-25T16:00:01.369681+00:00,FIXED_REDUNDANCY,1365,2d48acff96e0326bf8076422f46d3122c6fcdb34e3dce0875aa0b6d0c25d8b09,"{'CRITICAL': 4, 'IMPORTANT': 6, 'NORMAL': 8}","{'CRITICAL': 4, 'IMPORTANT': 6, 'NORMAL': 8}"
442,34,2,34,3,344.5,0,1.0,0.0,936,2,18,16,27.34036041703075,uncommitted,"{'gateway': 'f6e10d90e8003100a8e76537dfef74e281fadffd7096e97d8c78bcdcff07863c', 'sensor': '43fc3d856a8674ab75587990c60c63c0326cd61935db4bfd093ec650f764d533'}",c0:4e:30:31:42:9c,1.0,0,18,RANDOM,0.05,0,530.5251667224285,1.0,0,1.0,415.2784999459982,1450.142125133425,1453.0357499606907,36,36,E220-400T22D,1.0,18,fixed_redundancy_random_loss05_seed71_e220,18,71,80:65:99:a7:a8:a4,0,REAL_E220_WITH_APPLICATION_LAYER_INJECTION,2026-09-25T16:00:29.367875+00:00,FIXED_REDUNDANCY,1378,2d3c2f6899d93398a0323cbc3dd099cc658d87cb1a131f0dc77658cba16ea74d,"{'CRITICAL': 4, 'IMPORTANT': 6, 'NORMAL': 8}","{'CRITICAL': 4, 'IMPORTANT': 6, 'NORMAL': 8}"
429,33,3,33,3,341.25,0,1.0,0.0,936,3,18,15,27.641930625075474,uncommitted,"{'gateway': 'f6e10d90e8003100a8e76537dfef74e281fadffd7096e97d8c78bcdcff07863c', 'sensor': '43fc3d856a8674ab75587990c60c63c0326cd61935db4bfd093ec650f764d533'}",c0:4e:30:31:42:9c,1.0,0,18,RANDOM,0.05,0,530.4916479831768,1.0,0,1.0,415.2520000934601,1451.9581249915063,1453.204874880612,36,36,E220-400T22D,1.0,18,fixed_redundancy_random_loss05_seed83_e220,18,83,80:65:99:a7:a8:a4,0,REAL_E220_WITH_APPLICATION_LAYER_INJECTION,2026-09-25T16:00:57.044626+00:00,FIXED_REDUNDANCY,1365,53ff4fba2d4224e6126faaa651a0a0f54f06874d7918a7df123504a07e18367d,"{'CRITICAL': 4, 'IMPORTANT': 6, 'NORMAL': 8}","{'CRITICAL': 4, 'IMPORTANT': 6, 'NORMAL': 8}"
442,34,0,34,3,344.5,0,1.0,0.0,936,2,18,16,27.341253499966115,uncommitted,"{'gateway': 'f6e10d90e8003100a8e76537dfef74e281fadffd7096e97d8c78bcdcff07863c', 'sensor': '43fc3d856a8674ab75587990c60c63c0326cd61935db4bfd093ec650f764d533'}",c0:4e:30:31:42:9c,1.0,0,18,RANDOM,0.05,0,472.7919699572441,1.0,0,1.0,415.2349999640137,415.5887081287801,1454.2354999575764,36,36,E220-400T22D,1.0,18,fixed_redundancy_random_loss05_seed97_e220,18,97,80:65:99:a7:a8:a4,0,REAL_E220_WITH_APPLICATION_LAYER_INJECTION,2026-09-25T16:01:25.054493+00:00,FIXED_REDUNDANCY,1378,b3ae2fcb772c83e0a9d99c2203c581f55178fdfc1f99afeebdf75ce2103c44a4,"{'CRITICAL': 4, 'IMPORTANT': 6, 'NORMAL': 8}","{'CRITICAL': 4, 'IMPORTANT': 6, 'NORMAL': 8}"
429,33,3,33,3,341.25,0,1.0,0.0,936,2,17,16,27.63948779203929,uncommitted,"{'gateway': 'f6e10d90e8003100a8e76537dfef74e281fadffd7096e97d8c78bcdcff07863c', 'sensor': '43fc3d856a8674ab75587990c60c63c0326cd61935db4bfd093ec650f764d533'}",c0:4e:30:31:42:9c,1.0,0,18,RANDOM,0.05,1,476.1168701875517,0.875,0,0.9444444444444444,415.5002080369741,416.0660000052303,1449.6225828770548,35,36,E220-400T22D,1.0,18,fixed_redundancy_random_loss05_seed101_e220,18,101,80:65:99:a7:a8:a4,0,REAL_E220_WITH_APPLICATION_LAYER_INJECTION,2026-09-25T16:01:52.762692+00:00,FIXED_REDUNDANCY,1365,38ced8c438353a89e42a4016b370e21009c6fb5e0ea77e924824fea5eef3d7f1,"{'CRITICAL': 4, 'IMPORTANT': 6, 'NORMAL': 8}","{'CRITICAL': 4, 'IMPORTANT': 6, 'NORMAL': 7}"
442,34,2,34,3,344.5,0,1.0,0.0,936,2,17,17,27.3366362079978,uncommitted,"{'gateway': 'f6e10d90e8003100a8e76537dfef74e281fadffd7096e97d8c78bcdcff07863c', 'sensor': '43fc3d856a8674ab75587990c60c63c0326cd61935db4bfd093ec650f764d533'}",c0:4e:30:31:42:9c,1.0,0,18,BURST,0.05,1,415.0730366133811,0.875,0,0.9444444444444444,415.3998331166804,415.96470796503127,416.047666920349,36,36,E220-400T22D,1.0,18,fixed_redundancy_burst_burst3_loss05_seed11_e220,18,11,80:65:99:a7:a8:a4,0,REAL_E220_WITH_APPLICATION_LAYER_INJECTION,2026-09-25T16:02:20.754821+00:00,FIXED_REDUNDANCY,1378,19558e2ff7c5eec6632fbb4262cf64002978275c397d79ef132275e7a234a1b0,"{'CRITICAL': 4, 'IMPORTANT': 6, 'NORMAL': 8}","{'CRITICAL': 4, 'IMPORTANT': 6, 'NORMAL': 7}"
442,34,2,34,3,344.5,0,1.0,0.0,936,2,17,17,27.334784334059805,uncommitted,"{'gateway': 'f6e10d90e8003100a8e76537dfef74e281fadffd7096e97d8c78bcdcff07863c', 'sensor': '43fc3d856a8674ab75587990c60c63c0326cd61935db4bfd093ec650f764d533'}",c0:4e:30:31:42:9c,0.8333333333333334,0,18,BURST,0.05,1,414.9947940947159,1.0,0,0.9444444444444444,415.20712501369417,415.74037494137883,416.5692499373108,36,36,E220-400T22D,1.0,18,fixed_redundancy_burst_burst3_loss05_seed23_e220,18,23,80:65:99:a7:a8:a4,1,REAL_E220_WITH_APPLICATION_LAYER_INJECTION,2026-09-25T16:02:48.513840+00:00,FIXED_REDUNDANCY,1378,ba6e53695b846b6a760bc4863801fb8b228a9f15f3423399f8c1b92c23c0b90e,"{'CRITICAL': 4, 'IMPORTANT': 6, 'NORMAL': 8}","{'CRITICAL': 4, 'IMPORTANT': 5, 'NORMAL': 8}"
442,34,2,34,3,344.5,0,1.0,0.0,936,2,17,17,27.333124124910682,uncommitted,"{'gateway': 'f6e10d90e8003100a8e76537dfef74e281fadffd7096e97d8c78bcdcff07863c', 'sensor': '43fc3d856a8674ab75587990c60c63c0326cd61935db4bfd093ec650f764d533'}",c0:4e:30:31:42:9c,0.8333333333333334,0,18,BURST,0.05,1,414.8191986194647,1.0,0,0.9444444444444444,415.33312504179776,416.113292099908,416.6057091206312,36,36,E220-400T22D,1.0,18,fixed_redundancy_burst_burst3_loss05_seed37_e220,18,37,80:65:99:a7:a8:a4,1,REAL_E220_WITH_APPLICATION_LAYER_INJECTION,2026-09-25T16:03:16.228450+00:00,FIXED_REDUNDANCY,1378,c3c12e6d559c965a929e18e0c7341898c3b0fffd33e465240a3a1338a43f0685,"{'CRITICAL': 4, 'IMPORTANT': 6, 'NORMAL': 8}","{'CRITICAL': 4, 'IMPORTANT': 5, 'NORMAL': 8}"
442,34,2,34,3,344.5,0,1.0,0.0,936,2,17,17,27.352797375060618,uncommitted,"{'gateway': 'f6e10d90e8003100a8e76537dfef74e281fadffd7096e97d8c78bcdcff07863c', 'sensor': '43fc3d856a8674ab75587990c60c63c0326cd61935db4bfd093ec650f764d533'}",c0:4e:30:31:42:9c,0.8333333333333334,0,18,BURST,0.05,1,415.2649286723531,1.0,0,0.9444444444444444,415.1739578228444,415.7960831653327,416.0298330243677,36,36,E220-400T22D,1.0,18,fixed_redundancy_burst_burst3_loss05_seed41_e220,18,41,80:65:99:a7:a8:a4,1,REAL_E220_WITH_APPLICATION_LAYER_INJECTION,2026-09-25T16:03:43.918613+00:00,FIXED_REDUNDANCY,1378,7b582d28d1a0d37c025a186dceed2ea57178c0bc0bad73992320ef8e933680f3,"{'CRITICAL': 4, 'IMPORTANT': 6, 'NORMAL': 8}","{'CRITICAL': 4, 'IMPORTANT': 5, 'NORMAL': 8}"
442,34,2,34,3,344.5,0,1.0,0.0,936,2,17,17,27.355469458037987,uncommitted,"{'gateway': 'f6e10d90e8003100a8e76537dfef74e281fadffd7096e97d8c78bcdcff07863c', 'sensor': '43fc3d856a8674ab75587990c60c63c0326cd61935db4bfd093ec650f764d533'}",c0:4e:30:31:42:9c,0.8333333333333334,0,18,BURST,0.05,1,414.90854670786683,1.0,0,0.9444444444444444,415.3167500626296,415.84504186175764,415.92908394522965,36,36,E220-400T22D,1.0,18,fixed_redundancy_burst_burst3_loss05_seed53_e220,18,53,80:65:99:a7:a8:a4,1,REAL_E220_WITH_APPLICATION_LAYER_INJECTION,2026-09-25T16:04:11.621255+00:00,FIXED_REDUNDANCY,1378,b4022cc825edbde82bafbf00ac2ccda31c900699a36d29bc31fcbbf1459f4fde,"{'CRITICAL': 4, 'IMPORTANT': 6, 'NORMAL': 8}","{'CRITICAL': 4, 'IMPORTANT': 5, 'NORMAL': 8}"
442,34,2,34,3,344.5,0,1.0,0.0,936,2,17,17,27.33913949993439,uncommitted,"{'gateway': 'f6e10d90e8003100a8e76537dfef74e281fadffd7096e97d8c78bcdcff07863c', 'sensor': '43fc3d856a8674ab75587990c60c63c0326cd61935db4bfd093ec650f764d533'}",c0:4e:30:31:42:9c,0.8333333333333334,0,18,BURST,0.05,1,415.16042139162033,1.0,0,0.9444444444444444,415.21949996240437,415.6920409295708,415.84404092282057,36,36,E220-400T22D,1.0,18,fixed_redundancy_burst_burst3_loss05_seed67_e220,18,67,80:65:99:a7:a8:a4,1,REAL_E220_WITH_APPLICATION_LAYER_INJECTION,2026-09-25T16:04:39.338127+00:00,FIXED_REDUNDANCY,1378,2d48acff96e0326bf8076422f46d3122c6fcdb34e3dce0875aa0b6d0c25d8b09,"{'CRITICAL': 4, 'IMPORTANT': 6, 'NORMAL': 8}","{'CRITICAL': 4, 'IMPORTANT': 5, 'NORMAL': 8}"
442,34,2,34,3,344.5,0,1.0,0.0,936,2,17,17,27.327626666985452,uncommitted,"{'gateway': 'f6e10d90e8003100a8e76537dfef74e281fadffd7096e97d8c78bcdcff07863c', 'sensor': '43fc3d856a8674ab75587990c60c63c0326cd61935db4bfd093ec650f764d533'}",c0:4e:30:31:42:9c,0.8333333333333334,0,18,BURST,0.05,1,415.0402891203104,1.0,0,0.9444444444444444,415.16958293505013,415.7617499586195,415.9187499899417,36,36,E220-400T22D,1.0,18,fixed_redundancy_burst_burst3_loss05_seed71_e220,18,71,80:65:99:a7:a8:a4,1,REAL_E220_WITH_APPLICATION_LAYER_INJECTION,2026-09-25T16:05:07.074608+00:00,FIXED_REDUNDANCY,1378,2d3c2f6899d93398a0323cbc3dd099cc658d87cb1a131f0dc77658cba16ea74d,"{'CRITICAL': 4, 'IMPORTANT': 6, 'NORMAL': 8}","{'CRITICAL': 4, 'IMPORTANT': 5, 'NORMAL': 8}"
442,34,2,34,3,459.3333333333333,0,0.75,0.25,936,2,17,17,27.338732667034492,uncommitted,"{'gateway': 'f6e10d90e8003100a8e76537dfef74e281fadffd7096e97d8c78bcdcff07863c', 'sensor': '43fc3d856a8674ab75587990c60c63c0326cd61935db4bfd093ec650f764d533'}",c0:4e:30:31:42:9c,1.0,0,18,BURST,0.05,1,415.19327949294274,1.0,0,0.9444444444444444,415.39300000295043,415.6241249293089,415.6247500795871,36,36,E220-400T22D,1.0,18,fixed_redundancy_burst_burst3_loss05_seed83_e220,18,83,80:65:99:a7:a8:a4,1,REAL_E220_WITH_APPLICATION_LAYER_INJECTION,2026-09-25T16:05:34.750061+00:00,FIXED_REDUNDANCY,1378,53ff4fba2d4224e6126faaa651a0a0f54f06874d7918a7df123504a07e18367d,"{'CRITICAL': 4, 'IMPORTANT': 6, 'NORMAL': 8}","{'CRITICAL': 3, 'IMPORTANT': 6, 'NORMAL': 8}"
442,34,2,34,3,344.5,0,1.0,0.0,936,2,17,17,27.352312500122935,uncommitted,"{'gateway': 'f6e10d90e8003100a8e76537dfef74e281fadffd7096e97d8c78bcdcff07863c', 'sensor': '43fc3d856a8674ab75587990c60c63c0326cd61935db4bfd093ec650f764d533'}",c0:4e:30:31:42:9c,1.0,0,18,BURST,0.05,1,415.38536508896334,0.875,0,0.9444444444444444,415.4467908665538,415.9887919668108,416.0125001799315,36,36,E220-400T22D,1.0,18,fixed_redundancy_burst_burst3_loss05_seed97_e220,18,97,80:65:99:a7:a8:a4,1,REAL_E220_WITH_APPLICATION_LAYER_INJECTION,2026-09-25T16:06:02.457029+00:00,FIXED_REDUNDANCY,1378,b3ae2fcb772c83e0a9d99c2203c581f55178fdfc1f99afeebdf75ce2103c44a4,"{'CRITICAL': 4, 'IMPORTANT': 6, 'NORMAL': 8}","{'CRITICAL': 4, 'IMPORTANT': 6, 'NORMAL': 7}"
442,34,2,34,3,344.5,0,1.0,0.0,936,2,17,17,27.333287457935512,uncommitted,"{'gateway': 'f6e10d90e8003100a8e76537dfef74e281fadffd7096e97d8c78bcdcff07863c', 'sensor': '43fc3d856a8674ab75587990c60c63c0326cd61935db4bfd093ec650f764d533'}",c0:4e:30:31:42:9c,0.8333333333333334,0,18,BURST,0.05,1,415.19501462907476,1.0,0,0.9444444444444444,415.3682079631835,415.82400002516806,415.85454111918807,36,36,E220-400T22D,1.0,18,fixed_redundancy_burst_burst3_loss05_seed101_e220,18,101,80:65:99:a7:a8:a4,1,REAL_E220_WITH_APPLICATION_LAYER_INJECTION,2026-09-25T16:06:30.230714+00:00,FIXED_REDUNDANCY,1378,38ced8c438353a89e42a4016b370e21009c6fb5e0ea77e924824fea5eef3d7f1,"{'CRITICAL': 4, 'IMPORTANT': 6, 'NORMAL': 8}","{'CRITICAL': 4, 'IMPORTANT': 5, 'NORMAL': 8}"
390,30,0,30,3,331.5,0,1.0,0.0,936,6,18,12,28.50477254204452,uncommitted,"{'gateway': 'f6e10d90e8003100a8e76537dfef74e281fadffd7096e97d8c78bcdcff07863c', 'sensor': '43fc3d856a8674ab75587990c60c63c0326cd61935db4bfd093ec650f764d533'}",c0:4e:30:31:42:9c,1.0,0,18,RANDOM,0.1,0,642.5406272367885,1.0,0,1.0,415.1519581209868,1453.0576670076698,1454.2970419861376,36,36,E220-400T22D,1.0,18,fixed_redundancy_random_loss10_seed11_e220,18,11,80:65:99:a7:a8:a4,0,REAL_E220_WITH_APPLICATION_LAYER_INJECTION,2026-09-25T16:06:57.983049+00:00,FIXED_REDUNDANCY,1326,19558e2ff7c5eec6632fbb4262cf64002978275c397d79ef132275e7a234a1b0,"{'CRITICAL': 4, 'IMPORTANT': 6, 'NORMAL': 8}","{'CRITICAL': 4, 'IMPORTANT': 6, 'NORMAL': 8}"
429,33,1,33,3,341.25,0,1.0,0.0,936,2,18,15,27.620616833213717,uncommitted,"{'gateway': 'f6e10d90e8003100a8e76537dfef74e281fadffd7096e97d8c78bcdcff07863c', 'sensor': '43fc3d856a8674ab75587990c60c63c0326cd61935db4bfd093ec650f764d533'}",c0:4e:30:31:42:9c,1.0,0,18,RANDOM,0.1,0,472.8654004348856,1.0,0,1.0,415.1932077948004,417.14133392088115,1454.7294999938458,35,36,E220-400T22D,1.0,18,fixed_redundancy_random_loss10_seed23_e220,18,23,80:65:99:a7:a8:a4,0,REAL_E220_WITH_APPLICATION_LAYER_INJECTION,2026-09-25T16:07:26.850347+00:00,FIXED_REDUNDANCY,1365,ba6e53695b846b6a760bc4863801fb8b228a9f15f3423399f8c1b92c23c0b90e,"{'CRITICAL': 4, 'IMPORTANT': 6, 'NORMAL': 8}","{'CRITICAL': 4, 'IMPORTANT': 6, 'NORMAL': 8}"
364,28,2,28,3,325.0,0,1.0,0.0,936,7,18,10,29.105011000065133,uncommitted,"{'gateway': 'f6e10d90e8003100a8e76537dfef74e281fadffd7096e97d8c78bcdcff07863c', 'sensor': '43fc3d856a8674ab75587990c60c63c0326cd61935db4bfd093ec650f764d533'}",c0:4e:30:31:42:9c,1.0,0,18,RANDOM,0.1,0,703.096990680529,1.0,0,1.0,415.42941704392433,1453.9508330635726,1454.914917005226,35,36,E220-400T22D,1.0,18,fixed_redundancy_random_loss10_seed37_e220,18,37,80:65:99:a7:a8:a4,0,REAL_E220_WITH_APPLICATION_LAYER_INJECTION,2026-09-25T16:07:54.814489+00:00,FIXED_REDUNDANCY,1300,c3c12e6d559c965a929e18e0c7341898c3b0fffd33e465240a3a1338a43f0685,"{'CRITICAL': 4, 'IMPORTANT': 6, 'NORMAL': 8}","{'CRITICAL': 4, 'IMPORTANT': 6, 'NORMAL': 8}"
429,33,3,33,3,341.25,0,1.0,0.0,936,3,18,15,27.62706520780921,uncommitted,"{'gateway': 'f6e10d90e8003100a8e76537dfef74e281fadffd7096e97d8c78bcdcff07863c', 'sensor': '43fc3d856a8674ab75587990c60c63c0326cd61935db4bfd093ec650f764d533'}",c0:4e:30:31:42:9c,1.0,0,18,RANDOM,0.1,0,472.9403239260945,1.0,0,1.0,415.40554095990956,416.8528749141842,1452.2323331329972,36,36,E220-400T22D,1.0,18,fixed_redundancy_random_loss10_seed41_e220,18,41,80:65:99:a7:a8:a4,0,REAL_E220_WITH_APPLICATION_LAYER_INJECTION,2026-09-25T16:08:24.346667+00:00,FIXED_REDUNDANCY,1365,7b582d28d1a0d37c025a186dceed2ea57178c0bc0bad73992320ef8e933680f3,"{'CRITICAL': 4, 'IMPORTANT': 6, 'NORMAL': 8}","{'CRITICAL': 4, 'IMPORTANT': 6, 'NORMAL': 8}"
403,31,0,31,3,446.3333333333333,0,0.75,0.25,936,4,17,14,28.219552000053227,uncommitted,"{'gateway': 'f6e10d90e8003100a8e76537dfef74e281fadffd7096e97d8c78bcdcff07863c', 'sensor': '43fc3d856a8674ab75587990c60c63c0326cd61935db4bfd093ec650f764d533'}",c0:4e:30:31:42:9c,1.0,0,18,RANDOM,0.1,1,415.42128436541293,1.0,0,0.9444444444444444,415.41620809584856,415.8500412013382,416.02612496353686,35,36,E220-400T22D,1.0,18,fixed_redundancy_random_loss10_seed53_e220,18,53,80:65:99:a7:a8:a4,1,REAL_E220_WITH_APPLICATION_LAYER_INJECTION,2026-09-25T16:08:52.319136+00:00,FIXED_REDUNDANCY,1339,b4022cc825edbde82bafbf00ac2ccda31c900699a36d29bc31fcbbf1459f4fde,"{'CRITICAL': 4, 'IMPORTANT': 6, 'NORMAL': 8}","{'CRITICAL': 3, 'IMPORTANT': 6, 'NORMAL': 8}"
416,32,4,32,3,338.0,0,1.0,0.0,936,4,18,14,27.91962229204364,uncommitted,"{'gateway': 'f6e10d90e8003100a8e76537dfef74e281fadffd7096e97d8c78bcdcff07863c', 'sensor': '43fc3d856a8674ab75587990c60c63c0326cd61935db4bfd093ec650f764d533'}",c0:4e:30:31:42:9c,1.0,0,18,RANDOM,0.1,0,415.4843889668377,1.0,0,1.0,415.3497079387307,416.1756669636816,417.2017911914736,36,36,E220-400T22D,1.0,18,fixed_redundancy_random_loss10_seed67_e220,18,67,80:65:99:a7:a8:a4,0,REAL_E220_WITH_APPLICATION_LAYER_INJECTION,2026-09-25T16:09:20.965323+00:00,FIXED_REDUNDANCY,1352,2d48acff96e0326bf8076422f46d3122c6fcdb34e3dce0875aa0b6d0c25d8b09,"{'CRITICAL': 4, 'IMPORTANT': 6, 'NORMAL': 8}","{'CRITICAL': 4, 'IMPORTANT': 6, 'NORMAL': 8}"
429,33,3,33,3,341.25,0,1.0,0.0,936,3,18,15,27.64028774993494,uncommitted,"{'gateway': 'f6e10d90e8003100a8e76537dfef74e281fadffd7096e97d8c78bcdcff07863c', 'sensor': '43fc3d856a8674ab75587990c60c63c0326cd61935db4bfd093ec650f764d533'}",c0:4e:30:31:42:9c,1.0,0,18,RANDOM,0.1,0,530.4228749462507,1.0,0,1.0,415.37075000815094,1452.2259158547968,1452.9984171967953,36,36,E220-400T22D,1.0,18,fixed_redundancy_random_loss10_seed71_e220,18,71,80:65:99:a7:a8:a4,0,REAL_E220_WITH_APPLICATION_LAYER_INJECTION,2026-09-25T16:09:49.233867+00:00,FIXED_REDUNDANCY,1365,2d3c2f6899d93398a0323cbc3dd099cc658d87cb1a131f0dc77658cba16ea74d,"{'CRITICAL': 4, 'IMPORTANT': 6, 'NORMAL': 8}","{'CRITICAL': 4, 'IMPORTANT': 6, 'NORMAL': 8}"
429,33,4,33,3,341.25,0,1.0,0.0,936,3,18,15,27.623440207913518,uncommitted,"{'gateway': 'f6e10d90e8003100a8e76537dfef74e281fadffd7096e97d8c78bcdcff07863c', 'sensor': '43fc3d856a8674ab75587990c60c63c0326cd61935db4bfd093ec650f764d533'}",c0:4e:30:31:42:9c,1.0,0,18,RANDOM,0.1,0,533.971953813711,1.0,0,1.0,415.2415827848017,1452.2886250633746,1454.3104169424623,36,36,E220-400T22D,1.0,18,fixed_redundancy_random_loss10_seed83_e220,18,83,80:65:99:a7:a8:a4,0,REAL_E220_WITH_APPLICATION_LAYER_INJECTION,2026-09-25T16:10:17.223360+00:00,FIXED_REDUNDANCY,1365,53ff4fba2d4224e6126faaa651a0a0f54f06874d7918a7df123504a07e18367d,"{'CRITICAL': 4, 'IMPORTANT': 6, 'NORMAL': 8}","{'CRITICAL': 4, 'IMPORTANT': 6, 'NORMAL': 8}"
442,34,4,34,3,344.5,0,1.0,0.0,936,2,18,16,27.33773141610436,uncommitted,"{'gateway': 'f6e10d90e8003100a8e76537dfef74e281fadffd7096e97d8c78bcdcff07863c', 'sensor': '43fc3d856a8674ab75587990c60c63c0326cd61935db4bfd093ec650f764d533'}",c0:4e:30:31:42:9c,1.0,0,18,RANDOM,0.1,0,473.01096523491043,1.0,0,1.0,415.2846250217408,415.89337517507374,1457.4808338657022,36,36,E220-400T22D,1.0,18,fixed_redundancy_random_loss10_seed97_e220,18,97,80:65:99:a7:a8:a4,0,REAL_E220_WITH_APPLICATION_LAYER_INJECTION,2026-09-25T16:10:45.198922+00:00,FIXED_REDUNDANCY,1378,b3ae2fcb772c83e0a9d99c2203c581f55178fdfc1f99afeebdf75ce2103c44a4,"{'CRITICAL': 4, 'IMPORTANT': 6, 'NORMAL': 8}","{'CRITICAL': 4, 'IMPORTANT': 6, 'NORMAL': 8}"
403,31,5,31,3,334.75,0,1.0,0.0,936,4,17,14,28.206456874962896,uncommitted,"{'gateway': 'f6e10d90e8003100a8e76537dfef74e281fadffd7096e97d8c78bcdcff07863c', 'sensor': '43fc3d856a8674ab75587990c60c63c0326cd61935db4bfd093ec650f764d533'}",c0:4e:30:31:42:9c,1.0,0,18,RANDOM,0.1,1,597.5555195747053,0.875,0,0.9444444444444444,415.36412481218576,1446.2716251146048,1452.213834039867,35,36,E220-400T22D,1.0,18,fixed_redundancy_random_loss10_seed101_e220,18,101,80:65:99:a7:a8:a4,0,REAL_E220_WITH_APPLICATION_LAYER_INJECTION,2026-09-25T16:11:12.872470+00:00,FIXED_REDUNDANCY,1339,38ced8c438353a89e42a4016b370e21009c6fb5e0ea77e924824fea5eef3d7f1,"{'CRITICAL': 4, 'IMPORTANT': 6, 'NORMAL': 8}","{'CRITICAL': 4, 'IMPORTANT': 6, 'NORMAL': 7}"
429,33,3,33,3,341.25,0,1.0,0.0,936,2,17,16,27.638771374942735,uncommitted,"{'gateway': 'f6e10d90e8003100a8e76537dfef74e281fadffd7096e97d8c78bcdcff07863c', 'sensor': '43fc3d856a8674ab75587990c60c63c0326cd61935db4bfd093ec650f764d533'}",c0:4e:30:31:42:9c,1.0,0,18,BURST,0.1,1,476.12666177070315,0.875,0,0.9444444444444444,415.124166989699,415.9406248945743,1452.6917920447886,35,36,E220-400T22D,1.0,18,fixed_redundancy_burst_burst3_loss10_seed11_e220,18,11,80:65:99:a7:a8:a4,0,REAL_E220_WITH_APPLICATION_LAYER_INJECTION,2026-09-25T16:11:41.469821+00:00,FIXED_REDUNDANCY,1365,19558e2ff7c5eec6632fbb4262cf64002978275c397d79ef132275e7a234a1b0,"{'CRITICAL': 4, 'IMPORTANT': 6, 'NORMAL': 8}","{'CRITICAL': 4, 'IMPORTANT': 6, 'NORMAL': 7}"
429,33,2,33,3,341.25,0,1.0,0.0,936,3,17,16,27.648793124826625,uncommitted,"{'gateway': 'f6e10d90e8003100a8e76537dfef74e281fadffd7096e97d8c78bcdcff07863c', 'sensor': '43fc3d856a8674ab75587990c60c63c0326cd61935db4bfd093ec650f764d533'}",c0:4e:30:31:42:9c,0.8333333333333334,0,18,BURST,0.1,1,415.00132081701474,1.0,0,0.9444444444444444,415.1220831554383,415.9625410102308,416.37437511235476,36,36,E220-400T22D,1.0,18,fixed_redundancy_burst_burst3_loss10_seed23_e220,18,23,80:65:99:a7:a8:a4,1,REAL_E220_WITH_APPLICATION_LAYER_INJECTION,2026-09-25T16:12:09.489359+00:00,FIXED_REDUNDANCY,1365,ba6e53695b846b6a760bc4863801fb8b228a9f15f3423399f8c1b92c23c0b90e,"{'CRITICAL': 4, 'IMPORTANT': 6, 'NORMAL': 8}","{'CRITICAL': 4, 'IMPORTANT': 5, 'NORMAL': 8}"
416,32,3,32,3,338.0,0,1.0,0.0,936,4,16,16,27.938913084100932,uncommitted,"{'gateway': 'f6e10d90e8003100a8e76537dfef74e281fadffd7096e97d8c78bcdcff07863c', 'sensor': '43fc3d856a8674ab75587990c60c63c0326cd61935db4bfd093ec650f764d533'}",c0:4e:30:31:42:9c,0.6666666666666666,0,18,BURST,0.1,2,415.20145298272837,1.0,0,0.8888888888888888,415.3861249797046,415.6971250195056,415.7547908835113,36,36,E220-400T22D,1.0,18,fixed_redundancy_burst_burst3_loss10_seed37_e220,18,37,80:65:99:a7:a8:a4,2,REAL_E220_WITH_APPLICATION_LAYER_INJECTION,2026-09-25T16:12:37.468450+00:00,FIXED_REDUNDANCY,1352,c3c12e6d559c965a929e18e0c7341898c3b0fffd33e465240a3a1338a43f0685,"{'CRITICAL': 4, 'IMPORTANT': 6, 'NORMAL': 8}","{'CRITICAL': 4, 'IMPORTANT': 4, 'NORMAL': 8}"
429,33,4,33,3,341.25,0,1.0,0.0,936,3,17,16,27.625803750008345,uncommitted,"{'gateway': 'f6e10d90e8003100a8e76537dfef74e281fadffd7096e97d8c78bcdcff07863c', 'sensor': '43fc3d856a8674ab75587990c60c63c0326cd61935db4bfd093ec650f764d533'}",c0:4e:30:31:42:9c,0.8333333333333334,0,18,BURST,0.1,1,415.3587279622169,1.0,0,0.9444444444444444,415.3667080681771,416.32916615344584,417.44058299809694,36,36,E220-400T22D,1.0,18,fixed_redundancy_burst_burst3_loss10_seed41_e220,18,41,80:65:99:a7:a8:a4,1,REAL_E220_WITH_APPLICATION_LAYER_INJECTION,2026-09-25T16:13:05.775540+00:00,FIXED_REDUNDANCY,1365,7b582d28d1a0d37c025a186dceed2ea57178c0bc0bad73992320ef8e933680f3,"{'CRITICAL': 4, 'IMPORTANT': 6, 'NORMAL': 8}","{'CRITICAL': 4, 'IMPORTANT': 5, 'NORMAL': 8}"
429,33,3,33,3,341.25,0,1.0,0.0,936,3,17,16,27.646325916051865,uncommitted,"{'gateway': 'f6e10d90e8003100a8e76537dfef74e281fadffd7096e97d8c78bcdcff07863c', 'sensor': '43fc3d856a8674ab75587990c60c63c0326cd61935db4bfd093ec650f764d533'}",c0:4e:30:31:42:9c,0.8333333333333334,0,18,BURST,0.1,1,476.3943163458915,1.0,0,0.9444444444444444,415.39137507788837,416.98004119098186,1452.8456248808652,36,36,E220-400T22D,1.0,18,fixed_redundancy_burst_burst3_loss10_seed53_e220,18,53,80:65:99:a7:a8:a4,1,REAL_E220_WITH_APPLICATION_LAYER_INJECTION,2026-09-25T16:13:33.746184+00:00,FIXED_REDUNDANCY,1365,b4022cc825edbde82bafbf00ac2ccda31c900699a36d29bc31fcbbf1459f4fde,"{'CRITICAL': 4, 'IMPORTANT': 6, 'NORMAL': 8}","{'CRITICAL': 4, 'IMPORTANT': 5, 'NORMAL': 8}"
416,32,2,32,3,450.6666666666667,0,0.75,0.25,936,3,16,16,27.93026449996978,uncommitted,"{'gateway': 'f6e10d90e8003100a8e76537dfef74e281fadffd7096e97d8c78bcdcff07863c', 'sensor': '43fc3d856a8674ab75587990c60c63c0326cd61935db4bfd093ec650f764d533'}",c0:4e:30:31:42:9c,0.8333333333333334,0,18,BURST,0.1,2,379.1071172163356,1.0,0,0.8888888888888888,415.2870001271367,427.3317081388086,430.90949999168515,35,36,E220-400T22D,1.0,18,fixed_redundancy_burst_burst3_loss10_seed67_e220,18,67,80:65:99:a7:a8:a4,2,REAL_E220_WITH_APPLICATION_LAYER_INJECTION,2026-09-25T16:14:01.774294+00:00,FIXED_REDUNDANCY,1352,2d48acff96e0326bf8076422f46d3122c6fcdb34e3dce0875aa0b6d0c25d8b09,"{'CRITICAL': 4, 'IMPORTANT': 6, 'NORMAL': 8}","{'CRITICAL': 3, 'IMPORTANT': 5, 'NORMAL': 8}"
416,32,3,32,3,338.0,0,1.0,0.0,936,3,16,16,27.90962737496011,uncommitted,"{'gateway': 'f6e10d90e8003100a8e76537dfef74e281fadffd7096e97d8c78bcdcff07863c', 'sensor': '43fc3d856a8674ab75587990c60c63c0326cd61935db4bfd093ec650f764d533'}",c0:4e:30:31:42:9c,0.8333333333333334,0,18,BURST,0.1,2,414.97017702204175,0.875,0,0.8888888888888888,415.00279190950096,415.71354190818965,415.885291993618,35,36,E220-400T22D,1.0,18,fixed_redundancy_burst_burst3_loss10_seed71_e220,18,71,80:65:99:a7:a8:a4,1,REAL_E220_WITH_APPLICATION_LAYER_INJECTION,2026-09-25T16:14:30.020864+00:00,FIXED_REDUNDANCY,1352,2d3c2f6899d93398a0323cbc3dd099cc658d87cb1a131f0dc77658cba16ea74d,"{'CRITICAL': 4, 'IMPORTANT': 6, 'NORMAL': 8}","{'CRITICAL': 4, 'IMPORTANT': 5, 'NORMAL': 7}"
416,32,2,32,3,450.6666666666667,0,0.75,0.25,936,3,17,15,27.931636083172634,uncommitted,"{'gateway': 'f6e10d90e8003100a8e76537dfef74e281fadffd7096e97d8c78bcdcff07863c', 'sensor': '43fc3d856a8674ab75587990c60c63c0326cd61935db4bfd093ec650f764d533'}",c0:4e:30:31:42:9c,1.0,0,18,BURST,0.1,1,476.17329155807107,1.0,0,0.9444444444444444,415.27883312664926,416.1514160223305,1453.1580000184476,35,36,E220-400T22D,1.0,18,fixed_redundancy_burst_burst3_loss10_seed83_e220,18,83,80:65:99:a7:a8:a4,1,REAL_E220_WITH_APPLICATION_LAYER_INJECTION,2026-09-25T16:14:58.294208+00:00,FIXED_REDUNDANCY,1352,53ff4fba2d4224e6126faaa651a0a0f54f06874d7918a7df123504a07e18367d,"{'CRITICAL': 4, 'IMPORTANT': 6, 'NORMAL': 8}","{'CRITICAL': 3, 'IMPORTANT': 6, 'NORMAL': 8}"
429,33,2,33,3,341.25,0,1.0,0.0,936,2,17,16,27.634530167095363,uncommitted,"{'gateway': 'f6e10d90e8003100a8e76537dfef74e281fadffd7096e97d8c78bcdcff07863c', 'sensor': '43fc3d856a8674ab75587990c60c63c0326cd61935db4bfd093ec650f764d533'}",c0:4e:30:31:42:9c,1.0,0,18,BURST,0.1,1,478.09463721590447,0.875,0,0.9444444444444444,415.2286669705063,450.760125182569,1448.7525830045342,35,36,E220-400T22D,1.0,18,fixed_redundancy_burst_burst3_loss10_seed97_e220,18,97,80:65:99:a7:a8:a4,1,REAL_E220_WITH_APPLICATION_LAYER_INJECTION,2026-09-25T16:15:26.546824+00:00,FIXED_REDUNDANCY,1365,b3ae2fcb772c83e0a9d99c2203c581f55178fdfc1f99afeebdf75ce2103c44a4,"{'CRITICAL': 4, 'IMPORTANT': 6, 'NORMAL': 8}","{'CRITICAL': 4, 'IMPORTANT': 6, 'NORMAL': 7}"
416,32,1,32,3,338.0,0,1.0,0.0,936,4,16,16,27.930375874973834,uncommitted,"{'gateway': 'f6e10d90e8003100a8e76537dfef74e281fadffd7096e97d8c78bcdcff07863c', 'sensor': '43fc3d856a8674ab75587990c60c63c0326cd61935db4bfd093ec650f764d533'}",c0:4e:30:31:42:9c,0.8333333333333334,0,18,BURST,0.1,2,415.1262993691489,0.875,0,0.8888888888888888,415.1584159117192,415.94525007531047,415.97179090604186,36,36,E220-400T22D,1.0,18,fixed_redundancy_burst_burst3_loss10_seed101_e220,18,101,80:65:99:a7:a8:a4,2,REAL_E220_WITH_APPLICATION_LAYER_INJECTION,2026-09-25T16:15:54.502280+00:00,FIXED_REDUNDANCY,1352,38ced8c438353a89e42a4016b370e21009c6fb5e0ea77e924824fea5eef3d7f1,"{'CRITICAL': 4, 'IMPORTANT': 6, 'NORMAL': 8}","{'CRITICAL': 4, 'IMPORTANT': 5, 'NORMAL': 7}"
325,25,5,25,3,420.3333333333333,0,0.75,0.25,936,9,17,8,29.993183667073026,uncommitted,"{'gateway': 'f6e10d90e8003100a8e76537dfef74e281fadffd7096e97d8c78bcdcff07863c', 'sensor': '43fc3d856a8674ab75587990c60c63c0326cd61935db4bfd093ec650f764d533'}",c0:4e:30:31:42:9c,1.0,0,18,RANDOM,0.2,1,720.2827769934255,1.0,0,0.9444444444444444,415.6677080318332,1454.2577089741826,1455.062957946211,34,36,E220-400T22D,1.0,18,fixed_redundancy_random_loss20_seed11_e220,18,11,80:65:99:a7:a8:a4,1,REAL_E220_WITH_APPLICATION_LAYER_INJECTION,2026-09-25T16:16:22.785047+00:00,FIXED_REDUNDANCY,1261,19558e2ff7c5eec6632fbb4262cf64002978275c397d79ef132275e7a234a1b0,"{'CRITICAL': 4, 'IMPORTANT': 6, 'NORMAL': 8}","{'CRITICAL': 3, 'IMPORTANT': 6, 'NORMAL': 8}"
364,28,2,28,3,325.0,0,1.0,0.0,936,8,16,12,29.10686570801772,uncommitted,"{'gateway': 'f6e10d90e8003100a8e76537dfef74e281fadffd7096e97d8c78bcdcff07863c', 'sensor': '43fc3d856a8674ab75587990c60c63c0326cd61935db4bfd093ec650f764d533'}",c0:4e:30:31:42:9c,0.8333333333333334,0,18,RANDOM,0.2,2,479.7020209080074,0.875,0,0.8888888888888888,415.2026670053601,416.05870821513236,1449.2302078288049,36,36,E220-400T22D,1.0,18,fixed_redundancy_random_loss20_seed23_e220,18,23,80:65:99:a7:a8:a4,2,REAL_E220_WITH_APPLICATION_LAYER_INJECTION,2026-09-25T16:16:53.080977+00:00,FIXED_REDUNDANCY,1300,ba6e53695b846b6a760bc4863801fb8b228a9f15f3423399f8c1b92c23c0b90e,"{'CRITICAL': 4, 'IMPORTANT': 6, 'NORMAL': 8}","{'CRITICAL': 4, 'IMPORTANT': 5, 'NORMAL': 7}"
351,27,5,27,3,321.75,0,1.0,0.0,936,7,17,10,29.391383540816605,uncommitted,"{'gateway': 'f6e10d90e8003100a8e76537dfef74e281fadffd7096e97d8c78bcdcff07863c', 'sensor': '43fc3d856a8674ab75587990c60c63c0326cd61935db4bfd093ec650f764d533'}",c0:4e:30:31:42:9c,1.0,0,18,RANDOM,0.2,1,720.7971887169954,0.875,0,0.9444444444444444,415.69370799697936,1454.5025839470327,1455.2229170221835,34,36,E220-400T22D,1.0,18,fixed_redundancy_random_loss20_seed37_e220,18,37,80:65:99:a7:a8:a4,1,REAL_E220_WITH_APPLICATION_LAYER_INJECTION,2026-09-25T16:17:22.527921+00:00,FIXED_REDUNDANCY,1287,c3c12e6d559c965a929e18e0c7341898c3b0fffd33e465240a3a1338a43f0685,"{'CRITICAL': 4, 'IMPORTANT': 6, 'NORMAL': 8}","{'CRITICAL': 4, 'IMPORTANT': 6, 'NORMAL': 7}"
377,29,10,29,3,328.25,0,1.0,0.0,936,6,17,12,28.827761291060597,uncommitted,"{'gateway': 'f6e10d90e8003100a8e76537dfef74e281fadffd7096e97d8c78bcdcff07863c', 'sensor': '43fc3d856a8674ab75587990c60c63c0326cd61935db4bfd093ec650f764d533'}",c0:4e:30:31:42:9c,1.0,0,18,RANDOM,0.2,1,598.4830611988026,0.875,0,0.9444444444444444,415.5475420411676,1453.4636249300092,1454.5853750314564,35,36,E220-400T22D,1.0,18,fixed_redundancy_random_loss20_seed41_e220,18,41,80:65:99:a7:a8:a4,1,REAL_E220_WITH_APPLICATION_LAYER_INJECTION,2026-09-25T16:17:52.240568+00:00,FIXED_REDUNDANCY,1313,7b582d28d1a0d37c025a186dceed2ea57178c0bc0bad73992320ef8e933680f3,"{'CRITICAL': 4, 'IMPORTANT': 6, 'NORMAL': 8}","{'CRITICAL': 4, 'IMPORTANT': 6, 'NORMAL': 7}"
377,29,2,29,3,437.6666666666667,0,0.75,0.25,936,6,17,12,28.818455833941698,uncommitted,"{'gateway': 'f6e10d90e8003100a8e76537dfef74e281fadffd7096e97d8c78bcdcff07863c', 'sensor': '43fc3d856a8674ab75587990c60c63c0326cd61935db4bfd093ec650f764d533'}",c0:4e:30:31:42:9c,1.0,0,18,RANDOM,0.2,1,476.44212018862805,1.0,0,0.9444444444444444,415.3318752069026,416.6488330811262,1454.7824999317527,35,36,E220-400T22D,1.0,18,fixed_redundancy_random_loss20_seed53_e220,18,53,80:65:99:a7:a8:a4,1,REAL_E220_WITH_APPLICATION_LAYER_INJECTION,2026-09-25T16:18:21.402333+00:00,FIXED_REDUNDANCY,1313,b4022cc825edbde82bafbf00ac2ccda31c900699a36d29bc31fcbbf1459f4fde,"{'CRITICAL': 4, 'IMPORTANT': 6, 'NORMAL': 8}","{'CRITICAL': 3, 'IMPORTANT': 6, 'NORMAL': 8}"
377,29,7,29,3,437.6666666666667,0,0.75,0.25,936,6,17,12,28.80859616585076,uncommitted,"{'gateway': 'f6e10d90e8003100a8e76537dfef74e281fadffd7096e97d8c78bcdcff07863c', 'sensor': '43fc3d856a8674ab75587990c60c63c0326cd61935db4bfd093ec650f764d533'}",c0:4e:30:31:42:9c,1.0,0,18,RANDOM,0.2,1,476.202865021632,1.0,0,0.9444444444444444,415.22854194045067,415.9285828936845,1453.7242909427732,35,36,E220-400T22D,1.0,18,fixed_redundancy_random_loss20_seed67_e220,18,67,80:65:99:a7:a8:a4,1,REAL_E220_WITH_APPLICATION_LAYER_INJECTION,2026-09-25T16:18:50.797698+00:00,FIXED_REDUNDANCY,1313,2d48acff96e0326bf8076422f46d3122c6fcdb34e3dce0875aa0b6d0c25d8b09,"{'CRITICAL': 4, 'IMPORTANT': 6, 'NORMAL': 8}","{'CRITICAL': 3, 'IMPORTANT': 6, 'NORMAL': 8}"
325,25,5,25,3,630.5,0,0.5,0.5,936,9,15,10,29.98583024996333,uncommitted,"{'gateway': 'f6e10d90e8003100a8e76537dfef74e281fadffd7096e97d8c78bcdcff07863c', 'sensor': '43fc3d856a8674ab75587990c60c63c0326cd61935db4bfd093ec650f764d533'}",c0:4e:30:31:42:9c,0.8333333333333334,0,18,RANDOM,0.2,3,622.8566334117204,1.0,0,0.8333333333333334,415.2731669601053,1453.6734169814736,1454.0985419880599,34,36,E220-400T22D,1.0,18,fixed_redundancy_random_loss20_seed71_e220,18,71,80:65:99:a7:a8:a4,3,REAL_E220_WITH_APPLICATION_LAYER_INJECTION,2026-09-25T16:19:19.948006+00:00,FIXED_REDUNDANCY,1261,2d3c2f6899d93398a0323cbc3dd099cc658d87cb1a131f0dc77658cba16ea74d,"{'CRITICAL': 4, 'IMPORTANT': 6, 'NORMAL': 8}","{'CRITICAL': 2, 'IMPORTANT': 5, 'NORMAL': 8}"
403,31,8,31,3,334.75,0,1.0,0.0,936,4,18,13,28.225723959039897,uncommitted,"{'gateway': 'f6e10d90e8003100a8e76537dfef74e281fadffd7096e97d8c78bcdcff07863c', 'sensor': '43fc3d856a8674ab75587990c60c63c0326cd61935db4bfd093ec650f764d533'}",c0:4e:30:31:42:9c,1.0,0,18,RANDOM,0.2,0,588.0752059941491,1.0,0,1.0,415.1728330180049,1452.4130830541253,1454.4019589666277,35,36,E220-400T22D,1.0,18,fixed_redundancy_random_loss20_seed83_e220,18,83,80:65:99:a7:a8:a4,0,REAL_E220_WITH_APPLICATION_LAYER_INJECTION,2026-09-25T16:19:50.287315+00:00,FIXED_REDUNDANCY,1339,53ff4fba2d4224e6126faaa651a0a0f54f06874d7918a7df123504a07e18367d,"{'CRITICAL': 4, 'IMPORTANT': 6, 'NORMAL': 8}","{'CRITICAL': 4, 'IMPORTANT': 6, 'NORMAL': 8}"
364,28,3,28,3,325.0,0,1.0,0.0,936,6,17,11,29.100829500006512,uncommitted,"{'gateway': 'f6e10d90e8003100a8e76537dfef74e281fadffd7096e97d8c78bcdcff07863c', 'sensor': '43fc3d856a8674ab75587990c60c63c0326cd61935db4bfd093ec650f764d533'}",c0:4e:30:31:42:9c,1.0,0,18,RANDOM,0.2,1,598.4317034702091,0.875,0,0.9444444444444444,415.23670800961554,1454.5402501244098,1455.0941248890013,34,36,E220-400T22D,1.0,18,fixed_redundancy_random_loss20_seed97_e220,18,97,80:65:99:a7:a8:a4,0,REAL_E220_WITH_APPLICATION_LAYER_INJECTION,2026-09-25T16:20:18.938194+00:00,FIXED_REDUNDANCY,1300,b3ae2fcb772c83e0a9d99c2203c581f55178fdfc1f99afeebdf75ce2103c44a4,"{'CRITICAL': 4, 'IMPORTANT': 6, 'NORMAL': 8}","{'CRITICAL': 4, 'IMPORTANT': 6, 'NORMAL': 7}"
364,28,9,28,3,325.0,0,1.0,0.0,936,7,17,11,29.11313270800747,uncommitted,"{'gateway': 'f6e10d90e8003100a8e76537dfef74e281fadffd7096e97d8c78bcdcff07863c', 'sensor': '43fc3d856a8674ab75587990c60c63c0326cd61935db4bfd093ec650f764d533'}",c0:4e:30:31:42:9c,1.0,0,18,RANDOM,0.2,1,780.859656905865,0.875,0,0.9444444444444444,415.5068330001086,1454.2598749976605,1454.5419998466969,35,36,E220-400T22D,1.0,18,fixed_redundancy_random_loss20_seed101_e220,18,101,80:65:99:a7:a8:a4,1,REAL_E220_WITH_APPLICATION_LAYER_INJECTION,2026-09-25T16:20:48.385071+00:00,FIXED_REDUNDANCY,1300,38ced8c438353a89e42a4016b370e21009c6fb5e0ea77e924824fea5eef3d7f1,"{'CRITICAL': 4, 'IMPORTANT': 6, 'NORMAL': 8}","{'CRITICAL': 4, 'IMPORTANT': 6, 'NORMAL': 7}"
377,29,4,29,3,437.6666666666667,0,0.75,0.25,936,6,15,14,28.81882679113187,uncommitted,"{'gateway': 'f6e10d90e8003100a8e76537dfef74e281fadffd7096e97d8c78bcdcff07863c', 'sensor': '43fc3d856a8674ab75587990c60c63c0326cd61935db4bfd093ec650f764d533'}",c0:4e:30:31:42:9c,0.8333333333333334,0,18,BURST,0.2,3,484.35661395390827,0.875,0,0.8333333333333334,415.3313331771642,415.81008303910494,1454.4583328533918,35,36,E220-400T22D,1.0,18,fixed_redundancy_burst_burst3_loss20_seed11_e220,18,11,80:65:99:a7:a8:a4,2,REAL_E220_WITH_APPLICATION_LAYER_INJECTION,2026-09-25T16:21:17.872818+00:00,FIXED_REDUNDANCY,1313,19558e2ff7c5eec6632fbb4262cf64002978275c397d79ef132275e7a234a1b0,"{'CRITICAL': 4, 'IMPORTANT': 6, 'NORMAL': 8}","{'CRITICAL': 3, 'IMPORTANT': 5, 'NORMAL': 7}"
377,29,6,29,3,328.25,0,1.0,0.0,936,7,15,14,28.82248191582039,uncommitted,"{'gateway': 'f6e10d90e8003100a8e76537dfef74e281fadffd7096e97d8c78bcdcff07863c', 'sensor': '43fc3d856a8674ab75587990c60c63c0326cd61935db4bfd093ec650f764d533'}",c0:4e:30:31:42:9c,0.6666666666666666,0,18,BURST,0.2,3,482.631469424814,0.875,0,0.8333333333333334,414.83158408664167,418.97287499159575,1453.3814578317106,36,36,E220-400T22D,1.0,18,fixed_redundancy_burst_burst3_loss20_seed23_e220,18,23,80:65:99:a7:a8:a4,2,REAL_E220_WITH_APPLICATION_LAYER_INJECTION,2026-09-25T16:21:47.068643+00:00,FIXED_REDUNDANCY,1313,ba6e53695b846b6a760bc4863801fb8b228a9f15f3423399f8c1b92c23c0b90e,"{'CRITICAL': 4, 'IMPORTANT': 6, 'NORMAL': 8}","{'CRITICAL': 4, 'IMPORTANT': 4, 'NORMAL': 7}"
364,28,5,28,3,433.3333333333333,0,0.75,0.25,936,7,14,14,29.106427958933637,uncommitted,"{'gateway': 'f6e10d90e8003100a8e76537dfef74e281fadffd7096e97d8c78bcdcff07863c', 'sensor': '43fc3d856a8674ab75587990c60c63c0326cd61935db4bfd093ec650f764d533'}",c0:4e:30:31:42:9c,0.6666666666666666,0,18,BURST,0.2,4,415.44915481270954,0.875,0,0.7777777777777778,415.4927080962807,416.0732089076191,416.3720831274986,35,36,E220-400T22D,1.0,18,fixed_redundancy_burst_burst3_loss20_seed37_e220,18,37,80:65:99:a7:a8:a4,4,REAL_E220_WITH_APPLICATION_LAYER_INJECTION,2026-09-25T16:22:16.260610+00:00,FIXED_REDUNDANCY,1300,c3c12e6d559c965a929e18e0c7341898c3b0fffd33e465240a3a1338a43f0685,"{'CRITICAL': 4, 'IMPORTANT': 6, 'NORMAL': 8}","{'CRITICAL': 3, 'IMPORTANT': 4, 'NORMAL': 7}"
377,29,8,29,3,328.25,0,1.0,0.0,936,6,15,14,28.818536249920726,uncommitted,"{'gateway': 'f6e10d90e8003100a8e76537dfef74e281fadffd7096e97d8c78bcdcff07863c', 'sensor': '43fc3d856a8674ab75587990c60c63c0326cd61935db4bfd093ec650f764d533'}",c0:4e:30:31:42:9c,0.5,0,18,BURST,0.2,3,415.10136662982404,1.0,0,0.8333333333333334,415.3039581142366,415.7048331107944,415.72070796974003,35,36,E220-400T22D,1.0,18,fixed_redundancy_burst_burst3_loss20_seed41_e220,18,41,80:65:99:a7:a8:a4,3,REAL_E220_WITH_APPLICATION_LAYER_INJECTION,2026-09-25T16:22:45.767414+00:00,FIXED_REDUNDANCY,1313,7b582d28d1a0d37c025a186dceed2ea57178c0bc0bad73992320ef8e933680f3,"{'CRITICAL': 4, 'IMPORTANT': 6, 'NORMAL': 8}","{'CRITICAL': 4, 'IMPORTANT': 3, 'NORMAL': 8}"
377,29,7,29,3,437.6666666666667,0,0.75,0.25,936,6,16,13,28.81933837500401,uncommitted,"{'gateway': 'f6e10d90e8003100a8e76537dfef74e281fadffd7096e97d8c78bcdcff07863c', 'sensor': '43fc3d856a8674ab75587990c60c63c0326cd61935db4bfd093ec650f764d533'}",c0:4e:30:31:42:9c,0.8333333333333334,0,18,BURST,0.2,2,545.1631302858004,1.0,0,0.8888888888888888,415.3376251924783,1452.9275000095367,1454.8510420136154,35,36,E220-400T22D,1.0,18,fixed_redundancy_burst_burst3_loss20_seed53_e220,18,53,80:65:99:a7:a8:a4,2,REAL_E220_WITH_APPLICATION_LAYER_INJECTION,2026-09-25T16:23:14.933875+00:00,FIXED_REDUNDANCY,1313,b4022cc825edbde82bafbf00ac2ccda31c900699a36d29bc31fcbbf1459f4fde,"{'CRITICAL': 4, 'IMPORTANT': 6, 'NORMAL': 8}","{'CRITICAL': 3, 'IMPORTANT': 5, 'NORMAL': 8}"
377,29,6,29,3,328.25,0,1.0,0.0,936,7,15,14,28.814532208023593,uncommitted,"{'gateway': 'f6e10d90e8003100a8e76537dfef74e281fadffd7096e97d8c78bcdcff07863c', 'sensor': '43fc3d856a8674ab75587990c60c63c0326cd61935db4bfd093ec650f764d533'}",c0:4e:30:31:42:9c,0.8333333333333334,0,18,BURST,0.2,3,415.14179171063006,0.75,0,0.8333333333333334,415.1446658652276,416.0225421655923,417.96783288009465,36,36,E220-400T22D,1.0,18,fixed_redundancy_burst_burst3_loss20_seed67_e220,18,67,80:65:99:a7:a8:a4,3,REAL_E220_WITH_APPLICATION_LAYER_INJECTION,2026-09-25T16:23:44.159753+00:00,FIXED_REDUNDANCY,1313,2d48acff96e0326bf8076422f46d3122c6fcdb34e3dce0875aa0b6d0c25d8b09,"{'CRITICAL': 4, 'IMPORTANT': 6, 'NORMAL': 8}","{'CRITICAL': 4, 'IMPORTANT': 5, 'NORMAL': 6}"
364,28,6,28,3,325.0,0,1.0,0.0,936,7,15,13,29.104101249948144,uncommitted,"{'gateway': 'f6e10d90e8003100a8e76537dfef74e281fadffd7096e97d8c78bcdcff07863c', 'sensor': '43fc3d856a8674ab75587990c60c63c0326cd61935db4bfd093ec650f764d533'}",c0:4e:30:31:42:9c,0.8333333333333334,0,18,BURST,0.2,3,484.35592502355576,0.75,0,0.8333333333333334,415.236416971311,415.60729197226465,1454.0508340578526,35,36,E220-400T22D,1.0,18,fixed_redundancy_burst_burst3_loss20_seed71_e220,18,71,80:65:99:a7:a8:a4,2,REAL_E220_WITH_APPLICATION_LAYER_INJECTION,2026-09-25T16:24:13.408603+00:00,FIXED_REDUNDANCY,1300,2d3c2f6899d93398a0323cbc3dd099cc658d87cb1a131f0dc77658cba16ea74d,"{'CRITICAL': 4, 'IMPORTANT': 6, 'NORMAL': 8}","{'CRITICAL': 4, 'IMPORTANT': 5, 'NORMAL': 6}"
377,29,6,29,3,437.6666666666667,0,0.75,0.25,936,7,16,13,28.796885875053704,uncommitted,"{'gateway': 'f6e10d90e8003100a8e76537dfef74e281fadffd7096e97d8c78bcdcff07863c', 'sensor': '43fc3d856a8674ab75587990c60c63c0326cd61935db4bfd093ec650f764d533'}",c0:4e:30:31:42:9c,1.0,0,18,BURST,0.2,2,473.33422904193867,0.875,0,0.8888888888888888,415.145083097741,417.0574159361422,1454.0276669431478,36,36,E220-400T22D,1.0,18,fixed_redundancy_burst_burst3_loss20_seed83_e220,18,83,80:65:99:a7:a8:a4,2,REAL_E220_WITH_APPLICATION_LAYER_INJECTION,2026-09-25T16:24:42.954720+00:00,FIXED_REDUNDANCY,1313,53ff4fba2d4224e6126faaa651a0a0f54f06874d7918a7df123504a07e18367d,"{'CRITICAL': 4, 'IMPORTANT': 6, 'NORMAL': 8}","{'CRITICAL': 3, 'IMPORTANT': 6, 'NORMAL': 7}"
377,29,6,29,3,328.25,0,1.0,0.0,936,6,16,13,28.82632475020364,uncommitted,"{'gateway': 'f6e10d90e8003100a8e76537dfef74e281fadffd7096e97d8c78bcdcff07863c', 'sensor': '43fc3d856a8674ab75587990c60c63c0326cd61935db4bfd093ec650f764d533'}",c0:4e:30:31:42:9c,0.8333333333333334,0,18,BURST,0.2,2,544.9734402500326,0.875,0,0.8888888888888888,415.09062494151294,1454.4385420158505,1455.1689170766622,35,36,E220-400T22D,1.0,18,fixed_redundancy_burst_burst3_loss20_seed97_e220,18,97,80:65:99:a7:a8:a4,2,REAL_E220_WITH_APPLICATION_LAYER_INJECTION,2026-09-25T16:25:12.143519+00:00,FIXED_REDUNDANCY,1313,b3ae2fcb772c83e0a9d99c2203c581f55178fdfc1f99afeebdf75ce2103c44a4,"{'CRITICAL': 4, 'IMPORTANT': 6, 'NORMAL': 8}","{'CRITICAL': 4, 'IMPORTANT': 5, 'NORMAL': 7}"
377,29,5,29,3,328.25,0,1.0,0.0,936,4,16,13,28.820835917023942,uncommitted,"{'gateway': 'f6e10d90e8003100a8e76537dfef74e281fadffd7096e97d8c78bcdcff07863c', 'sensor': '43fc3d856a8674ab75587990c60c63c0326cd61935db4bfd093ec650f764d533'}",c0:4e:30:31:42:9c,0.8333333333333334,0,18,BURST,0.2,2,545.0063099560793,0.875,0,0.8888888888888888,415.3787500690669,1450.8544579148293,1454.9995420966297,33,36,E220-400T22D,1.0,18,fixed_redundancy_burst_burst3_loss20_seed101_e220,18,101,80:65:99:a7:a8:a4,2,REAL_E220_WITH_APPLICATION_LAYER_INJECTION,2026-09-25T16:25:41.399048+00:00,FIXED_REDUNDANCY,1313,38ced8c438353a89e42a4016b370e21009c6fb5e0ea77e924824fea5eef3d7f1,"{'CRITICAL': 4, 'IMPORTANT': 6, 'NORMAL': 8}","{'CRITICAL': 4, 'IMPORTANT': 5, 'NORMAL': 7}"
325,25,8,25,3,420.3333333333333,0,0.75,0.25,936,9,17,8,29.979218875057995,uncommitted,"{'gateway': 'f6e10d90e8003100a8e76537dfef74e281fadffd7096e97d8c78bcdcff07863c', 'sensor': '43fc3d856a8674ab75587990c60c63c0326cd61935db4bfd093ec650f764d533'}",c0:4e:30:31:42:9c,1.0,0,18,RANDOM,0.3,1,659.3905319322777,1.0,0,0.9444444444444444,415.5601249076426,1453.9733747951686,1454.8657080158591,34,36,E220-400T22D,1.0,18,fixed_redundancy_random_loss30_seed11_e220,18,11,80:65:99:a7:a8:a4,1,REAL_E220_WITH_APPLICATION_LAYER_INJECTION,2026-09-25T16:26:10.596022+00:00,FIXED_REDUNDANCY,1261,19558e2ff7c5eec6632fbb4262cf64002978275c397d79ef132275e7a234a1b0,"{'CRITICAL': 4, 'IMPORTANT': 6, 'NORMAL': 8}","{'CRITICAL': 3, 'IMPORTANT': 6, 'NORMAL': 8}"
338,26,5,26,3,318.5,0,1.0,0.0,936,10,16,10,29.711412332952023,uncommitted,"{'gateway': 'f6e10d90e8003100a8e76537dfef74e281fadffd7096e97d8c78bcdcff07863c', 'sensor': '43fc3d856a8674ab75587990c60c63c0326cd61935db4bfd093ec650f764d533'}",c0:4e:30:31:42:9c,0.8333333333333334,0,18,RANDOM,0.3,2,479.67836454336066,0.875,0,0.8888888888888888,415.14024999924004,416.2423328962177,1448.4155420213938,36,36,E220-400T22D,1.0,18,fixed_redundancy_random_loss30_seed23_e220,18,23,80:65:99:a7:a8:a4,2,REAL_E220_WITH_APPLICATION_LAYER_INJECTION,2026-09-25T16:26:40.938595+00:00,FIXED_REDUNDANCY,1274,ba6e53695b846b6a760bc4863801fb8b228a9f15f3423399f8c1b92c23c0b90e,"{'CRITICAL': 4, 'IMPORTANT': 6, 'NORMAL': 8}","{'CRITICAL': 4, 'IMPORTANT': 5, 'NORMAL': 7}"
299,23,5,23,3,308.75,0,1.0,0.0,936,9,16,7,30.57942616683431,uncommitted,"{'gateway': 'f6e10d90e8003100a8e76537dfef74e281fadffd7096e97d8c78bcdcff07863c', 'sensor': '43fc3d856a8674ab75587990c60c63c0326cd61935db4bfd093ec650f764d533'}",c0:4e:30:31:42:9c,0.8333333333333334,0,18,RANDOM,0.3,2,739.4385546358535,0.875,0,0.8888888888888888,415.51399999298155,1454.4052500277758,1454.6830409672111,32,36,E220-400T22D,1.0,18,fixed_redundancy_random_loss30_seed37_e220,18,37,80:65:99:a7:a8:a4,2,REAL_E220_WITH_APPLICATION_LAYER_INJECTION,2026-09-25T16:27:11.227888+00:00,FIXED_REDUNDANCY,1235,c3c12e6d559c965a929e18e0c7341898c3b0fffd33e465240a3a1338a43f0685,"{'CRITICAL': 4, 'IMPORTANT': 6, 'NORMAL': 8}","{'CRITICAL': 4, 'IMPORTANT': 5, 'NORMAL': 7}"
286,22,13,22,3,611.0,0,0.5,0.5,936,8,14,8,30.881671667099,uncommitted,"{'gateway': 'f6e10d90e8003100a8e76537dfef74e281fadffd7096e97d8c78bcdcff07863c', 'sensor': '43fc3d856a8674ab75587990c60c63c0326cd61935db4bfd093ec650f764d533'}",c0:4e:30:31:42:9c,0.8333333333333334,0,18,RANDOM,0.3,4,712.00043751326,0.875,0,0.7777777777777778,415.55862477980554,1454.5914160553366,1454.9997090362012,30,36,E220-400T22D,1.0,18,fixed_redundancy_random_loss30_seed41_e220,18,41,80:65:99:a7:a8:a4,4,REAL_E220_WITH_APPLICATION_LAYER_INJECTION,2026-09-25T16:27:42.142911+00:00,FIXED_REDUNDANCY,1222,7b582d28d1a0d37c025a186dceed2ea57178c0bc0bad73992320ef8e933680f3,"{'CRITICAL': 4, 'IMPORTANT': 6, 'NORMAL': 8}","{'CRITICAL': 2, 'IMPORTANT': 5, 'NORMAL': 7}"
325,25,2,25,3,420.3333333333333,0,0.75,0.25,936,11,16,9,29.995221958961338,uncommitted,"{'gateway': 'f6e10d90e8003100a8e76537dfef74e281fadffd7096e97d8c78bcdcff07863c', 'sensor': '43fc3d856a8674ab75587990c60c63c0326cd61935db4bfd093ec650f764d533'}",c0:4e:30:31:42:9c,0.8333333333333334,0,18,RANDOM,0.3,2,544.7821511188522,1.0,0,0.8888888888888888,415.449625113979,1454.440999776125,1454.5246250927448,36,36,E220-400T22D,1.0,18,fixed_redundancy_random_loss30_seed53_e220,18,53,80:65:99:a7:a8:a4,2,REAL_E220_WITH_APPLICATION_LAYER_INJECTION,2026-09-25T16:28:13.388619+00:00,FIXED_REDUNDANCY,1261,b4022cc825edbde82bafbf00ac2ccda31c900699a36d29bc31fcbbf1459f4fde,"{'CRITICAL': 4, 'IMPORTANT': 6, 'NORMAL': 8}","{'CRITICAL': 3, 'IMPORTANT': 5, 'NORMAL': 8}"
351,27,11,27,3,321.75,0,1.0,0.0,936,9,17,10,29.38450508378446,uncommitted,"{'gateway': 'f6e10d90e8003100a8e76537dfef74e281fadffd7096e97d8c78bcdcff07863c', 'sensor': '43fc3d856a8674ab75587990c60c63c0326cd61935db4bfd093ec650f764d533'}",c0:4e:30:31:42:9c,1.0,0,18,RANDOM,0.3,1,475.7655344574767,0.875,0,0.9444444444444444,415.1653749868274,416.3411669433117,1449.162167031318,36,36,E220-400T22D,1.0,18,fixed_redundancy_random_loss30_seed67_e220,18,67,80:65:99:a7:a8:a4,1,REAL_E220_WITH_APPLICATION_LAYER_INJECTION,2026-09-25T16:28:43.710098+00:00,FIXED_REDUNDANCY,1287,2d48acff96e0326bf8076422f46d3122c6fcdb34e3dce0875aa0b6d0c25d8b09,"{'CRITICAL': 4, 'IMPORTANT': 6, 'NORMAL': 8}","{'CRITICAL': 4, 'IMPORTANT': 6, 'NORMAL': 7}"
286,22,5,22,3,1222.0,0,0.25,0.75,936,12,14,8,30.899489999981597,uncommitted,"{'gateway': 'f6e10d90e8003100a8e76537dfef74e281fadffd7096e97d8c78bcdcff07863c', 'sensor': '43fc3d856a8674ab75587990c60c63c0326cd61935db4bfd093ec650f764d533'}",c0:4e:30:31:42:9c,0.8333333333333334,0,18,RANDOM,0.3,4,638.1329642608762,1.0,0,0.7777777777777778,415.4322079848498,1455.4113750346005,1457.0782089140266,34,36,E220-400T22D,1.0,18,fixed_redundancy_random_loss30_seed71_e220,18,71,80:65:99:a7:a8:a4,4,REAL_E220_WITH_APPLICATION_LAYER_INJECTION,2026-09-25T16:29:13.486335+00:00,FIXED_REDUNDANCY,1222,2d3c2f6899d93398a0323cbc3dd099cc658d87cb1a131f0dc77658cba16ea74d,"{'CRITICAL': 4, 'IMPORTANT': 6, 'NORMAL': 8}","{'CRITICAL': 1, 'IMPORTANT': 5, 'NORMAL': 8}"
338,26,8,26,3,318.5,0,1.0,0.0,936,9,17,9,29.692409500014037,uncommitted,"{'gateway': 'f6e10d90e8003100a8e76537dfef74e281fadffd7096e97d8c78bcdcff07863c', 'sensor': '43fc3d856a8674ab75587990c60c63c0326cd61935db4bfd093ec650f764d533'}",c0:4e:30:31:42:9c,1.0,0,18,RANDOM,0.3,1,720.607875051963,0.875,0,0.9444444444444444,415.70566687732935,1453.7279580254108,1454.2131249327213,35,36,E220-400T22D,1.0,18,fixed_redundancy_random_loss30_seed83_e220,18,83,80:65:99:a7:a8:a4,1,REAL_E220_WITH_APPLICATION_LAYER_INJECTION,2026-09-25T16:29:44.745297+00:00,FIXED_REDUNDANCY,1274,53ff4fba2d4224e6126faaa651a0a0f54f06874d7918a7df123504a07e18367d,"{'CRITICAL': 4, 'IMPORTANT': 6, 'NORMAL': 8}","{'CRITICAL': 4, 'IMPORTANT': 6, 'NORMAL': 7}"
338,26,10,26,3,424.6666666666667,0,0.75,0.25,936,9,16,10,29.708328708074987,uncommitted,"{'gateway': 'f6e10d90e8003100a8e76537dfef74e281fadffd7096e97d8c78bcdcff07863c', 'sensor': '43fc3d856a8674ab75587990c60c63c0326cd61935db4bfd093ec650f764d533'}",c0:4e:30:31:42:9c,1.0,0,18,RANDOM,0.3,2,545.1979297940852,0.875,0,0.8888888888888888,415.44291703030467,1454.9312919843942,1454.957582987845,35,36,E220-400T22D,1.0,18,fixed_redundancy_random_loss30_seed97_e220,18,97,80:65:99:a7:a8:a4,2,REAL_E220_WITH_APPLICATION_LAYER_INJECTION,2026-09-25T16:30:14.812692+00:00,FIXED_REDUNDANCY,1274,b3ae2fcb772c83e0a9d99c2203c581f55178fdfc1f99afeebdf75ce2103c44a4,"{'CRITICAL': 4, 'IMPORTANT': 6, 'NORMAL': 8}","{'CRITICAL': 3, 'IMPORTANT': 6, 'NORMAL': 7}"
325,25,8,25,3,630.5,0,0.5,0.5,936,9,15,10,30.002234916901216,uncommitted,"{'gateway': 'f6e10d90e8003100a8e76537dfef74e281fadffd7096e97d8c78bcdcff07863c', 'sensor': '43fc3d856a8674ab75587990c60c63c0326cd61935db4bfd093ec650f764d533'}",c0:4e:30:31:42:9c,1.0,0,18,RANDOM,0.3,3,691.9963972022136,0.875,0,0.8333333333333334,415.3999169357121,1454.3183748610318,1455.1542908884585,34,36,E220-400T22D,1.0,18,fixed_redundancy_random_loss30_seed101_e220,18,101,80:65:99:a7:a8:a4,3,REAL_E220_WITH_APPLICATION_LAYER_INJECTION,2026-09-25T16:30:44.842137+00:00,FIXED_REDUNDANCY,1261,38ced8c438353a89e42a4016b370e21009c6fb5e0ea77e924824fea5eef3d7f1,"{'CRITICAL': 4, 'IMPORTANT': 6, 'NORMAL': 8}","{'CRITICAL': 2, 'IMPORTANT': 6, 'NORMAL': 7}"
325,25,6,25,3,420.3333333333333,0,0.75,0.25,936,8,13,12,30.00096920900978,uncommitted,"{'gateway': 'f6e10d90e8003100a8e76537dfef74e281fadffd7096e97d8c78bcdcff07863c', 'sensor': '43fc3d856a8674ab75587990c60c63c0326cd61935db4bfd093ec650f764d533'}",c0:4e:30:31:42:9c,0.6666666666666666,0,18,BURST,0.3,5,495.2748397795054,0.75,0,0.7222222222222222,415.4281250666827,415.6905000563711,1454.4360002037138,33,36,E220-400T22D,1.0,18,fixed_redundancy_burst_burst3_loss30_seed11_e220,18,11,80:65:99:a7:a8:a4,4,REAL_E220_WITH_APPLICATION_LAYER_INJECTION,2026-09-25T16:31:15.156965+00:00,FIXED_REDUNDANCY,1261,19558e2ff7c5eec6632fbb4262cf64002978275c397d79ef132275e7a234a1b0,"{'CRITICAL': 4, 'IMPORTANT': 6, 'NORMAL': 8}","{'CRITICAL': 3, 'IMPORTANT': 4, 'NORMAL': 6}"
338,26,6,26,3,424.6666666666667,0,0.75,0.25,936,8,14,12,29.700467166956514,uncommitted,"{'gateway': 'f6e10d90e8003100a8e76537dfef74e281fadffd7096e97d8c78bcdcff07863c', 'sensor': '43fc3d856a8674ab75587990c60c63c0326cd61935db4bfd093ec650f764d533'}",c0:4e:30:31:42:9c,0.6666666666666666,0,18,BURST,0.3,4,489.535205348927,0.875,0,0.7777777777777778,415.434209164232,415.97833414562047,1454.9512909725308,34,36,E220-400T22D,1.0,18,fixed_redundancy_burst_burst3_loss30_seed23_e220,18,23,80:65:99:a7:a8:a4,3,REAL_E220_WITH_APPLICATION_LAYER_INJECTION,2026-09-25T16:31:45.527850+00:00,FIXED_REDUNDANCY,1274,ba6e53695b846b6a760bc4863801fb8b228a9f15f3423399f8c1b92c23c0b90e,"{'CRITICAL': 4, 'IMPORTANT': 6, 'NORMAL': 8}","{'CRITICAL': 3, 'IMPORTANT': 4, 'NORMAL': 7}"
325,25,9,25,3,420.3333333333333,0,0.75,0.25,936,10,13,12,30.00237249978818,uncommitted,"{'gateway': 'f6e10d90e8003100a8e76537dfef74e281fadffd7096e97d8c78bcdcff07863c', 'sensor': '43fc3d856a8674ab75587990c60c63c0326cd61935db4bfd093ec650f764d533'}",c0:4e:30:31:42:9c,0.5,0,18,BURST,0.3,5,495.3460542735859,0.875,0,0.7222222222222222,415.12720799073577,420.447041047737,1454.3624580837786,35,36,E220-400T22D,1.0,18,fixed_redundancy_burst_burst3_loss30_seed37_e220,18,37,80:65:99:a7:a8:a4,4,REAL_E220_WITH_APPLICATION_LAYER_INJECTION,2026-09-25T16:32:15.585443+00:00,FIXED_REDUNDANCY,1261,c3c12e6d559c965a929e18e0c7341898c3b0fffd33e465240a3a1338a43f0685,"{'CRITICAL': 4, 'IMPORTANT': 6, 'NORMAL': 8}","{'CRITICAL': 3, 'IMPORTANT': 3, 'NORMAL': 7}"
325,25,6,25,3,315.25,0,1.0,0.0,936,10,14,11,30.008237583795562,uncommitted,"{'gateway': 'f6e10d90e8003100a8e76537dfef74e281fadffd7096e97d8c78bcdcff07863c', 'sensor': '43fc3d856a8674ab75587990c60c63c0326cd61935db4bfd093ec650f764d533'}",c0:4e:30:31:42:9c,0.5,0,18,BURST,0.3,4,489.3118810141459,0.875,0,0.7777777777777778,415.27550015598536,415.7201671041548,1454.7541250940412,35,36,E220-400T22D,1.0,18,fixed_redundancy_burst_burst3_loss30_seed41_e220,18,41,80:65:99:a7:a8:a4,3,REAL_E220_WITH_APPLICATION_LAYER_INJECTION,2026-09-25T16:32:45.933562+00:00,FIXED_REDUNDANCY,1261,7b582d28d1a0d37c025a186dceed2ea57178c0bc0bad73992320ef8e933680f3,"{'CRITICAL': 4, 'IMPORTANT': 6, 'NORMAL': 8}","{'CRITICAL': 4, 'IMPORTANT': 3, 'NORMAL': 7}"
338,26,11,26,3,424.6666666666667,0,0.75,0.25,936,6,15,11,29.699365791864693,uncommitted,"{'gateway': 'f6e10d90e8003100a8e76537dfef74e281fadffd7096e97d8c78bcdcff07863c', 'sensor': '43fc3d856a8674ab75587990c60c63c0326cd61935db4bfd093ec650f764d533'}",c0:4e:30:31:42:9c,0.8333333333333334,0,18,BURST,0.3,3,553.9501473773271,0.875,0,0.8333333333333334,415.49366689287126,1454.2826251126826,1454.896125011146,32,36,E220-400T22D,1.0,18,fixed_redundancy_burst_burst3_loss30_seed53_e220,18,53,80:65:99:a7:a8:a4,3,REAL_E220_WITH_APPLICATION_LAYER_INJECTION,2026-09-25T16:33:16.261501+00:00,FIXED_REDUNDANCY,1274,b4022cc825edbde82bafbf00ac2ccda31c900699a36d29bc31fcbbf1459f4fde,"{'CRITICAL': 4, 'IMPORTANT': 6, 'NORMAL': 8}","{'CRITICAL': 3, 'IMPORTANT': 5, 'NORMAL': 7}"
325,25,7,25,3,315.25,0,1.0,0.0,936,11,14,11,29.997547541046515,uncommitted,"{'gateway': 'f6e10d90e8003100a8e76537dfef74e281fadffd7096e97d8c78bcdcff07863c', 'sensor': '43fc3d856a8674ab75587990c60c63c0326cd61935db4bfd093ec650f764d533'}",c0:4e:30:31:42:9c,0.6666666666666666,0,18,BURST,0.3,4,489.13009828954404,0.75,0,0.7777777777777778,414.88241706974804,415.86575005203485,1454.2630000505596,36,36,E220-400T22D,1.0,18,fixed_redundancy_burst_burst3_loss30_seed67_e220,18,67,80:65:99:a7:a8:a4,4,REAL_E220_WITH_APPLICATION_LAYER_INJECTION,2026-09-25T16:33:46.402902+00:00,FIXED_REDUNDANCY,1261,2d48acff96e0326bf8076422f46d3122c6fcdb34e3dce0875aa0b6d0c25d8b09,"{'CRITICAL': 4, 'IMPORTANT': 6, 'NORMAL': 8}","{'CRITICAL': 4, 'IMPORTANT': 4, 'NORMAL': 6}"
338,26,6,26,3,318.5,0,1.0,0.0,936,10,13,13,29.72814929089509,uncommitted,"{'gateway': 'f6e10d90e8003100a8e76537dfef74e281fadffd7096e97d8c78bcdcff07863c', 'sensor': '43fc3d856a8674ab75587990c60c63c0326cd61935db4bfd093ec650f764d533'}",c0:4e:30:31:42:9c,0.8333333333333334,0,18,BURST,0.3,5,415.1970927352802,0.5,0,0.7222222222222222,415.28504085727036,415.6409171409905,416.2777499295771,36,36,E220-400T22D,1.0,18,fixed_redundancy_burst_burst3_loss30_seed71_e220,18,71,80:65:99:a7:a8:a4,4,REAL_E220_WITH_APPLICATION_LAYER_INJECTION,2026-09-25T16:34:16.751037+00:00,FIXED_REDUNDANCY,1274,2d3c2f6899d93398a0323cbc3dd099cc658d87cb1a131f0dc77658cba16ea74d,"{'CRITICAL': 4, 'IMPORTANT': 6, 'NORMAL': 8}","{'CRITICAL': 4, 'IMPORTANT': 5, 'NORMAL': 4}"
325,25,10,25,3,630.5,0,0.5,0.5,936,10,15,10,29.991428083041683,uncommitted,"{'gateway': 'f6e10d90e8003100a8e76537dfef74e281fadffd7096e97d8c78bcdcff07863c', 'sensor': '43fc3d856a8674ab75587990c60c63c0326cd61935db4bfd093ec650f764d533'}",c0:4e:30:31:42:9c,1.0,0,18,BURST,0.3,3,622.6224555944403,0.875,0,0.8333333333333334,415.2013750281185,1452.461790991947,1455.134083982557,35,36,E220-400T22D,1.0,18,fixed_redundancy_burst_burst3_loss30_seed83_e220,18,83,80:65:99:a7:a8:a4,3,REAL_E220_WITH_APPLICATION_LAYER_INJECTION,2026-09-25T16:34:46.795659+00:00,FIXED_REDUNDANCY,1261,53ff4fba2d4224e6126faaa651a0a0f54f06874d7918a7df123504a07e18367d,"{'CRITICAL': 4, 'IMPORTANT': 6, 'NORMAL': 8}","{'CRITICAL': 2, 'IMPORTANT': 6, 'NORMAL': 7}"
338,26,7,26,3,318.5,0,1.0,0.0,936,6,15,11,29.70586095796898,uncommitted,"{'gateway': 'f6e10d90e8003100a8e76537dfef74e281fadffd7096e97d8c78bcdcff07863c', 'sensor': '43fc3d856a8674ab75587990c60c63c0326cd61935db4bfd093ec650f764d533'}",c0:4e:30:31:42:9c,0.6666666666666666,0,18,BURST,0.3,3,553.8482415955514,0.875,0,0.8333333333333334,415.35074985586107,1454.3640420306474,1455.9395830146968,32,36,E220-400T22D,1.0,18,fixed_redundancy_burst_burst3_loss30_seed97_e220,18,97,80:65:99:a7:a8:a4,3,REAL_E220_WITH_APPLICATION_LAYER_INJECTION,2026-09-25T16:35:17.104512+00:00,FIXED_REDUNDANCY,1274,b3ae2fcb772c83e0a9d99c2203c581f55178fdfc1f99afeebdf75ce2103c44a4,"{'CRITICAL': 4, 'IMPORTANT': 6, 'NORMAL': 8}","{'CRITICAL': 4, 'IMPORTANT': 4, 'NORMAL': 7}"
325,25,9,25,3,315.25,0,1.0,0.0,936,11,15,10,29.985500333132222,uncommitted,"{'gateway': 'f6e10d90e8003100a8e76537dfef74e281fadffd7096e97d8c78bcdcff07863c', 'sensor': '43fc3d856a8674ab75587990c60c63c0326cd61935db4bfd093ec650f764d533'}",c0:4e:30:31:42:9c,0.6666666666666666,0,18,BURST,0.3,3,622.4093083757907,0.875,0,0.8333333333333334,414.9845000356436,1453.60166602768,1454.8157500103116,36,36,E220-400T22D,1.0,18,fixed_redundancy_burst_burst3_loss30_seed101_e220,18,101,80:65:99:a7:a8:a4,3,REAL_E220_WITH_APPLICATION_LAYER_INJECTION,2026-09-25T16:35:47.160582+00:00,FIXED_REDUNDANCY,1261,38ced8c438353a89e42a4016b370e21009c6fb5e0ea77e924824fea5eef3d7f1,"{'CRITICAL': 4, 'IMPORTANT': 6, 'NORMAL': 8}","{'CRITICAL': 4, 'IMPORTANT': 4, 'NORMAL': 7}"
533,41,0,41,3,399.75,0,1.0,0.0,1066,0,18,23,30.453187624923885,uncommitted,"{'gateway': 'f6e10d90e8003100a8e76537dfef74e281fadffd7096e97d8c78bcdcff07863c', 'sensor': '43fc3d856a8674ab75587990c60c63c0326cd61935db4bfd093ec650f764d533'}",c0:4e:30:31:42:9c,1.0,0,18,RANDOM,0.0,0,415.3524095761693,1.0,0,1.0,415.27662496082485,416.04962502606213,416.0975420381874,41,41,E220-400T22D,1.2777777777777777,23,eventguard_random_loss00_seed11_e220,18,11,80:65:99:a7:a8:a4,0,REAL_E220_WITH_APPLICATION_LAYER_INJECTION,2026-09-25T16:36:17.492971+00:00,EVENTGUARD,1599,19558e2ff7c5eec6632fbb4262cf64002978275c397d79ef132275e7a234a1b0,"{'CRITICAL': 4, 'IMPORTANT': 6, 'NORMAL': 8}","{'CRITICAL': 4, 'IMPORTANT': 6, 'NORMAL': 8}"
533,41,0,41,3,399.75,0,1.0,0.0,1066,0,18,23,30.4631372501608,uncommitted,"{'gateway': 'f6e10d90e8003100a8e76537dfef74e281fadffd7096e97d8c78bcdcff07863c', 'sensor': '43fc3d856a8674ab75587990c60c63c0326cd61935db4bfd093ec650f764d533'}",c0:4e:30:31:42:9c,1.0,0,18,RANDOM,0.0,0,415.2662407141179,1.0,0,1.0,415.3712089173496,416.0307089332491,416.0974589176476,41,41,E220-400T22D,1.2777777777777777,23,eventguard_random_loss00_seed23_e220,18,23,80:65:99:a7:a8:a4,0,REAL_E220_WITH_APPLICATION_LAYER_INJECTION,2026-09-25T16:36:48.266458+00:00,EVENTGUARD,1599,ba6e53695b846b6a760bc4863801fb8b228a9f15f3423399f8c1b92c23c0b90e,"{'CRITICAL': 4, 'IMPORTANT': 6, 'NORMAL': 8}","{'CRITICAL': 4, 'IMPORTANT': 6, 'NORMAL': 8}"
533,41,0,41,3,399.75,0,1.0,0.0,1066,0,18,23,30.449019124964252,uncommitted,"{'gateway': 'f6e10d90e8003100a8e76537dfef74e281fadffd7096e97d8c78bcdcff07863c', 'sensor': '43fc3d856a8674ab75587990c60c63c0326cd61935db4bfd093ec650f764d533'}",c0:4e:30:31:42:9c,1.0,0,18,RANDOM,0.0,0,415.1067082873649,1.0,0,1.0,415.14670802280307,415.73208407498896,415.7377500087023,41,41,E220-400T22D,1.2777777777777777,23,eventguard_random_loss00_seed37_e220,18,37,80:65:99:a7:a8:a4,0,REAL_E220_WITH_APPLICATION_LAYER_INJECTION,2026-09-25T16:37:19.180383+00:00,EVENTGUARD,1599,c3c12e6d559c965a929e18e0c7341898c3b0fffd33e465240a3a1338a43f0685,"{'CRITICAL': 4, 'IMPORTANT': 6, 'NORMAL': 8}","{'CRITICAL': 4, 'IMPORTANT': 6, 'NORMAL': 8}"
533,41,0,41,3,399.75,0,1.0,0.0,1066,0,18,23,30.46242191689089,uncommitted,"{'gateway': 'f6e10d90e8003100a8e76537dfef74e281fadffd7096e97d8c78bcdcff07863c', 'sensor': '43fc3d856a8674ab75587990c60c63c0326cd61935db4bfd093ec650f764d533'}",c0:4e:30:31:42:9c,1.0,0,18,RANDOM,0.0,0,416.43334036537755,1.0,0,1.0,415.5045000370592,415.9930420573801,435.1714579388499,41,41,E220-400T22D,1.2777777777777777,23,eventguard_random_loss00_seed41_e220,18,41,80:65:99:a7:a8:a4,0,REAL_E220_WITH_APPLICATION_LAYER_INJECTION,2026-09-25T16:37:49.992133+00:00,EVENTGUARD,1599,7b582d28d1a0d37c025a186dceed2ea57178c0bc0bad73992320ef8e933680f3,"{'CRITICAL': 4, 'IMPORTANT': 6, 'NORMAL': 8}","{'CRITICAL': 4, 'IMPORTANT': 6, 'NORMAL': 8}"
533,41,0,41,3,399.75,0,1.0,0.0,1066,0,18,23,30.466689708875492,uncommitted,"{'gateway': 'f6e10d90e8003100a8e76537dfef74e281fadffd7096e97d8c78bcdcff07863c', 'sensor': '43fc3d856a8674ab75587990c60c63c0326cd61935db4bfd093ec650f764d533'}",c0:4e:30:31:42:9c,1.0,0,18,RANDOM,0.0,0,415.1641064349355,1.0,0,1.0,415.17112497240305,416.0249999258667,416.37649992480874,41,41,E220-400T22D,1.2777777777777777,23,eventguard_random_loss00_seed53_e220,18,53,80:65:99:a7:a8:a4,0,REAL_E220_WITH_APPLICATION_LAYER_INJECTION,2026-09-25T16:38:20.764257+00:00,EVENTGUARD,1599,b4022cc825edbde82bafbf00ac2ccda31c900699a36d29bc31fcbbf1459f4fde,"{'CRITICAL': 4, 'IMPORTANT': 6, 'NORMAL': 8}","{'CRITICAL': 4, 'IMPORTANT': 6, 'NORMAL': 8}"
533,41,0,41,3,399.75,0,1.0,0.0,1066,0,18,23,30.445881125051528,uncommitted,"{'gateway': 'f6e10d90e8003100a8e76537dfef74e281fadffd7096e97d8c78bcdcff07863c', 'sensor': '43fc3d856a8674ab75587990c60c63c0326cd61935db4bfd093ec650f764d533'}",c0:4e:30:31:42:9c,1.0,0,18,RANDOM,0.0,0,415.1317014798729,1.0,0,1.0,415.16754194162786,415.5525420792401,415.81483418121934,41,41,E220-400T22D,1.2777777777777777,23,eventguard_random_loss00_seed67_e220,18,67,80:65:99:a7:a8:a4,0,REAL_E220_WITH_APPLICATION_LAYER_INJECTION,2026-09-25T16:38:51.596608+00:00,EVENTGUARD,1599,2d48acff96e0326bf8076422f46d3122c6fcdb34e3dce0875aa0b6d0c25d8b09,"{'CRITICAL': 4, 'IMPORTANT': 6, 'NORMAL': 8}","{'CRITICAL': 4, 'IMPORTANT': 6, 'NORMAL': 8}"
533,41,0,41,3,399.75,0,1.0,0.0,1066,0,18,23,30.45287520904094,uncommitted,"{'gateway': 'f6e10d90e8003100a8e76537dfef74e281fadffd7096e97d8c78bcdcff07863c', 'sensor': '43fc3d856a8674ab75587990c60c63c0326cd61935db4bfd093ec650f764d533'}",c0:4e:30:31:42:9c,1.0,0,18,RANDOM,0.0,0,415.26171535305264,1.0,0,1.0,415.1850419584662,415.73008289560676,416.919874958694,41,41,E220-400T22D,1.2777777777777777,23,eventguard_random_loss00_seed71_e220,18,71,80:65:99:a7:a8:a4,0,REAL_E220_WITH_APPLICATION_LAYER_INJECTION,2026-09-25T16:39:22.394754+00:00,EVENTGUARD,1599,2d3c2f6899d93398a0323cbc3dd099cc658d87cb1a131f0dc77658cba16ea74d,"{'CRITICAL': 4, 'IMPORTANT': 6, 'NORMAL': 8}","{'CRITICAL': 4, 'IMPORTANT': 6, 'NORMAL': 8}"
533,41,0,41,3,399.75,0,1.0,0.0,1066,0,18,23,30.456514707999304,uncommitted,"{'gateway': 'f6e10d90e8003100a8e76537dfef74e281fadffd7096e97d8c78bcdcff07863c', 'sensor': '43fc3d856a8674ab75587990c60c63c0326cd61935db4bfd093ec650f764d533'}",c0:4e:30:31:42:9c,1.0,0,18,RANDOM,0.0,0,415.27714590645496,1.0,0,1.0,415.24533298797905,415.84891616366804,415.9369580447674,41,41,E220-400T22D,1.2777777777777777,23,eventguard_random_loss00_seed83_e220,18,83,80:65:99:a7:a8:a4,0,REAL_E220_WITH_APPLICATION_LAYER_INJECTION,2026-09-25T16:39:53.205754+00:00,EVENTGUARD,1599,53ff4fba2d4224e6126faaa651a0a0f54f06874d7918a7df123504a07e18367d,"{'CRITICAL': 4, 'IMPORTANT': 6, 'NORMAL': 8}","{'CRITICAL': 4, 'IMPORTANT': 6, 'NORMAL': 8}"
533,41,0,41,3,399.75,0,1.0,0.0,1066,0,18,23,30.456439041998237,uncommitted,"{'gateway': 'f6e10d90e8003100a8e76537dfef74e281fadffd7096e97d8c78bcdcff07863c', 'sensor': '43fc3d856a8674ab75587990c60c63c0326cd61935db4bfd093ec650f764d533'}",c0:4e:30:31:42:9c,1.0,0,18,RANDOM,0.0,0,415.34692373695884,1.0,0,1.0,415.4447498731315,416.56212508678436,416.79829196073115,41,41,E220-400T22D,1.2777777777777777,23,eventguard_random_loss00_seed97_e220,18,97,80:65:99:a7:a8:a4,0,REAL_E220_WITH_APPLICATION_LAYER_INJECTION,2026-09-25T16:40:24.032825+00:00,EVENTGUARD,1599,b3ae2fcb772c83e0a9d99c2203c581f55178fdfc1f99afeebdf75ce2103c44a4,"{'CRITICAL': 4, 'IMPORTANT': 6, 'NORMAL': 8}","{'CRITICAL': 4, 'IMPORTANT': 6, 'NORMAL': 8}"
533,41,0,41,3,399.75,0,1.0,0.0,1066,0,18,23,30.465581916971132,uncommitted,"{'gateway': 'f6e10d90e8003100a8e76537dfef74e281fadffd7096e97d8c78bcdcff07863c', 'sensor': '43fc3d856a8674ab75587990c60c63c0326cd61935db4bfd093ec650f764d533'}",c0:4e:30:31:42:9c,1.0,0,18,RANDOM,0.0,0,415.30632403575714,1.0,0,1.0,415.2558750938624,415.8185420092195,416.0607501398772,41,41,E220-400T22D,1.2777777777777777,23,eventguard_random_loss00_seed101_e220,18,101,80:65:99:a7:a8:a4,0,REAL_E220_WITH_APPLICATION_LAYER_INJECTION,2026-09-25T16:40:55.100071+00:00,EVENTGUARD,1599,38ced8c438353a89e42a4016b370e21009c6fb5e0ea77e924824fea5eef3d7f1,"{'CRITICAL': 4, 'IMPORTANT': 6, 'NORMAL': 8}","{'CRITICAL': 4, 'IMPORTANT': 6, 'NORMAL': 8}"
533,41,0,41,3,399.75,0,1.0,0.0,1066,0,18,23,30.449255916057155,uncommitted,"{'gateway': 'f6e10d90e8003100a8e76537dfef74e281fadffd7096e97d8c78bcdcff07863c', 'sensor': '43fc3d856a8674ab75587990c60c63c0326cd61935db4bfd093ec650f764d533'}",c0:4e:30:31:42:9c,1.0,0,18,BURST,0.0,0,415.27708095964044,1.0,0,1.0,415.21537490189075,416.0403748974204,418.7950410414487,41,41,E220-400T22D,1.2777777777777777,23,eventguard_burst_burst3_loss00_seed11_e220,18,11,80:65:99:a7:a8:a4,0,REAL_E220_WITH_APPLICATION_LAYER_INJECTION,2026-09-25T16:41:25.972049+00:00,EVENTGUARD,1599,19558e2ff7c5eec6632fbb4262cf64002978275c397d79ef132275e7a234a1b0,"{'CRITICAL': 4, 'IMPORTANT': 6, 'NORMAL': 8}","{'CRITICAL': 4, 'IMPORTANT': 6, 'NORMAL': 8}"
533,41,0,41,3,399.75,0,1.0,0.0,1066,0,18,23,30.460693249944597,uncommitted,"{'gateway': 'f6e10d90e8003100a8e76537dfef74e281fadffd7096e97d8c78bcdcff07863c', 'sensor': '43fc3d856a8674ab75587990c60c63c0326cd61935db4bfd093ec650f764d533'}",c0:4e:30:31:42:9c,1.0,0,18,BURST,0.0,0,415.30108096129777,1.0,0,1.0,415.65195890143514,416.0410000476986,416.2515830248594,41,41,E220-400T22D,1.2777777777777777,23,eventguard_burst_burst3_loss00_seed23_e220,18,23,80:65:99:a7:a8:a4,0,REAL_E220_WITH_APPLICATION_LAYER_INJECTION,2026-09-25T16:41:56.767373+00:00,EVENTGUARD,1599,ba6e53695b846b6a760bc4863801fb8b228a9f15f3423399f8c1b92c23c0b90e,"{'CRITICAL': 4, 'IMPORTANT': 6, 'NORMAL': 8}","{'CRITICAL': 4, 'IMPORTANT': 6, 'NORMAL': 8}"
533,41,0,41,3,399.75,0,1.0,0.0,1066,0,18,23,30.45243591698818,uncommitted,"{'gateway': 'f6e10d90e8003100a8e76537dfef74e281fadffd7096e97d8c78bcdcff07863c', 'sensor': '43fc3d856a8674ab75587990c60c63c0326cd61935db4bfd093ec650f764d533'}",c0:4e:30:31:42:9c,1.0,0,18,BURST,0.0,0,415.27039358495836,1.0,0,1.0,415.390667039901,415.69120809435844,415.94395809806883,41,41,E220-400T22D,1.2777777777777777,23,eventguard_burst_burst3_loss00_seed37_e220,18,37,80:65:99:a7:a8:a4,0,REAL_E220_WITH_APPLICATION_LAYER_INJECTION,2026-09-25T16:42:27.571645+00:00,EVENTGUARD,1599,c3c12e6d559c965a929e18e0c7341898c3b0fffd33e465240a3a1338a43f0685,"{'CRITICAL': 4, 'IMPORTANT': 6, 'NORMAL': 8}","{'CRITICAL': 4, 'IMPORTANT': 6, 'NORMAL': 8}"
533,41,0,41,3,399.75,0,1.0,0.0,1066,0,18,23,30.459333749953657,uncommitted,"{'gateway': 'f6e10d90e8003100a8e76537dfef74e281fadffd7096e97d8c78bcdcff07863c', 'sensor': '43fc3d856a8674ab75587990c60c63c0326cd61935db4bfd093ec650f764d533'}",c0:4e:30:31:42:9c,1.0,0,18,BURST,0.0,0,415.4498450871971,1.0,0,1.0,415.3631669469178,416.5177920367569,416.6490000206977,41,41,E220-400T22D,1.2777777777777777,23,eventguard_burst_burst3_loss00_seed41_e220,18,41,80:65:99:a7:a8:a4,0,REAL_E220_WITH_APPLICATION_LAYER_INJECTION,2026-09-25T16:42:58.428653+00:00,EVENTGUARD,1599,7b582d28d1a0d37c025a186dceed2ea57178c0bc0bad73992320ef8e933680f3,"{'CRITICAL': 4, 'IMPORTANT': 6, 'NORMAL': 8}","{'CRITICAL': 4, 'IMPORTANT': 6, 'NORMAL': 8}"
533,41,0,41,3,399.75,0,1.0,0.0,1066,0,18,23,30.448086000047624,uncommitted,"{'gateway': 'f6e10d90e8003100a8e76537dfef74e281fadffd7096e97d8c78bcdcff07863c', 'sensor': '43fc3d856a8674ab75587990c60c63c0326cd61935db4bfd093ec650f764d533'}",c0:4e:30:31:42:9c,1.0,0,18,BURST,0.0,0,415.29016429558396,1.0,0,1.0,415.4398748651147,415.99762509576976,416.2038341164589,41,41,E220-400T22D,1.2777777777777777,23,eventguard_burst_burst3_loss00_seed53_e220,18,53,80:65:99:a7:a8:a4,0,REAL_E220_WITH_APPLICATION_LAYER_INJECTION,2026-09-25T16:43:29.234836+00:00,EVENTGUARD,1599,b4022cc825edbde82bafbf00ac2ccda31c900699a36d29bc31fcbbf1459f4fde,"{'CRITICAL': 4, 'IMPORTANT': 6, 'NORMAL': 8}","{'CRITICAL': 4, 'IMPORTANT': 6, 'NORMAL': 8}"
533,41,0,41,3,399.75,0,1.0,0.0,1066,0,18,23,30.453985000029206,uncommitted,"{'gateway': 'f6e10d90e8003100a8e76537dfef74e281fadffd7096e97d8c78bcdcff07863c', 'sensor': '43fc3d856a8674ab75587990c60c63c0326cd61935db4bfd093ec650f764d533'}",c0:4e:30:31:42:9c,1.0,0,18,BURST,0.0,0,414.85604390295015,1.0,0,1.0,415.13791680336,415.7289578579366,415.8190409652889,41,41,E220-400T22D,1.2777777777777777,23,eventguard_burst_burst3_loss00_seed67_e220,18,67,80:65:99:a7:a8:a4,0,REAL_E220_WITH_APPLICATION_LAYER_INJECTION,2026-09-25T16:44:00.008192+00:00,EVENTGUARD,1599,2d48acff96e0326bf8076422f46d3122c6fcdb34e3dce0875aa0b6d0c25d8b09,"{'CRITICAL': 4, 'IMPORTANT': 6, 'NORMAL': 8}","{'CRITICAL': 4, 'IMPORTANT': 6, 'NORMAL': 8}"
533,41,0,41,3,399.75,0,1.0,0.0,1066,0,18,23,30.4630933329463,uncommitted,"{'gateway': 'f6e10d90e8003100a8e76537dfef74e281fadffd7096e97d8c78bcdcff07863c', 'sensor': '43fc3d856a8674ab75587990c60c63c0326cd61935db4bfd093ec650f764d533'}",c0:4e:30:31:42:9c,1.0,0,18,BURST,0.0,0,415.3832292003143,1.0,0,1.0,415.1832500938326,415.96420807763934,418.49591699428856,41,41,E220-400T22D,1.2777777777777777,23,eventguard_burst_burst3_loss00_seed71_e220,18,71,80:65:99:a7:a8:a4,0,REAL_E220_WITH_APPLICATION_LAYER_INJECTION,2026-09-25T16:44:31.003922+00:00,EVENTGUARD,1599,2d3c2f6899d93398a0323cbc3dd099cc658d87cb1a131f0dc77658cba16ea74d,"{'CRITICAL': 4, 'IMPORTANT': 6, 'NORMAL': 8}","{'CRITICAL': 4, 'IMPORTANT': 6, 'NORMAL': 8}"
533,41,0,41,3,399.75,0,1.0,0.0,1066,0,18,23,30.452780875144526,uncommitted,"{'gateway': 'f6e10d90e8003100a8e76537dfef74e281fadffd7096e97d8c78bcdcff07863c', 'sensor': '43fc3d856a8674ab75587990c60c63c0326cd61935db4bfd093ec650f764d533'}",c0:4e:30:31:42:9c,1.0,0,18,BURST,0.0,0,415.16729408047263,1.0,0,1.0,415.27820797637105,415.7999590970576,416.2557090166956,41,41,E220-400T22D,1.2777777777777777,23,eventguard_burst_burst3_loss00_seed83_e220,18,83,80:65:99:a7:a8:a4,0,REAL_E220_WITH_APPLICATION_LAYER_INJECTION,2026-09-25T16:45:01.852280+00:00,EVENTGUARD,1599,53ff4fba2d4224e6126faaa651a0a0f54f06874d7918a7df123504a07e18367d,"{'CRITICAL': 4, 'IMPORTANT': 6, 'NORMAL': 8}","{'CRITICAL': 4, 'IMPORTANT': 6, 'NORMAL': 8}"
533,41,0,41,3,399.75,0,1.0,0.0,1066,0,18,23,30.45176791702397,uncommitted,"{'gateway': 'f6e10d90e8003100a8e76537dfef74e281fadffd7096e97d8c78bcdcff07863c', 'sensor': '43fc3d856a8674ab75587990c60c63c0326cd61935db4bfd093ec650f764d533'}",c0:4e:30:31:42:9c,1.0,0,18,BURST,0.0,0,415.1394998965164,1.0,0,1.0,415.4559171292931,415.74316704645753,416.08895803801715,41,41,E220-400T22D,1.2777777777777777,23,eventguard_burst_burst3_loss00_seed97_e220,18,97,80:65:99:a7:a8:a4,0,REAL_E220_WITH_APPLICATION_LAYER_INJECTION,2026-09-25T16:45:32.667682+00:00,EVENTGUARD,1599,b3ae2fcb772c83e0a9d99c2203c581f55178fdfc1f99afeebdf75ce2103c44a4,"{'CRITICAL': 4, 'IMPORTANT': 6, 'NORMAL': 8}","{'CRITICAL': 4, 'IMPORTANT': 6, 'NORMAL': 8}"
533,41,0,41,3,399.75,0,1.0,0.0,1066,0,18,23,30.449976791860536,uncommitted,"{'gateway': 'f6e10d90e8003100a8e76537dfef74e281fadffd7096e97d8c78bcdcff07863c', 'sensor': '43fc3d856a8674ab75587990c60c63c0326cd61935db4bfd093ec650f764d533'}",c0:4e:30:31:42:9c,1.0,0,18,BURST,0.0,0,414.647514000535,1.0,0,1.0,415.17916694283485,416.12079180777073,416.1657919175923,41,41,E220-400T22D,1.2777777777777777,23,eventguard_burst_burst3_loss00_seed101_e220,18,101,80:65:99:a7:a8:a4,0,REAL_E220_WITH_APPLICATION_LAYER_INJECTION,2026-09-25T16:46:03.469680+00:00,EVENTGUARD,1599,38ced8c438353a89e42a4016b370e21009c6fb5e0ea77e924824fea5eef3d7f1,"{'CRITICAL': 4, 'IMPORTANT': 6, 'NORMAL': 8}","{'CRITICAL': 4, 'IMPORTANT': 6, 'NORMAL': 8}"
481,37,2,37,3,386.75,0,1.0,0.0,1066,3,17,20,31.62559483293444,uncommitted,"{'gateway': 'f6e10d90e8003100a8e76537dfef74e281fadffd7096e97d8c78bcdcff07863c', 'sensor': '43fc3d856a8674ab75587990c60c63c0326cd61935db4bfd093ec650f764d533'}",c0:4e:30:31:42:9c,1.0,0,18,RANDOM,0.05,1,536.941120031235,0.875,0,0.9444444444444444,415.2126251719892,1446.4182909578085,1454.9408750608563,40,41,E220-400T22D,1.2777777777777777,23,eventguard_random_loss05_seed11_e220,18,11,80:65:99:a7:a8:a4,0,REAL_E220_WITH_APPLICATION_LAYER_INJECTION,2026-09-25T16:46:34.318001+00:00,EVENTGUARD,1547,19558e2ff7c5eec6632fbb4262cf64002978275c397d79ef132275e7a234a1b0,"{'CRITICAL': 4, 'IMPORTANT': 6, 'NORMAL': 8}","{'CRITICAL': 4, 'IMPORTANT': 6, 'NORMAL': 7}"
533,41,1,41,3,399.75,0,1.0,0.0,1066,0,18,23,30.45999183296226,uncommitted,"{'gateway': 'f6e10d90e8003100a8e76537dfef74e281fadffd7096e97d8c78bcdcff07863c', 'sensor': '43fc3d856a8674ab75587990c60c63c0326cd61935db4bfd093ec650f764d533'}",c0:4e:30:31:42:9c,1.0,0,18,RANDOM,0.05,0,415.0533355358574,1.0,0,1.0,414.94558309204876,415.7814581412822,416.02204111404717,41,41,E220-400T22D,1.2777777777777777,23,eventguard_random_loss05_seed23_e220,18,23,80:65:99:a7:a8:a4,0,REAL_E220_WITH_APPLICATION_LAYER_INJECTION,2026-09-25T16:47:06.320120+00:00,EVENTGUARD,1599,ba6e53695b846b6a760bc4863801fb8b228a9f15f3423399f8c1b92c23c0b90e,"{'CRITICAL': 4, 'IMPORTANT': 6, 'NORMAL': 8}","{'CRITICAL': 4, 'IMPORTANT': 6, 'NORMAL': 8}"
481,37,3,37,3,399.75,0,1.0,0.0,1118,4,17,20,33.70897291600704,uncommitted,"{'gateway': 'f6e10d90e8003100a8e76537dfef74e281fadffd7096e97d8c78bcdcff07863c', 'sensor': '43fc3d856a8674ab75587990c60c63c0326cd61935db4bfd093ec650f764d533'}",c0:4e:30:31:42:9c,1.0,0,18,RANDOM,0.05,1,598.2426249915186,0.875,0,0.9444444444444444,415.4606661759317,1452.3714170791209,2487.8127921838313,41,43,E220-400T22D,1.3888888888888888,25,eventguard_random_loss05_seed37_e220,18,37,80:65:99:a7:a8:a4,1,REAL_E220_WITH_APPLICATION_LAYER_INJECTION,2026-09-25T16:47:37.126858+00:00,EVENTGUARD,1599,c3c12e6d559c965a929e18e0c7341898c3b0fffd33e465240a3a1338a43f0685,"{'CRITICAL': 4, 'IMPORTANT': 6, 'NORMAL': 8}","{'CRITICAL': 4, 'IMPORTANT': 6, 'NORMAL': 7}"
520,40,1,40,3,409.5,0,1.0,0.0,1118,2,18,22,32.82185866590589,uncommitted,"{'gateway': 'f6e10d90e8003100a8e76537dfef74e281fadffd7096e97d8c78bcdcff07863c', 'sensor': '43fc3d856a8674ab75587990c60c63c0326cd61935db4bfd093ec650f764d533'}",c0:4e:30:31:42:9c,1.0,0,18,RANDOM,0.05,0,530.4925231030211,1.0,0,1.0,415.24637513794005,416.2330408580601,2489.1965419519693,42,43,E220-400T22D,1.3888888888888888,25,eventguard_random_loss05_seed41_e220,18,41,80:65:99:a7:a8:a4,0,REAL_E220_WITH_APPLICATION_LAYER_INJECTION,2026-09-25T16:48:11.181998+00:00,EVENTGUARD,1638,7b582d28d1a0d37c025a186dceed2ea57178c0bc0bad73992320ef8e933680f3,"{'CRITICAL': 4, 'IMPORTANT': 6, 'NORMAL': 8}","{'CRITICAL': 4, 'IMPORTANT': 6, 'NORMAL': 8}"
520,40,1,40,3,396.5,0,1.0,0.0,1066,1,18,22,30.752365916967392,uncommitted,"{'gateway': 'f6e10d90e8003100a8e76537dfef74e281fadffd7096e97d8c78bcdcff07863c', 'sensor': '43fc3d856a8674ab75587990c60c63c0326cd61935db4bfd093ec650f764d533'}",c0:4e:30:31:42:9c,1.0,0,18,RANDOM,0.05,0,415.16573829317673,1.0,0,1.0,415.19987490028143,415.7370829489082,415.80220800824463,41,41,E220-400T22D,1.2777777777777777,23,eventguard_random_loss05_seed53_e220,18,53,80:65:99:a7:a8:a4,0,REAL_E220_WITH_APPLICATION_LAYER_INJECTION,2026-09-25T16:48:44.395804+00:00,EVENTGUARD,1586,b4022cc825edbde82bafbf00ac2ccda31c900699a36d29bc31fcbbf1459f4fde,"{'CRITICAL': 4, 'IMPORTANT': 6, 'NORMAL': 8}","{'CRITICAL': 4, 'IMPORTANT': 6, 'NORMAL': 8}"
520,40,2,40,3,403.0,0,1.0,0.0,1092,2,18,22,31.791789875132963,uncommitted,"{'gateway': 'f6e10d90e8003100a8e76537dfef74e281fadffd7096e97d8c78bcdcff07863c', 'sensor': '43fc3d856a8674ab75587990c60c63c0326cd61935db4bfd093ec650f764d533'}",c0:4e:30:31:42:9c,1.0,0,18,RANDOM,0.05,0,415.18804860404794,1.0,0,1.0,415.0795000605285,415.6440000515431,415.7744999974966,42,42,E220-400T22D,1.3333333333333335,24,eventguard_random_loss05_seed67_e220,18,67,80:65:99:a7:a8:a4,0,REAL_E220_WITH_APPLICATION_LAYER_INJECTION,2026-09-25T16:49:15.532555+00:00,EVENTGUARD,1612,2d48acff96e0326bf8076422f46d3122c6fcdb34e3dce0875aa0b6d0c25d8b09,"{'CRITICAL': 4, 'IMPORTANT': 6, 'NORMAL': 8}","{'CRITICAL': 4, 'IMPORTANT': 6, 'NORMAL': 8}"
481,37,1,37,3,386.75,0,1.0,0.0,1066,4,18,19,31.618041249923408,uncommitted,"{'gateway': 'f6e10d90e8003100a8e76537dfef74e281fadffd7096e97d8c78bcdcff07863c', 'sensor': '43fc3d856a8674ab75587990c60c63c0326cd61935db4bfd093ec650f764d533'}",c0:4e:30:31:42:9c,1.0,0,18,RANDOM,0.05,0,530.3121737799504,1.0,0,1.0,415.2125420514494,1450.6341670639813,1451.531667029485,41,41,E220-400T22D,1.2777777777777777,23,eventguard_random_loss05_seed71_e220,18,71,80:65:99:a7:a8:a4,0,REAL_E220_WITH_APPLICATION_LAYER_INJECTION,2026-09-25T16:49:47.687222+00:00,EVENTGUARD,1547,2d3c2f6899d93398a0323cbc3dd099cc658d87cb1a131f0dc77658cba16ea74d,"{'CRITICAL': 4, 'IMPORTANT': 6, 'NORMAL': 8}","{'CRITICAL': 4, 'IMPORTANT': 6, 'NORMAL': 8}"
481,37,4,37,3,386.75,0,1.0,0.0,1066,4,18,19,31.62351358309388,uncommitted,"{'gateway': 'f6e10d90e8003100a8e76537dfef74e281fadffd7096e97d8c78bcdcff07863c', 'sensor': '43fc3d856a8674ab75587990c60c63c0326cd61935db4bfd093ec650f764d533'}",c0:4e:30:31:42:9c,1.0,0,18,RANDOM,0.05,0,530.2219074348816,1.0,0,1.0,414.996457984671,1451.118583092466,1453.6188340280205,41,41,E220-400T22D,1.2777777777777777,23,eventguard_random_loss05_seed83_e220,18,83,80:65:99:a7:a8:a4,0,REAL_E220_WITH_APPLICATION_LAYER_INJECTION,2026-09-25T16:50:19.634276+00:00,EVENTGUARD,1547,53ff4fba2d4224e6126faaa651a0a0f54f06874d7918a7df123504a07e18367d,"{'CRITICAL': 4, 'IMPORTANT': 6, 'NORMAL': 8}","{'CRITICAL': 4, 'IMPORTANT': 6, 'NORMAL': 8}"
507,39,0,39,3,393.25,0,1.0,0.0,1066,2,18,21,31.051847041817382,uncommitted,"{'gateway': 'f6e10d90e8003100a8e76537dfef74e281fadffd7096e97d8c78bcdcff07863c', 'sensor': '43fc3d856a8674ab75587990c60c63c0326cd61935db4bfd093ec650f764d533'}",c0:4e:30:31:42:9c,1.0,0,18,RANDOM,0.05,0,472.7371297000597,1.0,0,1.0,415.34770908765495,416.0973329562694,1451.4592078048736,41,41,E220-400T22D,1.2777777777777777,23,eventguard_random_loss05_seed97_e220,18,97,80:65:99:a7:a8:a4,0,REAL_E220_WITH_APPLICATION_LAYER_INJECTION,2026-09-25T16:50:51.629039+00:00,EVENTGUARD,1573,b3ae2fcb772c83e0a9d99c2203c581f55178fdfc1f99afeebdf75ce2103c44a4,"{'CRITICAL': 4, 'IMPORTANT': 6, 'NORMAL': 8}","{'CRITICAL': 4, 'IMPORTANT': 6, 'NORMAL': 8}"
494,38,2,38,3,390.0,0,1.0,0.0,1066,3,17,21,31.348748000105843,uncommitted,"{'gateway': 'f6e10d90e8003100a8e76537dfef74e281fadffd7096e97d8c78bcdcff07863c', 'sensor': '43fc3d856a8674ab75587990c60c63c0326cd61935db4bfd093ec650f764d533'}",c0:4e:30:31:42:9c,1.0,0,18,RANDOM,0.05,1,476.18878189036076,0.875,0,0.9444444444444444,415.17908312380314,415.89108295738697,1452.0638750400394,41,41,E220-400T22D,1.2777777777777777,23,eventguard_random_loss05_seed101_e220,18,101,80:65:99:a7:a8:a4,0,REAL_E220_WITH_APPLICATION_LAYER_INJECTION,2026-09-25T16:51:23.108446+00:00,EVENTGUARD,1560,38ced8c438353a89e42a4016b370e21009c6fb5e0ea77e924824fea5eef3d7f1,"{'CRITICAL': 4, 'IMPORTANT': 6, 'NORMAL': 8}","{'CRITICAL': 4, 'IMPORTANT': 6, 'NORMAL': 7}"
520,40,3,40,3,396.5,0,1.0,0.0,1066,1,17,23,30.759354582987726,uncommitted,"{'gateway': 'f6e10d90e8003100a8e76537dfef74e281fadffd7096e97d8c78bcdcff07863c', 'sensor': '43fc3d856a8674ab75587990c60c63c0326cd61935db4bfd093ec650f764d533'}",c0:4e:30:31:42:9c,1.0,0,18,BURST,0.05,1,415.2512033743893,0.875,0,0.9444444444444444,415.22995801642537,415.8164157997817,416.03737510740757,41,41,E220-400T22D,1.2777777777777777,23,eventguard_burst_burst3_loss05_seed11_e220,18,11,80:65:99:a7:a8:a4,0,REAL_E220_WITH_APPLICATION_LAYER_INJECTION,2026-09-25T16:51:54.789464+00:00,EVENTGUARD,1586,19558e2ff7c5eec6632fbb4262cf64002978275c397d79ef132275e7a234a1b0,"{'CRITICAL': 4, 'IMPORTANT': 6, 'NORMAL': 8}","{'CRITICAL': 4, 'IMPORTANT': 6, 'NORMAL': 7}"
507,39,2,39,3,393.25,0,1.0,0.0,1066,1,18,21,31.059351000003517,uncommitted,"{'gateway': 'f6e10d90e8003100a8e76537dfef74e281fadffd7096e97d8c78bcdcff07863c', 'sensor': '43fc3d856a8674ab75587990c60c63c0326cd61935db4bfd093ec650f764d533'}",c0:4e:30:31:42:9c,1.0,0,18,BURST,0.05,0,530.6497383215982,1.0,0,1.0,415.1594580616802,416.00962495431304,2494.3997499067336,40,41,E220-400T22D,1.2777777777777777,23,eventguard_burst_burst3_loss05_seed23_e220,18,23,80:65:99:a7:a8:a4,0,REAL_E220_WITH_APPLICATION_LAYER_INJECTION,2026-09-25T16:52:25.925562+00:00,EVENTGUARD,1573,ba6e53695b846b6a760bc4863801fb8b228a9f15f3423399f8c1b92c23c0b90e,"{'CRITICAL': 4, 'IMPORTANT': 6, 'NORMAL': 8}","{'CRITICAL': 4, 'IMPORTANT': 6, 'NORMAL': 8}"
494,38,3,38,3,390.0,0,1.0,0.0,1066,3,17,21,31.350281917024404,uncommitted,"{'gateway': 'f6e10d90e8003100a8e76537dfef74e281fadffd7096e97d8c78bcdcff07863c', 'sensor': '43fc3d856a8674ab75587990c60c63c0326cd61935db4bfd093ec650f764d533'}",c0:4e:30:31:42:9c,0.8333333333333334,0,18,BURST,0.05,1,414.96928427916237,1.0,0,0.9444444444444444,415.0131249334663,415.76233389787376,415.93508305959404,41,41,E220-400T22D,1.2777777777777777,23,eventguard_burst_burst3_loss05_seed37_e220,18,37,80:65:99:a7:a8:a4,1,REAL_E220_WITH_APPLICATION_LAYER_INJECTION,2026-09-25T16:52:57.323419+00:00,EVENTGUARD,1560,c3c12e6d559c965a929e18e0c7341898c3b0fffd33e465240a3a1338a43f0685,"{'CRITICAL': 4, 'IMPORTANT': 6, 'NORMAL': 8}","{'CRITICAL': 4, 'IMPORTANT': 5, 'NORMAL': 8}"
520,40,3,40,3,409.5,0,1.0,0.0,1118,3,17,23,32.82701445790008,uncommitted,"{'gateway': 'f6e10d90e8003100a8e76537dfef74e281fadffd7096e97d8c78bcdcff07863c', 'sensor': '43fc3d856a8674ab75587990c60c63c0326cd61935db4bfd093ec650f764d533'}",c0:4e:30:31:42:9c,0.8333333333333334,0,18,BURST,0.05,1,415.27227456133596,1.0,0,0.9444444444444444,415.31362500973046,415.7160420436412,415.73208291083574,43,43,E220-400T22D,1.3888888888888888,25,eventguard_burst_burst3_loss05_seed41_e220,18,41,80:65:99:a7:a8:a4,1,REAL_E220_WITH_APPLICATION_LAYER_INJECTION,2026-09-25T16:53:29.253871+00:00,EVENTGUARD,1638,7b582d28d1a0d37c025a186dceed2ea57178c0bc0bad73992320ef8e933680f3,"{'CRITICAL': 4, 'IMPORTANT': 6, 'NORMAL': 8}","{'CRITICAL': 4, 'IMPORTANT': 5, 'NORMAL': 8}"
507,39,3,39,3,393.25,0,1.0,0.0,1066,2,18,21,31.0401135829743,uncommitted,"{'gateway': 'f6e10d90e8003100a8e76537dfef74e281fadffd7096e97d8c78bcdcff07863c', 'sensor': '43fc3d856a8674ab75587990c60c63c0326cd61935db4bfd093ec650f764d533'}",c0:4e:30:31:42:9c,1.0,0,18,BURST,0.05,0,517.9236619862625,1.0,0,1.0,414.9322919547558,415.85970879532397,2524.922125041485,41,41,E220-400T22D,1.2777777777777777,23,eventguard_burst_burst3_loss05_seed53_e220,18,53,80:65:99:a7:a8:a4,0,REAL_E220_WITH_APPLICATION_LAYER_INJECTION,2026-09-25T16:54:02.440634+00:00,EVENTGUARD,1573,b4022cc825edbde82bafbf00ac2ccda31c900699a36d29bc31fcbbf1459f4fde,"{'CRITICAL': 4, 'IMPORTANT': 6, 'NORMAL': 8}","{'CRITICAL': 4, 'IMPORTANT': 6, 'NORMAL': 8}"
507,39,2,39,3,393.25,0,1.0,0.0,1066,2,18,21,31.802235207986087,uncommitted,"{'gateway': 'f6e10d90e8003100a8e76537dfef74e281fadffd7096e97d8c78bcdcff07863c', 'sensor': '43fc3d856a8674ab75587990c60c63c0326cd61935db4bfd093ec650f764d533'}",c0:4e:30:31:42:9c,1.0,0,18,BURST,0.05,0,515.0099445470712,1.0,0,1.0,414.69900007359684,416.1426671780646,2493.4553750790656,41,41,E220-400T22D,1.2777777777777777,23,eventguard_burst_burst3_loss05_seed67_e220,18,67,80:65:99:a7:a8:a4,0,REAL_E220_WITH_APPLICATION_LAYER_INJECTION,2026-09-25T16:54:33.873558+00:00,EVENTGUARD,1573,2d48acff96e0326bf8076422f46d3122c6fcdb34e3dce0875aa0b6d0c25d8b09,"{'CRITICAL': 4, 'IMPORTANT': 6, 'NORMAL': 8}","{'CRITICAL': 4, 'IMPORTANT': 6, 'NORMAL': 8}"
494,38,3,38,3,390.0,0,1.0,0.0,1066,3,17,21,31.36018079216592,uncommitted,"{'gateway': 'f6e10d90e8003100a8e76537dfef74e281fadffd7096e97d8c78bcdcff07863c', 'sensor': '43fc3d856a8674ab75587990c60c63c0326cd61935db4bfd093ec650f764d533'}",c0:4e:30:31:42:9c,0.8333333333333334,0,18,BURST,0.05,1,411.0183874008191,1.0,0,0.9444444444444444,415.06470809690654,415.7860418781638,416.0338749643415,41,41,E220-400T22D,1.2777777777777777,23,eventguard_burst_burst3_loss05_seed71_e220,18,71,80:65:99:a7:a8:a4,1,REAL_E220_WITH_APPLICATION_LAYER_INJECTION,2026-09-25T16:55:08.484111+00:00,EVENTGUARD,1560,2d3c2f6899d93398a0323cbc3dd099cc658d87cb1a131f0dc77658cba16ea74d,"{'CRITICAL': 4, 'IMPORTANT': 6, 'NORMAL': 8}","{'CRITICAL': 4, 'IMPORTANT': 5, 'NORMAL': 8}"
494,38,2,38,3,520.0,0,0.75,0.25,1066,3,17,21,31.357899124966934,uncommitted,"{'gateway': 'f6e10d90e8003100a8e76537dfef74e281fadffd7096e97d8c78bcdcff07863c', 'sensor': '43fc3d856a8674ab75587990c60c63c0326cd61935db4bfd093ec650f764d533'}",c0:4e:30:31:42:9c,1.0,0,18,BURST,0.05,1,414.7090832976734,1.0,0,0.9444444444444444,415.2985408436507,415.6115408986807,415.82758305594325,41,41,E220-400T22D,1.2777777777777777,23,eventguard_burst_burst3_loss05_seed83_e220,18,83,80:65:99:a7:a8:a4,1,REAL_E220_WITH_APPLICATION_LAYER_INJECTION,2026-09-25T16:55:40.154228+00:00,EVENTGUARD,1560,53ff4fba2d4224e6126faaa651a0a0f54f06874d7918a7df123504a07e18367d,"{'CRITICAL': 4, 'IMPORTANT': 6, 'NORMAL': 8}","{'CRITICAL': 3, 'IMPORTANT': 6, 'NORMAL': 8}"
494,38,2,38,3,390.0,0,1.0,0.0,1066,3,18,20,31.334802582859993,uncommitted,"{'gateway': 'f6e10d90e8003100a8e76537dfef74e281fadffd7096e97d8c78bcdcff07863c', 'sensor': '43fc3d856a8674ab75587990c60c63c0326cd61935db4bfd093ec650f764d533'}",c0:4e:30:31:42:9c,1.0,0,18,BURST,0.05,0,530.7650510092369,1.0,0,1.0,415.16683297231793,416.5832088328898,2492.7429161034524,41,41,E220-400T22D,1.2777777777777777,23,eventguard_burst_burst3_loss05_seed97_e220,18,97,80:65:99:a7:a8:a4,0,REAL_E220_WITH_APPLICATION_LAYER_INJECTION,2026-09-25T16:56:11.855482+00:00,EVENTGUARD,1560,b3ae2fcb772c83e0a9d99c2203c581f55178fdfc1f99afeebdf75ce2103c44a4,"{'CRITICAL': 4, 'IMPORTANT': 6, 'NORMAL': 8}","{'CRITICAL': 4, 'IMPORTANT': 6, 'NORMAL': 8}"
533,41,1,41,3,412.75,0,1.0,0.0,1118,2,18,23,32.537354707950726,uncommitted,"{'gateway': 'f6e10d90e8003100a8e76537dfef74e281fadffd7096e97d8c78bcdcff07863c', 'sensor': '43fc3d856a8674ab75587990c60c63c0326cd61935db4bfd093ec650f764d533'}",c0:4e:30:31:42:9c,1.0,0,18,BURST,0.05,0,530.9560718790939,1.0,0,1.0,415.5704169534147,422.8101670742035,2491.4693750906736,43,43,E220-400T22D,1.3888888888888888,25,eventguard_burst_burst3_loss05_seed101_e220,18,101,80:65:99:a7:a8:a4,0,REAL_E220_WITH_APPLICATION_LAYER_INJECTION,2026-09-25T16:56:43.568460+00:00,EVENTGUARD,1651,38ced8c438353a89e42a4016b370e21009c6fb5e0ea77e924824fea5eef3d7f1,"{'CRITICAL': 4, 'IMPORTANT': 6, 'NORMAL': 8}","{'CRITICAL': 4, 'IMPORTANT': 6, 'NORMAL': 8}"
468,36,2,36,3,390.0,0,1.0,0.0,1092,5,17,19,32.95860845805146,uncommitted,"{'gateway': 'f6e10d90e8003100a8e76537dfef74e281fadffd7096e97d8c78bcdcff07863c', 'sensor': '43fc3d856a8674ab75587990c60c63c0326cd61935db4bfd093ec650f764d533'}",c0:4e:30:31:42:9c,1.0,0,18,RANDOM,0.1,1,659.2415148145793,0.875,0,0.9444444444444444,415.4866251628846,1455.2741250954568,2485.9840001445264,41,42,E220-400T22D,1.3333333333333335,24,eventguard_random_loss10_seed11_e220,18,11,80:65:99:a7:a8:a4,0,REAL_E220_WITH_APPLICATION_LAYER_INJECTION,2026-09-25T16:57:16.448999+00:00,EVENTGUARD,1560,19558e2ff7c5eec6632fbb4262cf64002978275c397d79ef132275e7a234a1b0,"{'CRITICAL': 4, 'IMPORTANT': 6, 'NORMAL': 8}","{'CRITICAL': 4, 'IMPORTANT': 6, 'NORMAL': 7}"
520,40,3,40,3,396.5,0,1.0,0.0,1066,1,18,22,30.757858458906412,uncommitted,"{'gateway': 'f6e10d90e8003100a8e76537dfef74e281fadffd7096e97d8c78bcdcff07863c', 'sensor': '43fc3d856a8674ab75587990c60c63c0326cd61935db4bfd093ec650f764d533'}",c0:4e:30:31:42:9c,1.0,0,18,RANDOM,0.1,0,415.0147615129956,1.0,0,1.0,415.1447908952832,415.846582967788,415.94287496991456,41,41,E220-400T22D,1.2777777777777777,23,eventguard_random_loss10_seed23_e220,18,23,80:65:99:a7:a8:a4,0,REAL_E220_WITH_APPLICATION_LAYER_INJECTION,2026-09-25T16:57:49.732205+00:00,EVENTGUARD,1586,ba6e53695b846b6a760bc4863801fb8b228a9f15f3423399f8c1b92c23c0b90e,"{'CRITICAL': 4, 'IMPORTANT': 6, 'NORMAL': 8}","{'CRITICAL': 4, 'IMPORTANT': 6, 'NORMAL': 8}"
481,37,4,37,3,399.75,0,1.0,0.0,1118,6,17,20,33.69591345801018,uncommitted,"{'gateway': 'f6e10d90e8003100a8e76537dfef74e281fadffd7096e97d8c78bcdcff07863c', 'sensor': '43fc3d856a8674ab75587990c60c63c0326cd61935db4bfd093ec650f764d533'}",c0:4e:30:31:42:9c,1.0,0,18,RANDOM,0.1,1,598.4137329437277,0.875,0,0.9444444444444444,415.5509581323713,1452.4438329972327,1455.51862497814,43,43,E220-400T22D,1.3888888888888888,25,eventguard_random_loss10_seed37_e220,18,37,80:65:99:a7:a8:a4,1,REAL_E220_WITH_APPLICATION_LAYER_INJECTION,2026-09-25T16:58:20.828313+00:00,EVENTGUARD,1599,c3c12e6d559c965a929e18e0c7341898c3b0fffd33e465240a3a1338a43f0685,"{'CRITICAL': 4, 'IMPORTANT': 6, 'NORMAL': 8}","{'CRITICAL': 4, 'IMPORTANT': 6, 'NORMAL': 7}"
494,38,2,38,3,403.0,0,1.0,0.0,1118,4,18,20,33.421885665971786,uncommitted,"{'gateway': 'f6e10d90e8003100a8e76537dfef74e281fadffd7096e97d8c78bcdcff07863c', 'sensor': '43fc3d856a8674ab75587990c60c63c0326cd61935db4bfd093ec650f764d533'}",c0:4e:30:31:42:9c,1.0,0,18,RANDOM,0.1,0,530.7094120912047,1.0,0,1.0,415.39999982342124,1453.1742499675602,1454.1461251210421,42,43,E220-400T22D,1.3888888888888888,25,eventguard_random_loss10_seed41_e220,18,41,80:65:99:a7:a8:a4,0,REAL_E220_WITH_APPLICATION_LAYER_INJECTION,2026-09-25T16:58:54.890371+00:00,EVENTGUARD,1612,7b582d28d1a0d37c025a186dceed2ea57178c0bc0bad73992320ef8e933680f3,"{'CRITICAL': 4, 'IMPORTANT': 6, 'NORMAL': 8}","{'CRITICAL': 4, 'IMPORTANT': 6, 'NORMAL': 8}"
468,36,0,36,3,383.5,0,1.0,0.0,1066,4,18,18,31.92121124989353,uncommitted,"{'gateway': 'f6e10d90e8003100a8e76537dfef74e281fadffd7096e97d8c78bcdcff07863c', 'sensor': '43fc3d856a8674ab75587990c60c63c0326cd61935db4bfd093ec650f764d533'}",c0:4e:30:31:42:9c,1.0,0,18,RANDOM,0.1,0,414.92482400240584,1.0,0,1.0,415.22550000809133,415.9574171062559,416.26750002615154,40,41,E220-400T22D,1.2777777777777777,23,eventguard_random_loss10_seed53_e220,18,53,80:65:99:a7:a8:a4,0,REAL_E220_WITH_APPLICATION_LAYER_INJECTION,2026-09-25T16:59:28.848215+00:00,EVENTGUARD,1534,b4022cc825edbde82bafbf00ac2ccda31c900699a36d29bc31fcbbf1459f4fde,"{'CRITICAL': 4, 'IMPORTANT': 6, 'NORMAL': 8}","{'CRITICAL': 4, 'IMPORTANT': 6, 'NORMAL': 8}"
507,39,3,39,3,399.75,0,1.0,0.0,1092,3,18,21,32.072087292093784,uncommitted,"{'gateway': 'f6e10d90e8003100a8e76537dfef74e281fadffd7096e97d8c78bcdcff07863c', 'sensor': '43fc3d856a8674ab75587990c60c63c0326cd61935db4bfd093ec650f764d533'}",c0:4e:30:31:42:9c,1.0,0,18,RANDOM,0.1,0,415.00681925875443,1.0,0,1.0,415.2039159089327,415.5898329336196,415.722707984969,42,42,E220-400T22D,1.3333333333333335,24,eventguard_random_loss10_seed67_e220,18,67,80:65:99:a7:a8:a4,0,REAL_E220_WITH_APPLICATION_LAYER_INJECTION,2026-09-25T17:00:01.106869+00:00,EVENTGUARD,1599,2d48acff96e0326bf8076422f46d3122c6fcdb34e3dce0875aa0b6d0c25d8b09,"{'CRITICAL': 4, 'IMPORTANT': 6, 'NORMAL': 8}","{'CRITICAL': 4, 'IMPORTANT': 6, 'NORMAL': 8}"
468,36,2,36,3,383.5,0,1.0,0.0,1066,5,18,18,31.926415874855593,uncommitted,"{'gateway': 'f6e10d90e8003100a8e76537dfef74e281fadffd7096e97d8c78bcdcff07863c', 'sensor': '43fc3d856a8674ab75587990c60c63c0326cd61935db4bfd093ec650f764d533'}",c0:4e:30:31:42:9c,1.0,0,18,RANDOM,0.1,0,530.4529721357135,1.0,0,1.0,415.4345840215683,1449.8544170055538,1450.4840830340981,41,41,E220-400T22D,1.2777777777777777,23,eventguard_random_loss10_seed71_e220,18,71,80:65:99:a7:a8:a4,0,REAL_E220_WITH_APPLICATION_LAYER_INJECTION,2026-09-25T17:00:33.539272+00:00,EVENTGUARD,1534,2d3c2f6899d93398a0323cbc3dd099cc658d87cb1a131f0dc77658cba16ea74d,"{'CRITICAL': 4, 'IMPORTANT': 6, 'NORMAL': 8}","{'CRITICAL': 4, 'IMPORTANT': 6, 'NORMAL': 8}"
455,35,5,35,3,380.25,0,1.0,0.0,1066,6,18,17,32.22085475013591,uncommitted,"{'gateway': 'f6e10d90e8003100a8e76537dfef74e281fadffd7096e97d8c78bcdcff07863c', 'sensor': '43fc3d856a8674ab75587990c60c63c0326cd61935db4bfd093ec650f764d533'}",c0:4e:30:31:42:9c,1.0,0,18,RANDOM,0.1,0,530.2360393624339,1.0,0,1.0,415.2723748702556,1449.7459998819977,1450.9197080042213,41,41,E220-400T22D,1.2777777777777777,23,eventguard_random_loss10_seed83_e220,18,83,80:65:99:a7:a8:a4,0,REAL_E220_WITH_APPLICATION_LAYER_INJECTION,2026-09-25T17:01:05.816446+00:00,EVENTGUARD,1521,53ff4fba2d4224e6126faaa651a0a0f54f06874d7918a7df123504a07e18367d,"{'CRITICAL': 4, 'IMPORTANT': 6, 'NORMAL': 8}","{'CRITICAL': 4, 'IMPORTANT': 6, 'NORMAL': 8}"
507,39,3,39,3,406.25,0,1.0,0.0,1118,4,18,21,33.11976645793766,uncommitted,"{'gateway': 'f6e10d90e8003100a8e76537dfef74e281fadffd7096e97d8c78bcdcff07863c', 'sensor': '43fc3d856a8674ab75587990c60c63c0326cd61935db4bfd093ec650f764d533'}",c0:4e:30:31:42:9c,1.0,0,18,RANDOM,0.1,0,472.93124532896195,1.0,0,1.0,415.1455832179636,415.89049994945526,1452.680499991402,43,43,E220-400T22D,1.3888888888888888,25,eventguard_random_loss10_seed97_e220,18,97,80:65:99:a7:a8:a4,0,REAL_E220_WITH_APPLICATION_LAYER_INJECTION,2026-09-25T17:01:38.391784+00:00,EVENTGUARD,1625,b3ae2fcb772c83e0a9d99c2203c581f55178fdfc1f99afeebdf75ce2103c44a4,"{'CRITICAL': 4, 'IMPORTANT': 6, 'NORMAL': 8}","{'CRITICAL': 4, 'IMPORTANT': 6, 'NORMAL': 8}"
481,37,5,37,3,393.25,0,1.0,0.0,1092,5,17,20,32.66130229108967,uncommitted,"{'gateway': 'f6e10d90e8003100a8e76537dfef74e281fadffd7096e97d8c78bcdcff07863c', 'sensor': '43fc3d856a8674ab75587990c60c63c0326cd61935db4bfd093ec650f764d533'}",c0:4e:30:31:42:9c,1.0,0,18,RANDOM,0.1,1,597.7809265502455,0.875,0,0.9444444444444444,415.5302499420941,1450.263167032972,1451.1700419243425,42,42,E220-400T22D,1.3333333333333335,24,eventguard_random_loss10_seed101_e220,18,101,80:65:99:a7:a8:a4,0,REAL_E220_WITH_APPLICATION_LAYER_INJECTION,2026-09-25T17:02:11.913278+00:00,EVENTGUARD,1573,38ced8c438353a89e42a4016b370e21009c6fb5e0ea77e924824fea5eef3d7f1,"{'CRITICAL': 4, 'IMPORTANT': 6, 'NORMAL': 8}","{'CRITICAL': 4, 'IMPORTANT': 6, 'NORMAL': 7}"
494,38,5,38,3,390.0,0,1.0,0.0,1066,3,17,21,31.35033837519586,uncommitted,"{'gateway': 'f6e10d90e8003100a8e76537dfef74e281fadffd7096e97d8c78bcdcff07863c', 'sensor': '43fc3d856a8674ab75587990c60c63c0326cd61935db4bfd093ec650f764d533'}",c0:4e:30:31:42:9c,1.0,0,18,BURST,0.1,1,476.6573357697138,0.875,0,0.9444444444444444,415.5648329760879,416.7749169282615,1454.5627909246832,41,41,E220-400T22D,1.2777777777777777,23,eventguard_burst_burst3_loss10_seed11_e220,18,11,80:65:99:a7:a8:a4,0,REAL_E220_WITH_APPLICATION_LAYER_INJECTION,2026-09-25T17:02:44.973600+00:00,EVENTGUARD,1560,19558e2ff7c5eec6632fbb4262cf64002978275c397d79ef132275e7a234a1b0,"{'CRITICAL': 4, 'IMPORTANT': 6, 'NORMAL': 8}","{'CRITICAL': 4, 'IMPORTANT': 6, 'NORMAL': 7}"
494,38,3,38,3,390.0,0,1.0,0.0,1066,2,18,20,31.34543720795773,uncommitted,"{'gateway': 'f6e10d90e8003100a8e76537dfef74e281fadffd7096e97d8c78bcdcff07863c', 'sensor': '43fc3d856a8674ab75587990c60c63c0326cd61935db4bfd093ec650f764d533'}",c0:4e:30:31:42:9c,1.0,0,18,BURST,0.1,0,530.3382847535735,1.0,0,1.0,415.470875101164,416.4242090191692,2484.368124976754,40,41,E220-400T22D,1.2777777777777777,23,eventguard_burst_burst3_loss10_seed23_e220,18,23,80:65:99:a7:a8:a4,0,REAL_E220_WITH_APPLICATION_LAYER_INJECTION,2026-09-25T17:03:16.689151+00:00,EVENTGUARD,1560,ba6e53695b846b6a760bc4863801fb8b228a9f15f3423399f8c1b92c23c0b90e,"{'CRITICAL': 4, 'IMPORTANT': 6, 'NORMAL': 8}","{'CRITICAL': 4, 'IMPORTANT': 6, 'NORMAL': 8}"
468,36,5,36,3,383.5,0,1.0,0.0,1066,5,17,19,31.936648624949157,uncommitted,"{'gateway': 'f6e10d90e8003100a8e76537dfef74e281fadffd7096e97d8c78bcdcff07863c', 'sensor': '43fc3d856a8674ab75587990c60c63c0326cd61935db4bfd093ec650f764d533'}",c0:4e:30:31:42:9c,0.8333333333333334,0,18,BURST,0.1,1,537.1550807921107,1.0,0,0.9444444444444444,415.2975408360362,416.0859170369804,2487.1492909733206,41,41,E220-400T22D,1.2777777777777777,23,eventguard_burst_burst3_loss10_seed37_e220,18,37,80:65:99:a7:a8:a4,1,REAL_E220_WITH_APPLICATION_LAYER_INJECTION,2026-09-25T17:03:48.393642+00:00,EVENTGUARD,1534,c3c12e6d559c965a929e18e0c7341898c3b0fffd33e465240a3a1338a43f0685,"{'CRITICAL': 4, 'IMPORTANT': 6, 'NORMAL': 8}","{'CRITICAL': 4, 'IMPORTANT': 5, 'NORMAL': 8}"
520,40,5,40,3,409.5,0,1.0,0.0,1118,3,17,23,32.82303916593082,uncommitted,"{'gateway': 'f6e10d90e8003100a8e76537dfef74e281fadffd7096e97d8c78bcdcff07863c', 'sensor': '43fc3d856a8674ab75587990c60c63c0326cd61935db4bfd093ec650f764d533'}",c0:4e:30:31:42:9c,0.8333333333333334,0,18,BURST,0.1,1,415.71444604436266,1.0,0,0.9444444444444444,415.1732078753412,415.8943749498576,428.0919579323381,43,43,E220-400T22D,1.3888888888888888,25,eventguard_burst_burst3_loss10_seed41_e220,18,41,80:65:99:a7:a8:a4,1,REAL_E220_WITH_APPLICATION_LAYER_INJECTION,2026-09-25T17:04:20.697155+00:00,EVENTGUARD,1638,7b582d28d1a0d37c025a186dceed2ea57178c0bc0bad73992320ef8e933680f3,"{'CRITICAL': 4, 'IMPORTANT': 6, 'NORMAL': 8}","{'CRITICAL': 4, 'IMPORTANT': 5, 'NORMAL': 8}"
481,37,3,37,3,386.75,0,1.0,0.0,1066,3,18,19,31.65167662501335,uncommitted,"{'gateway': 'f6e10d90e8003100a8e76537dfef74e281fadffd7096e97d8c78bcdcff07863c', 'sensor': '43fc3d856a8674ab75587990c60c63c0326cd61935db4bfd093ec650f764d533'}",c0:4e:30:31:42:9c,1.0,0,18,BURST,0.1,0,588.2740208956724,1.0,0,1.0,415.3235841076821,1454.140500165522,2486.9894590228796,40,41,E220-400T22D,1.2777777777777777,23,eventguard_burst_burst3_loss10_seed53_e220,18,53,80:65:99:a7:a8:a4,0,REAL_E220_WITH_APPLICATION_LAYER_INJECTION,2026-09-25T17:04:53.860808+00:00,EVENTGUARD,1547,b4022cc825edbde82bafbf00ac2ccda31c900699a36d29bc31fcbbf1459f4fde,"{'CRITICAL': 4, 'IMPORTANT': 6, 'NORMAL': 8}","{'CRITICAL': 4, 'IMPORTANT': 6, 'NORMAL': 8}"
481,37,2,37,3,386.75,0,1.0,0.0,1066,3,18,19,31.64356999984011,uncommitted,"{'gateway': 'f6e10d90e8003100a8e76537dfef74e281fadffd7096e97d8c78bcdcff07863c', 'sensor': '43fc3d856a8674ab75587990c60c63c0326cd61935db4bfd093ec650f764d533'}",c0:4e:30:31:42:9c,1.0,0,18,BURST,0.1,0,645.875810050509,1.0,0,1.0,415.4767079744488,2487.3322919011116,2494.052082998678,40,41,E220-400T22D,1.2777777777777777,23,eventguard_burst_burst3_loss10_seed67_e220,18,67,80:65:99:a7:a8:a4,0,REAL_E220_WITH_APPLICATION_LAYER_INJECTION,2026-09-25T17:05:25.863873+00:00,EVENTGUARD,1547,2d48acff96e0326bf8076422f46d3122c6fcdb34e3dce0875aa0b6d0c25d8b09,"{'CRITICAL': 4, 'IMPORTANT': 6, 'NORMAL': 8}","{'CRITICAL': 4, 'IMPORTANT': 6, 'NORMAL': 8}"
507,39,5,39,3,406.25,0,1.0,0.0,1118,4,16,23,33.13770754192956,uncommitted,"{'gateway': 'f6e10d90e8003100a8e76537dfef74e281fadffd7096e97d8c78bcdcff07863c', 'sensor': '43fc3d856a8674ab75587990c60c63c0326cd61935db4bfd093ec650f764d533'}",c0:4e:30:31:42:9c,0.8333333333333334,0,18,BURST,0.1,2,412.342627736507,0.875,0,0.8888888888888888,415.330208837986,415.9409999847412,416.25704104080796,43,43,E220-400T22D,1.3888888888888888,25,eventguard_burst_burst3_loss10_seed71_e220,18,71,80:65:99:a7:a8:a4,1,REAL_E220_WITH_APPLICATION_LAYER_INJECTION,2026-09-25T17:05:57.860136+00:00,EVENTGUARD,1625,2d3c2f6899d93398a0323cbc3dd099cc658d87cb1a131f0dc77658cba16ea74d,"{'CRITICAL': 4, 'IMPORTANT': 6, 'NORMAL': 8}","{'CRITICAL': 4, 'IMPORTANT': 5, 'NORMAL': 7}"
468,36,2,36,3,511.3333333333333,0,0.75,0.25,1066,5,17,19,31.939764792099595,uncommitted,"{'gateway': 'f6e10d90e8003100a8e76537dfef74e281fadffd7096e97d8c78bcdcff07863c', 'sensor': '43fc3d856a8674ab75587990c60c63c0326cd61935db4bfd093ec650f764d533'}",c0:4e:30:31:42:9c,1.0,0,18,BURST,0.1,1,415.2701176593409,1.0,0,0.9444444444444444,415.3614998795092,415.95175000838935,416.25620890408754,41,41,E220-400T22D,1.2777777777777777,23,eventguard_burst_burst3_loss10_seed83_e220,18,83,80:65:99:a7:a8:a4,1,REAL_E220_WITH_APPLICATION_LAYER_INJECTION,2026-09-25T17:06:31.364035+00:00,EVENTGUARD,1534,53ff4fba2d4224e6126faaa651a0a0f54f06874d7918a7df123504a07e18367d,"{'CRITICAL': 4, 'IMPORTANT': 6, 'NORMAL': 8}","{'CRITICAL': 3, 'IMPORTANT': 6, 'NORMAL': 8}"
468,36,2,36,3,383.5,0,1.0,0.0,1066,5,18,18,31.935889167012647,uncommitted,"{'gateway': 'f6e10d90e8003100a8e76537dfef74e281fadffd7096e97d8c78bcdcff07863c', 'sensor': '43fc3d856a8674ab75587990c60c63c0326cd61935db4bfd093ec650f764d533'}",c0:4e:30:31:42:9c,1.0,0,18,BURST,0.1,0,588.5825995226494,1.0,0,1.0,415.35929194651544,1454.5419998466969,2495.31091703102,41,41,E220-400T22D,1.2777777777777777,23,eventguard_burst_burst3_loss10_seed97_e220,18,97,80:65:99:a7:a8:a4,0,REAL_E220_WITH_APPLICATION_LAYER_INJECTION,2026-09-25T17:07:03.650236+00:00,EVENTGUARD,1534,b3ae2fcb772c83e0a9d99c2203c581f55178fdfc1f99afeebdf75ce2103c44a4,"{'CRITICAL': 4, 'IMPORTANT': 6, 'NORMAL': 8}","{'CRITICAL': 4, 'IMPORTANT': 6, 'NORMAL': 8}"
520,40,1,40,3,409.5,0,1.0,0.0,1118,3,17,23,32.82735637482256,uncommitted,"{'gateway': 'f6e10d90e8003100a8e76537dfef74e281fadffd7096e97d8c78bcdcff07863c', 'sensor': '43fc3d856a8674ab75587990c60c63c0326cd61935db4bfd093ec650f764d533'}",c0:4e:30:31:42:9c,1.0,0,18,BURST,0.1,1,537.2381395632949,0.875,0,0.9444444444444444,415.1002911385149,416.4635001216084,2490.4482080601156,43,43,E220-400T22D,1.3888888888888888,25,eventguard_burst_burst3_loss10_seed101_e220,18,101,80:65:99:a7:a8:a4,1,REAL_E220_WITH_APPLICATION_LAYER_INJECTION,2026-09-25T17:07:35.968422+00:00,EVENTGUARD,1638,38ced8c438353a89e42a4016b370e21009c6fb5e0ea77e924824fea5eef3d7f1,"{'CRITICAL': 4, 'IMPORTANT': 6, 'NORMAL': 8}","{'CRITICAL': 4, 'IMPORTANT': 6, 'NORMAL': 7}"
429,33,10,33,3,386.75,0,1.0,0.0,1118,9,16,17,34.88231437490322,uncommitted,"{'gateway': 'f6e10d90e8003100a8e76537dfef74e281fadffd7096e97d8c78bcdcff07863c', 'sensor': '43fc3d856a8674ab75587990c60c63c0326cd61935db4bfd093ec650f764d533'}",c0:4e:30:31:42:9c,1.0,0,18,RANDOM,0.2,2,609.9783020181349,0.75,0,0.8888888888888888,415.5425000935793,1452.6920830830932,1454.112583072856,42,43,E220-400T22D,1.3888888888888888,25,eventguard_random_loss20_seed11_e220,18,11,80:65:99:a7:a8:a4,1,REAL_E220_WITH_APPLICATION_LAYER_INJECTION,2026-09-25T17:08:09.154101+00:00,EVENTGUARD,1547,19558e2ff7c5eec6632fbb4262cf64002978275c397d79ef132275e7a234a1b0,"{'CRITICAL': 4, 'IMPORTANT': 6, 'NORMAL': 8}","{'CRITICAL': 4, 'IMPORTANT': 6, 'NORMAL': 6}"
455,35,4,35,3,393.25,0,1.0,0.0,1118,8,17,18,34.29131650016643,uncommitted,"{'gateway': 'f6e10d90e8003100a8e76537dfef74e281fadffd7096e97d8c78bcdcff07863c', 'sensor': '43fc3d856a8674ab75587990c60c63c0326cd61935db4bfd093ec650f764d533'}",c0:4e:30:31:42:9c,1.0,0,18,RANDOM,0.2,1,598.5029118327315,0.875,0,0.9444444444444444,415.38470797240734,1449.740167008713,2495.3390420414507,43,43,E220-400T22D,1.3888888888888888,25,eventguard_random_loss20_seed23_e220,18,23,80:65:99:a7:a8:a4,1,REAL_E220_WITH_APPLICATION_LAYER_INJECTION,2026-09-25T17:08:44.413142+00:00,EVENTGUARD,1573,ba6e53695b846b6a760bc4863801fb8b228a9f15f3423399f8c1b92c23c0b90e,"{'CRITICAL': 4, 'IMPORTANT': 6, 'NORMAL': 8}","{'CRITICAL': 4, 'IMPORTANT': 6, 'NORMAL': 7}"
442,34,6,34,3,390.0,0,1.0,0.0,1118,8,16,18,34.57980070798658,uncommitted,"{'gateway': 'f6e10d90e8003100a8e76537dfef74e281fadffd7096e97d8c78bcdcff07863c', 'sensor': '43fc3d856a8674ab75587990c60c63c0326cd61935db4bfd093ec650f764d533'}",c0:4e:30:31:42:9c,1.0,0,18,RANDOM,0.2,2,609.5892865851056,0.75,0,0.8888888888888888,415.58804200030863,1452.6367499493062,1454.4758750125766,42,43,E220-400T22D,1.3888888888888888,25,eventguard_random_loss20_seed37_e220,18,37,80:65:99:a7:a8:a4,2,REAL_E220_WITH_APPLICATION_LAYER_INJECTION,2026-09-25T17:09:19.109840+00:00,EVENTGUARD,1560,c3c12e6d559c965a929e18e0c7341898c3b0fffd33e465240a3a1338a43f0685,"{'CRITICAL': 4, 'IMPORTANT': 6, 'NORMAL': 8}","{'CRITICAL': 4, 'IMPORTANT': 6, 'NORMAL': 6}"
442,34,8,34,3,396.5,0,1.0,0.0,1144,10,18,16,35.634586666943505,uncommitted,"{'gateway': 'f6e10d90e8003100a8e76537dfef74e281fadffd7096e97d8c78bcdcff07863c', 'sensor': '43fc3d856a8674ab75587990c60c63c0326cd61935db4bfd093ec650f764d533'}",c0:4e:30:31:42:9c,1.0,0,18,RANDOM,0.2,0,645.702291603407,1.0,0,1.0,415.3623750898987,1454.5483340043575,1454.7204999253154,44,44,E220-400T22D,1.4444444444444446,26,eventguard_random_loss20_seed41_e220,18,41,80:65:99:a7:a8:a4,0,REAL_E220_WITH_APPLICATION_LAYER_INJECTION,2026-09-25T17:09:54.070197+00:00,EVENTGUARD,1586,7b582d28d1a0d37c025a186dceed2ea57178c0bc0bad73992320ef8e933680f3,"{'CRITICAL': 4, 'IMPORTANT': 6, 'NORMAL': 8}","{'CRITICAL': 4, 'IMPORTANT': 6, 'NORMAL': 8}"
429,33,3,33,3,373.75,0,1.0,0.0,1066,6,17,16,32.81708650011569,uncommitted,"{'gateway': 'f6e10d90e8003100a8e76537dfef74e281fadffd7096e97d8c78bcdcff07863c', 'sensor': '43fc3d856a8674ab75587990c60c63c0326cd61935db4bfd093ec650f764d533'}",c0:4e:30:31:42:9c,1.0,0,18,RANDOM,0.2,1,415.078803896904,0.875,0,0.9444444444444444,415.2022080961615,416.1753330845386,417.3355409875512,39,41,E220-400T22D,1.2777777777777777,23,eventguard_random_loss20_seed53_e220,18,53,80:65:99:a7:a8:a4,1,REAL_E220_WITH_APPLICATION_LAYER_INJECTION,2026-09-25T17:10:30.141645+00:00,EVENTGUARD,1495,b4022cc825edbde82bafbf00ac2ccda31c900699a36d29bc31fcbbf1459f4fde,"{'CRITICAL': 4, 'IMPORTANT': 6, 'NORMAL': 8}","{'CRITICAL': 4, 'IMPORTANT': 6, 'NORMAL': 7}"
468,36,7,36,3,390.0,0,1.0,0.0,1092,4,18,18,32.962706041987985,uncommitted,"{'gateway': 'f6e10d90e8003100a8e76537dfef74e281fadffd7096e97d8c78bcdcff07863c', 'sensor': '43fc3d856a8674ab75587990c60c63c0326cd61935db4bfd093ec650f764d533'}",c0:4e:30:31:42:9c,1.0,0,18,RANDOM,0.2,0,530.1399353969222,1.0,0,1.0,414.95075006969273,416.2963340058923,2489.886916941032,40,42,E220-400T22D,1.3333333333333335,24,eventguard_random_loss20_seed67_e220,18,67,80:65:99:a7:a8:a4,0,REAL_E220_WITH_APPLICATION_LAYER_INJECTION,2026-09-25T17:11:03.341479+00:00,EVENTGUARD,1560,2d48acff96e0326bf8076422f46d3122c6fcdb34e3dce0875aa0b6d0c25d8b09,"{'CRITICAL': 4, 'IMPORTANT': 6, 'NORMAL': 8}","{'CRITICAL': 4, 'IMPORTANT': 6, 'NORMAL': 8}"
377,29,3,29,3,481.0,0,0.75,0.25,1066,12,17,12,33.9943882918451,uncommitted,"{'gateway': 'f6e10d90e8003100a8e76537dfef74e281fadffd7096e97d8c78bcdcff07863c', 'sensor': '43fc3d856a8674ab75587990c60c63c0326cd61935db4bfd093ec650f764d533'}",c0:4e:30:31:42:9c,1.0,0,18,RANDOM,0.2,1,781.4766421284088,1.0,0,0.9444444444444444,415.4271250590682,2488.69049991481,2489.7427919786423,41,41,E220-400T22D,1.2777777777777777,23,eventguard_random_loss20_seed71_e220,18,71,80:65:99:a7:a8:a4,1,REAL_E220_WITH_APPLICATION_LAYER_INJECTION,2026-09-25T17:11:36.643427+00:00,EVENTGUARD,1443,2d3c2f6899d93398a0323cbc3dd099cc658d87cb1a131f0dc77658cba16ea74d,"{'CRITICAL': 4, 'IMPORTANT': 6, 'NORMAL': 8}","{'CRITICAL': 3, 'IMPORTANT': 6, 'NORMAL': 8}"
455,35,9,35,3,393.25,0,1.0,0.0,1118,7,18,17,34.299102041870356,uncommitted,"{'gateway': 'f6e10d90e8003100a8e76537dfef74e281fadffd7096e97d8c78bcdcff07863c', 'sensor': '43fc3d856a8674ab75587990c60c63c0326cd61935db4bfd093ec650f764d533'}",c0:4e:30:31:42:9c,1.0,0,18,RANDOM,0.2,0,587.9561851680693,1.0,0,1.0,415.2885000221431,1451.8061669077724,2489.3269159365445,42,43,E220-400T22D,1.3888888888888888,25,eventguard_random_loss20_seed83_e220,18,83,80:65:99:a7:a8:a4,0,REAL_E220_WITH_APPLICATION_LAYER_INJECTION,2026-09-25T17:12:11.000866+00:00,EVENTGUARD,1573,53ff4fba2d4224e6126faaa651a0a0f54f06874d7918a7df123504a07e18367d,"{'CRITICAL': 4, 'IMPORTANT': 6, 'NORMAL': 8}","{'CRITICAL': 4, 'IMPORTANT': 6, 'NORMAL': 8}"
442,34,4,34,3,390.0,0,1.0,0.0,1118,8,18,16,34.60562487505376,uncommitted,"{'gateway': 'f6e10d90e8003100a8e76537dfef74e281fadffd7096e97d8c78bcdcff07863c', 'sensor': '43fc3d856a8674ab75587990c60c63c0326cd61935db4bfd093ec650f764d533'}",c0:4e:30:31:42:9c,1.0,0,18,RANDOM,0.2,0,645.6419421851429,1.0,0,1.0,415.5639579985291,1454.5363748911768,2487.4736659694463,42,43,E220-400T22D,1.3888888888888888,25,eventguard_random_loss20_seed97_e220,18,97,80:65:99:a7:a8:a4,0,REAL_E220_WITH_APPLICATION_LAYER_INJECTION,2026-09-25T17:12:45.661767+00:00,EVENTGUARD,1560,b3ae2fcb772c83e0a9d99c2203c581f55178fdfc1f99afeebdf75ce2103c44a4,"{'CRITICAL': 4, 'IMPORTANT': 6, 'NORMAL': 8}","{'CRITICAL': 4, 'IMPORTANT': 6, 'NORMAL': 8}"
429,33,9,33,3,386.75,0,1.0,0.0,1118,9,16,17,34.892266457900405,uncommitted,"{'gateway': 'f6e10d90e8003100a8e76537dfef74e281fadffd7096e97d8c78bcdcff07863c', 'sensor': '43fc3d856a8674ab75587990c60c63c0326cd61935db4bfd093ec650f764d533'}",c0:4e:30:31:42:9c,1.0,0,18,RANDOM,0.2,2,804.0592214238131,0.75,0,0.8888888888888888,415.72699998505414,1453.6868340801448,1454.3013330549002,42,43,E220-400T22D,1.3888888888888888,25,eventguard_random_loss20_seed101_e220,18,101,80:65:99:a7:a8:a4,0,REAL_E220_WITH_APPLICATION_LAYER_INJECTION,2026-09-25T17:13:20.631964+00:00,EVENTGUARD,1547,38ced8c438353a89e42a4016b370e21009c6fb5e0ea77e924824fea5eef3d7f1,"{'CRITICAL': 4, 'IMPORTANT': 6, 'NORMAL': 8}","{'CRITICAL': 4, 'IMPORTANT': 6, 'NORMAL': 6}"
442,34,4,34,3,511.3333333333333,0,0.75,0.25,1092,7,15,19,33.55335983284749,uncommitted,"{'gateway': 'f6e10d90e8003100a8e76537dfef74e281fadffd7096e97d8c78bcdcff07863c', 'sensor': '43fc3d856a8674ab75587990c60c63c0326cd61935db4bfd093ec650f764d533'}",c0:4e:30:31:42:9c,0.8333333333333334,0,18,BURST,0.2,3,484.43757228863734,0.875,0,0.8333333333333334,415.025332942605,415.8172921743244,1454.90691694431,41,42,E220-400T22D,1.3333333333333335,24,eventguard_burst_burst3_loss20_seed11_e220,18,11,80:65:99:a7:a8:a4,2,REAL_E220_WITH_APPLICATION_LAYER_INJECTION,2026-09-25T17:13:55.864498+00:00,EVENTGUARD,1534,19558e2ff7c5eec6632fbb4262cf64002978275c397d79ef132275e7a234a1b0,"{'CRITICAL': 4, 'IMPORTANT': 6, 'NORMAL': 8}","{'CRITICAL': 3, 'IMPORTANT': 5, 'NORMAL': 7}"
442,34,6,34,3,377.0,0,1.0,0.0,1066,7,16,18,32.52635645796545,uncommitted,"{'gateway': 'f6e10d90e8003100a8e76537dfef74e281fadffd7096e97d8c78bcdcff07863c', 'sensor': '43fc3d856a8674ab75587990c60c63c0326cd61935db4bfd093ec650f764d533'}",c0:4e:30:31:42:9c,0.8333333333333334,0,18,BURST,0.2,2,610.3433359239716,0.875,0,0.8888888888888888,415.4044580645859,1454.203125089407,2496.6474580578506,41,41,E220-400T22D,1.2777777777777777,23,eventguard_burst_burst3_loss20_seed23_e220,18,23,80:65:99:a7:a8:a4,1,REAL_E220_WITH_APPLICATION_LAYER_INJECTION,2026-09-25T17:14:29.778960+00:00,EVENTGUARD,1508,ba6e53695b846b6a760bc4863801fb8b228a9f15f3423399f8c1b92c23c0b90e,"{'CRITICAL': 4, 'IMPORTANT': 6, 'NORMAL': 8}","{'CRITICAL': 4, 'IMPORTANT': 5, 'NORMAL': 7}"
429,33,7,33,3,515.6666666666666,0,0.75,0.25,1118,10,15,18,34.911150166997686,uncommitted,"{'gateway': 'f6e10d90e8003100a8e76537dfef74e281fadffd7096e97d8c78bcdcff07863c', 'sensor': '43fc3d856a8674ab75587990c60c63c0326cd61935db4bfd093ec650f764d533'}",c0:4e:30:31:42:9c,0.8333333333333334,0,18,BURST,0.2,3,554.1508861041317,0.875,0,0.8333333333333334,415.5561251100153,416.83649993501604,2493.8004999421537,43,43,E220-400T22D,1.3888888888888888,25,eventguard_burst_burst3_loss20_seed37_e220,18,37,80:65:99:a7:a8:a4,3,REAL_E220_WITH_APPLICATION_LAYER_INJECTION,2026-09-25T17:15:02.677990+00:00,EVENTGUARD,1547,c3c12e6d559c965a929e18e0c7341898c3b0fffd33e465240a3a1338a43f0685,"{'CRITICAL': 4, 'IMPORTANT': 6, 'NORMAL': 8}","{'CRITICAL': 3, 'IMPORTANT': 5, 'NORMAL': 7}"
468,36,9,36,3,416.0,0,1.0,0.0,1196,10,16,20,37.139745332999155,uncommitted,"{'gateway': 'f6e10d90e8003100a8e76537dfef74e281fadffd7096e97d8c78bcdcff07863c', 'sensor': '43fc3d856a8674ab75587990c60c63c0326cd61935db4bfd093ec650f764d533'}",c0:4e:30:31:42:9c,0.6666666666666666,0,18,BURST,0.2,2,545.7701250124956,1.0,0,0.8888888888888888,415.4307912103832,417.3900419846177,2504.6475830022246,46,46,E220-400T22D,1.5555555555555554,28,eventguard_burst_burst3_loss20_seed41_e220,18,41,80:65:99:a7:a8:a4,2,REAL_E220_WITH_APPLICATION_LAYER_INJECTION,2026-09-25T17:15:38.021087+00:00,EVENTGUARD,1664,7b582d28d1a0d37c025a186dceed2ea57178c0bc0bad73992320ef8e933680f3,"{'CRITICAL': 4, 'IMPORTANT': 6, 'NORMAL': 8}","{'CRITICAL': 4, 'IMPORTANT': 4, 'NORMAL': 8}"
481,37,8,37,3,550.3333333333334,0,0.75,0.25,1170,7,17,20,35.800327042117715,uncommitted,"{'gateway': 'f6e10d90e8003100a8e76537dfef74e281fadffd7096e97d8c78bcdcff07863c', 'sensor': '43fc3d856a8674ab75587990c60c63c0326cd61935db4bfd093ec650f764d533'}",c0:4e:30:31:42:9c,1.0,0,18,BURST,0.2,1,659.5386691007982,1.0,0,0.9444444444444444,415.36245797760785,1454.7762498259544,2494.678999995813,44,45,E220-400T22D,1.5,27,eventguard_burst_burst3_loss20_seed53_e220,18,53,80:65:99:a7:a8:a4,1,REAL_E220_WITH_APPLICATION_LAYER_INJECTION,2026-09-25T17:16:15.481415+00:00,EVENTGUARD,1651,b4022cc825edbde82bafbf00ac2ccda31c900699a36d29bc31fcbbf1459f4fde,"{'CRITICAL': 4, 'IMPORTANT': 6, 'NORMAL': 8}","{'CRITICAL': 3, 'IMPORTANT': 6, 'NORMAL': 8}"
481,37,5,37,3,406.25,0,1.0,0.0,1144,7,16,21,34.75317845889367,uncommitted,"{'gateway': 'f6e10d90e8003100a8e76537dfef74e281fadffd7096e97d8c78bcdcff07863c', 'sensor': '43fc3d856a8674ab75587990c60c63c0326cd61935db4bfd093ec650f764d533'}",c0:4e:30:31:42:9c,1.0,0,18,BURST,0.2,2,545.181067645899,0.75,0,0.8888888888888888,415.12841591611505,417.6160420756787,2494.451625039801,44,44,E220-400T22D,1.4444444444444446,26,eventguard_burst_burst3_loss20_seed67_e220,18,67,80:65:99:a7:a8:a4,2,REAL_E220_WITH_APPLICATION_LAYER_INJECTION,2026-09-25T17:16:51.588559+00:00,EVENTGUARD,1625,2d48acff96e0326bf8076422f46d3122c6fcdb34e3dce0875aa0b6d0c25d8b09,"{'CRITICAL': 4, 'IMPORTANT': 6, 'NORMAL': 8}","{'CRITICAL': 4, 'IMPORTANT': 6, 'NORMAL': 6}"
494,38,7,38,3,422.5,0,1.0,0.0,1196,7,15,23,36.51954483287409,uncommitted,"{'gateway': 'f6e10d90e8003100a8e76537dfef74e281fadffd7096e97d8c78bcdcff07863c', 'sensor': '43fc3d856a8674ab75587990c60c63c0326cd61935db4bfd093ec650f764d533'}",c0:4e:30:31:42:9c,0.8333333333333334,0,18,BURST,0.2,3,415.2780832101901,0.75,0,0.8333333333333334,415.10445810854435,416.0111660603434,416.1500420887023,45,46,E220-400T22D,1.5555555555555554,28,eventguard_burst_burst3_loss20_seed71_e220,18,71,80:65:99:a7:a8:a4,2,REAL_E220_WITH_APPLICATION_LAYER_INJECTION,2026-09-25T17:17:26.690909+00:00,EVENTGUARD,1690,2d3c2f6899d93398a0323cbc3dd099cc658d87cb1a131f0dc77658cba16ea74d,"{'CRITICAL': 4, 'IMPORTANT': 6, 'NORMAL': 8}","{'CRITICAL': 4, 'IMPORTANT': 5, 'NORMAL': 6}"
468,36,7,36,3,546.0,0,0.75,0.25,1170,8,16,20,36.089992958121,uncommitted,"{'gateway': 'f6e10d90e8003100a8e76537dfef74e281fadffd7096e97d8c78bcdcff07863c', 'sensor': '43fc3d856a8674ab75587990c60c63c0326cd61935db4bfd093ec650f764d533'}",c0:4e:30:31:42:9c,1.0,0,18,BURST,0.2,2,477.7687863970641,0.875,0,0.8888888888888888,415.5079161282629,416.25483287498355,1455.1184999290854,44,45,E220-400T22D,1.5,27,eventguard_burst_burst3_loss20_seed83_e220,18,83,80:65:99:a7:a8:a4,2,REAL_E220_WITH_APPLICATION_LAYER_INJECTION,2026-09-25T17:18:03.525982+00:00,EVENTGUARD,1638,53ff4fba2d4224e6126faaa651a0a0f54f06874d7918a7df123504a07e18367d,"{'CRITICAL': 4, 'IMPORTANT': 6, 'NORMAL': 8}","{'CRITICAL': 3, 'IMPORTANT': 6, 'NORMAL': 7}"
442,34,7,34,3,390.0,0,1.0,0.0,1118,8,15,19,34.59456783393398,uncommitted,"{'gateway': 'f6e10d90e8003100a8e76537dfef74e281fadffd7096e97d8c78bcdcff07863c', 'sensor': '43fc3d856a8674ab75587990c60c63c0326cd61935db4bfd093ec650f764d533'}",c0:4e:30:31:42:9c,0.6666666666666666,0,18,BURST,0.2,3,623.2985863151649,0.875,0,0.8333333333333334,415.3447919525206,1455.0154590979218,2494.892792077735,42,43,E220-400T22D,1.3888888888888888,25,eventguard_burst_burst3_loss20_seed97_e220,18,97,80:65:99:a7:a8:a4,2,REAL_E220_WITH_APPLICATION_LAYER_INJECTION,2026-09-25T17:18:39.955879+00:00,EVENTGUARD,1560,b3ae2fcb772c83e0a9d99c2203c581f55178fdfc1f99afeebdf75ce2103c44a4,"{'CRITICAL': 4, 'IMPORTANT': 6, 'NORMAL': 8}","{'CRITICAL': 4, 'IMPORTANT': 4, 'NORMAL': 7}"
455,35,5,35,3,399.75,0,1.0,0.0,1144,9,18,17,35.34458125010133,uncommitted,"{'gateway': 'f6e10d90e8003100a8e76537dfef74e281fadffd7096e97d8c78bcdcff07863c', 'sensor': '43fc3d856a8674ab75587990c60c63c0326cd61935db4bfd093ec650f764d533'}",c0:4e:30:31:42:9c,1.0,0,18,BURST,0.2,0,761.6600162711823,1.0,0,1.0,415.28379218652844,2494.654417037964,2494.963709032163,44,44,E220-400T22D,1.4444444444444446,26,eventguard_burst_burst3_loss20_seed101_e220,18,101,80:65:99:a7:a8:a4,0,REAL_E220_WITH_APPLICATION_LAYER_INJECTION,2026-09-25T17:19:14.866683+00:00,EVENTGUARD,1599,38ced8c438353a89e42a4016b370e21009c6fb5e0ea77e924824fea5eef3d7f1,"{'CRITICAL': 4, 'IMPORTANT': 6, 'NORMAL': 8}","{'CRITICAL': 4, 'IMPORTANT': 6, 'NORMAL': 8}"
390,30,12,30,3,403.0,0,1.0,0.0,1222,14,15,15,39.92509933398105,uncommitted,"{'gateway': 'f6e10d90e8003100a8e76537dfef74e281fadffd7096e97d8c78bcdcff07863c', 'sensor': '43fc3d856a8674ab75587990c60c63c0326cd61935db4bfd093ec650f764d533'}",c0:4e:30:31:42:9c,0.8333333333333334,0,18,RANDOM,0.3,3,691.2710527423769,0.75,0,0.8333333333333334,415.00720800831914,1453.9762500207871,1454.2327909730375,44,47,E220-400T22D,1.6111111111111112,29,eventguard_random_loss30_seed11_e220,18,11,80:65:99:a7:a8:a4,2,REAL_E220_WITH_APPLICATION_LAYER_INJECTION,2026-09-25T17:19:50.595405+00:00,EVENTGUARD,1612,19558e2ff7c5eec6632fbb4262cf64002978275c397d79ef132275e7a234a1b0,"{'CRITICAL': 4, 'IMPORTANT': 6, 'NORMAL': 8}","{'CRITICAL': 4, 'IMPORTANT': 5, 'NORMAL': 6}"
403,31,9,31,3,380.25,0,1.0,0.0,1118,10,17,14,35.472587917000055,uncommitted,"{'gateway': 'f6e10d90e8003100a8e76537dfef74e281fadffd7096e97d8c78bcdcff07863c', 'sensor': '43fc3d856a8674ab75587990c60c63c0326cd61935db4bfd093ec650f764d533'}",c0:4e:30:31:42:9c,1.0,0,18,RANDOM,0.3,1,720.2380442416625,0.875,0,0.9444444444444444,415.5338751152158,1453.825542004779,2486.4313330035657,41,43,E220-400T22D,1.3888888888888888,25,eventguard_random_loss30_seed23_e220,18,23,80:65:99:a7:a8:a4,1,REAL_E220_WITH_APPLICATION_LAYER_INJECTION,2026-09-25T17:20:30.845893+00:00,EVENTGUARD,1521,ba6e53695b846b6a760bc4863801fb8b228a9f15f3423399f8c1b92c23c0b90e,"{'CRITICAL': 4, 'IMPORTANT': 6, 'NORMAL': 8}","{'CRITICAL': 4, 'IMPORTANT': 6, 'NORMAL': 7}"
364,28,7,28,3,390.0,0,1.0,0.0,1196,13,16,12,39.48611874994822,uncommitted,"{'gateway': 'f6e10d90e8003100a8e76537dfef74e281fadffd7096e97d8c78bcdcff07863c', 'sensor': '43fc3d856a8674ab75587990c60c63c0326cd61935db4bfd093ec650f764d533'}",c0:4e:30:31:42:9c,1.0,0,18,RANDOM,0.3,2,739.7517682402395,0.75,0,0.8888888888888888,415.3800830245018,1454.5792920980603,2494.8080421891063,41,46,E220-400T22D,1.5555555555555554,28,eventguard_random_loss30_seed37_e220,18,37,80:65:99:a7:a8:a4,2,REAL_E220_WITH_APPLICATION_LAYER_INJECTION,2026-09-25T17:21:06.637536+00:00,EVENTGUARD,1560,c3c12e6d559c965a929e18e0c7341898c3b0fffd33e465240a3a1338a43f0685,"{'CRITICAL': 4, 'IMPORTANT': 6, 'NORMAL': 8}","{'CRITICAL': 4, 'IMPORTANT': 6, 'NORMAL': 6}"
403,31,14,31,3,406.25,0,1.0,0.0,1222,12,17,14,39.62901375000365,uncommitted,"{'gateway': 'f6e10d90e8003100a8e76537dfef74e281fadffd7096e97d8c78bcdcff07863c', 'sensor': '43fc3d856a8674ab75587990c60c63c0326cd61935db4bfd093ec650f764d533'}",c0:4e:30:31:42:9c,1.0,0,18,RANDOM,0.3,1,903.5527990062666,0.875,0,0.9444444444444444,415.46304104849696,2488.5225421749055,2493.5195830184966,43,47,E220-400T22D,1.6111111111111112,29,eventguard_random_loss30_seed41_e220,18,41,80:65:99:a7:a8:a4,1,REAL_E220_WITH_APPLICATION_LAYER_INJECTION,2026-09-25T17:21:46.448853+00:00,EVENTGUARD,1625,7b582d28d1a0d37c025a186dceed2ea57178c0bc0bad73992320ef8e933680f3,"{'CRITICAL': 4, 'IMPORTANT': 6, 'NORMAL': 8}","{'CRITICAL': 4, 'IMPORTANT': 6, 'NORMAL': 7}"
377,29,6,29,3,380.25,0,1.0,0.0,1144,12,16,13,37.11520687513985,uncommitted,"{'gateway': 'f6e10d90e8003100a8e76537dfef74e281fadffd7096e97d8c78bcdcff07863c', 'sensor': '43fc3d856a8674ab75587990c60c63c0326cd61935db4bfd093ec650f764d533'}",c0:4e:30:31:42:9c,1.0,0,18,RANDOM,0.3,2,805.0568620383274,0.75,0,0.8888888888888888,415.67341703921556,2494.122500065714,2494.965458055958,41,44,E220-400T22D,1.4444444444444446,26,eventguard_random_loss30_seed53_e220,18,53,80:65:99:a7:a8:a4,1,REAL_E220_WITH_APPLICATION_LAYER_INJECTION,2026-09-25T17:22:26.608018+00:00,EVENTGUARD,1521,b4022cc825edbde82bafbf00ac2ccda31c900699a36d29bc31fcbbf1459f4fde,"{'CRITICAL': 4, 'IMPORTANT': 6, 'NORMAL': 8}","{'CRITICAL': 4, 'IMPORTANT': 6, 'NORMAL': 6}"
403,31,12,31,3,380.25,0,1.0,0.0,1118,7,17,14,35.48820829112083,uncommitted,"{'gateway': 'f6e10d90e8003100a8e76537dfef74e281fadffd7096e97d8c78bcdcff07863c', 'sensor': '43fc3d856a8674ab75587990c60c63c0326cd61935db4bfd093ec650f764d533'}",c0:4e:30:31:42:9c,1.0,0,18,RANDOM,0.3,1,537.2987351626815,0.875,0,0.9444444444444444,415.3548330068588,416.13437491469085,2488.504665903747,38,43,E220-400T22D,1.3888888888888888,25,eventguard_random_loss30_seed67_e220,18,67,80:65:99:a7:a8:a4,1,REAL_E220_WITH_APPLICATION_LAYER_INJECTION,2026-09-25T17:23:04.065707+00:00,EVENTGUARD,1521,2d48acff96e0326bf8076422f46d3122c6fcdb34e3dce0875aa0b6d0c25d8b09,"{'CRITICAL': 4, 'IMPORTANT': 6, 'NORMAL': 8}","{'CRITICAL': 4, 'IMPORTANT': 6, 'NORMAL': 7}"
351,27,4,27,3,472.3333333333333,0,0.75,0.25,1066,14,17,10,34.60654720896855,uncommitted,"{'gateway': 'f6e10d90e8003100a8e76537dfef74e281fadffd7096e97d8c78bcdcff07863c', 'sensor': '43fc3d856a8674ab75587990c60c63c0326cd61935db4bfd093ec650f764d533'}",c0:4e:30:31:42:9c,1.0,0,18,RANDOM,0.3,1,781.8537182311583,1.0,0,0.9444444444444444,415.64412508159876,2491.5221671108156,2492.2478750813752,41,41,E220-400T22D,1.2777777777777777,23,eventguard_random_loss30_seed71_e220,18,71,80:65:99:a7:a8:a4,1,REAL_E220_WITH_APPLICATION_LAYER_INJECTION,2026-09-25T17:23:39.873236+00:00,EVENTGUARD,1417,2d3c2f6899d93398a0323cbc3dd099cc658d87cb1a131f0dc77658cba16ea74d,"{'CRITICAL': 4, 'IMPORTANT': 6, 'NORMAL': 8}","{'CRITICAL': 3, 'IMPORTANT': 6, 'NORMAL': 8}"
377,29,8,29,3,380.25,0,1.0,0.0,1144,10,16,13,37.10991508397274,uncommitted,"{'gateway': 'f6e10d90e8003100a8e76537dfef74e281fadffd7096e97d8c78bcdcff07863c', 'sensor': '43fc3d856a8674ab75587990c60c63c0326cd61935db4bfd093ec650f764d533'}",c0:4e:30:31:42:9c,0.8333333333333334,0,18,RANDOM,0.3,2,869.4211095571518,0.875,0,0.8888888888888888,415.72758299298584,2488.802917068824,2493.981249863282,39,44,E220-400T22D,1.4444444444444446,26,eventguard_random_loss30_seed83_e220,18,83,80:65:99:a7:a8:a4,2,REAL_E220_WITH_APPLICATION_LAYER_INJECTION,2026-09-25T17:24:14.815837+00:00,EVENTGUARD,1521,53ff4fba2d4224e6126faaa651a0a0f54f06874d7918a7df123504a07e18367d,"{'CRITICAL': 4, 'IMPORTANT': 6, 'NORMAL': 8}","{'CRITICAL': 4, 'IMPORTANT': 5, 'NORMAL': 7}"
377,29,9,29,3,515.6666666666666,0,0.75,0.25,1170,12,16,13,38.150763917015865,uncommitted,"{'gateway': 'f6e10d90e8003100a8e76537dfef74e281fadffd7096e97d8c78bcdcff07863c', 'sensor': '43fc3d856a8674ab75587990c60c63c0326cd61935db4bfd093ec650f764d533'}",c0:4e:30:31:42:9c,1.0,0,18,RANDOM,0.3,2,610.0055206916295,0.875,0,0.8888888888888888,415.58641684241593,1454.4231661129743,1454.6715409960598,41,45,E220-400T22D,1.5,27,eventguard_random_loss30_seed97_e220,18,97,80:65:99:a7:a8:a4,2,REAL_E220_WITH_APPLICATION_LAYER_INJECTION,2026-09-25T17:24:52.263016+00:00,EVENTGUARD,1547,b3ae2fcb772c83e0a9d99c2203c581f55178fdfc1f99afeebdf75ce2103c44a4,"{'CRITICAL': 4, 'IMPORTANT': 6, 'NORMAL': 8}","{'CRITICAL': 3, 'IMPORTANT': 6, 'NORMAL': 7}"
403,31,11,31,3,393.25,0,1.0,0.0,1170,12,14,17,37.55991329206154,uncommitted,"{'gateway': 'f6e10d90e8003100a8e76537dfef74e281fadffd7096e97d8c78bcdcff07863c', 'sensor': '43fc3d856a8674ab75587990c60c63c0326cd61935db4bfd093ec650f764d533'}",c0:4e:30:31:42:9c,0.8333333333333334,0,18,RANDOM,0.3,4,786.0915773115786,0.625,0,0.7777777777777778,415.88770784437656,1455.697540892288,2489.8768339771777,43,45,E220-400T22D,1.5,27,eventguard_random_loss30_seed101_e220,18,101,80:65:99:a7:a8:a4,2,REAL_E220_WITH_APPLICATION_LAYER_INJECTION,2026-09-25T17:25:30.742406+00:00,EVENTGUARD,1573,38ced8c438353a89e42a4016b370e21009c6fb5e0ea77e924824fea5eef3d7f1,"{'CRITICAL': 4, 'IMPORTANT': 6, 'NORMAL': 8}","{'CRITICAL': 4, 'IMPORTANT': 5, 'NORMAL': 5}"
416,32,4,32,3,528.6666666666666,0,0.75,0.25,1170,13,14,18,37.28919137502089,uncommitted,"{'gateway': 'f6e10d90e8003100a8e76537dfef74e281fadffd7096e97d8c78bcdcff07863c', 'sensor': '43fc3d856a8674ab75587990c60c63c0326cd61935db4bfd093ec650f764d533'}",c0:4e:30:31:42:9c,0.8333333333333334,0,18,BURST,0.3,4,638.3447084808722,0.75,0,0.7777777777777778,415.61916610226035,1454.9567089416087,2495.0534999370575,45,45,E220-400T22D,1.5,27,eventguard_burst_burst3_loss30_seed11_e220,18,11,80:65:99:a7:a8:a4,3,REAL_E220_WITH_APPLICATION_LAYER_INJECTION,2026-09-25T17:26:08.665820+00:00,EVENTGUARD,1586,19558e2ff7c5eec6632fbb4262cf64002978275c397d79ef132275e7a234a1b0,"{'CRITICAL': 4, 'IMPORTANT': 6, 'NORMAL': 8}","{'CRITICAL': 3, 'IMPORTANT': 5, 'NORMAL': 6}"
403,31,7,31,3,373.75,0,1.0,0.0,1092,9,16,15,34.45607175002806,uncommitted,"{'gateway': 'f6e10d90e8003100a8e76537dfef74e281fadffd7096e97d8c78bcdcff07863c', 'sensor': '43fc3d856a8674ab75587990c60c63c0326cd61935db4bfd093ec650f764d533'}",c0:4e:30:31:42:9c,0.8333333333333334,0,18,BURST,0.3,2,739.5375312917167,0.875,0,0.8888888888888888,415.4429999180138,2486.700249835849,2495.016957866028,40,42,E220-400T22D,1.3333333333333335,24,eventguard_burst_burst3_loss30_seed23_e220,18,23,80:65:99:a7:a8:a4,1,REAL_E220_WITH_APPLICATION_LAYER_INJECTION,2026-09-25T17:26:46.295589+00:00,EVENTGUARD,1495,ba6e53695b846b6a760bc4863801fb8b228a9f15f3423399f8c1b92c23c0b90e,"{'CRITICAL': 4, 'IMPORTANT': 6, 'NORMAL': 8}","{'CRITICAL': 4, 'IMPORTANT': 5, 'NORMAL': 7}"
416,32,13,32,3,403.0,0,1.0,0.0,1196,14,14,18,38.33179312502034,uncommitted,"{'gateway': 'f6e10d90e8003100a8e76537dfef74e281fadffd7096e97d8c78bcdcff07863c', 'sensor': '43fc3d856a8674ab75587990c60c63c0326cd61935db4bfd093ec650f764d533'}",c0:4e:30:31:42:9c,0.6666666666666666,0,18,BURST,0.3,4,712.1165596181527,0.75,0,0.7777777777777778,414.95145787484944,2494.240708881989,2494.6514999028295,46,46,E220-400T22D,1.5555555555555554,28,eventguard_burst_burst3_loss30_seed37_e220,18,37,80:65:99:a7:a8:a4,2,REAL_E220_WITH_APPLICATION_LAYER_INJECTION,2026-09-25T17:27:21.111587+00:00,EVENTGUARD,1612,c3c12e6d559c965a929e18e0c7341898c3b0fffd33e465240a3a1338a43f0685,"{'CRITICAL': 4, 'IMPORTANT': 6, 'NORMAL': 8}","{'CRITICAL': 4, 'IMPORTANT': 4, 'NORMAL': 6}"
429,33,7,33,3,406.25,0,1.0,0.0,1196,12,13,20,38.03629499999806,uncommitted,"{'gateway': 'f6e10d90e8003100a8e76537dfef74e281fadffd7096e97d8c78bcdcff07863c', 'sensor': '43fc3d856a8674ab75587990c60c63c0326cd61935db4bfd093ec650f764d533'}",c0:4e:30:31:42:9c,0.5,0,18,BURST,0.3,5,594.9034100899903,0.75,0,0.7222222222222222,415.0567918550223,674.3749999441206,2494.805415859446,45,46,E220-400T22D,1.5555555555555554,28,eventguard_burst_burst3_loss30_seed41_e220,18,41,80:65:99:a7:a8:a4,4,REAL_E220_WITH_APPLICATION_LAYER_INJECTION,2026-09-25T17:27:59.764095+00:00,EVENTGUARD,1625,7b582d28d1a0d37c025a186dceed2ea57178c0bc0bad73992320ef8e933680f3,"{'CRITICAL': 4, 'IMPORTANT': 6, 'NORMAL': 8}","{'CRITICAL': 4, 'IMPORTANT': 3, 'NORMAL': 6}"
416,32,12,32,3,528.6666666666666,0,0.75,0.25,1170,12,16,16,37.27752595813945,uncommitted,"{'gateway': 'f6e10d90e8003100a8e76537dfef74e281fadffd7096e97d8c78bcdcff07863c', 'sensor': '43fc3d856a8674ab75587990c60c63c0326cd61935db4bfd093ec650f764d533'}",c0:4e:30:31:42:9c,1.0,0,18,BURST,0.3,2,674.9255260219797,0.875,0,0.8888888888888888,415.09283310733736,1454.8270420636982,2493.2970418594778,44,45,E220-400T22D,1.5,27,eventguard_burst_burst3_loss30_seed53_e220,18,53,80:65:99:a7:a8:a4,2,REAL_E220_WITH_APPLICATION_LAYER_INJECTION,2026-09-25T17:28:38.151688+00:00,EVENTGUARD,1586,b4022cc825edbde82bafbf00ac2ccda31c900699a36d29bc31fcbbf1459f4fde,"{'CRITICAL': 4, 'IMPORTANT': 6, 'NORMAL': 8}","{'CRITICAL': 3, 'IMPORTANT': 6, 'NORMAL': 7}"
429,33,7,33,3,399.75,0,1.0,0.0,1170,11,15,18,36.98232179111801,uncommitted,"{'gateway': 'f6e10d90e8003100a8e76537dfef74e281fadffd7096e97d8c78bcdcff07863c', 'sensor': '43fc3d856a8674ab75587990c60c63c0326cd61935db4bfd093ec650f764d533'}",c0:4e:30:31:42:9c,0.8333333333333334,0,18,BURST,0.3,3,623.2097665779293,0.75,0,0.8333333333333334,415.3777079191059,1455.350707983598,2494.931166060269,44,45,E220-400T22D,1.5,27,eventguard_burst_burst3_loss30_seed67_e220,18,67,80:65:99:a7:a8:a4,3,REAL_E220_WITH_APPLICATION_LAYER_INJECTION,2026-09-25T17:29:15.779013+00:00,EVENTGUARD,1599,2d48acff96e0326bf8076422f46d3122c6fcdb34e3dce0875aa0b6d0c25d8b09,"{'CRITICAL': 4, 'IMPORTANT': 6, 'NORMAL': 8}","{'CRITICAL': 4, 'IMPORTANT': 5, 'NORMAL': 6}"
429,33,7,33,3,399.75,0,1.0,0.0,1170,10,13,20,36.987503958866,uncommitted,"{'gateway': 'f6e10d90e8003100a8e76537dfef74e281fadffd7096e97d8c78bcdcff07863c', 'sensor': '43fc3d856a8674ab75587990c60c63c0326cd61935db4bfd093ec650f764d533'}",c0:4e:30:31:42:9c,0.8333333333333334,0,18,BURST,0.3,5,495.06979482248425,0.5,0,0.7222222222222222,415.1999580208212,415.81458295695484,1454.5356249436736,43,45,E220-400T22D,1.5,27,eventguard_burst_burst3_loss30_seed71_e220,18,71,80:65:99:a7:a8:a4,4,REAL_E220_WITH_APPLICATION_LAYER_INJECTION,2026-09-25T17:29:53.272421+00:00,EVENTGUARD,1599,2d3c2f6899d93398a0323cbc3dd099cc658d87cb1a131f0dc77658cba16ea74d,"{'CRITICAL': 4, 'IMPORTANT': 6, 'NORMAL': 8}","{'CRITICAL': 4, 'IMPORTANT': 5, 'NORMAL': 4}"
390,30,12,30,3,793.0,0,0.5,0.5,1196,13,14,16,38.903409250080585,uncommitted,"{'gateway': 'f6e10d90e8003100a8e76537dfef74e281fadffd7096e97d8c78bcdcff07863c', 'sensor': '43fc3d856a8674ab75587990c60c63c0326cd61935db4bfd093ec650f764d533'}",c0:4e:30:31:42:9c,0.8333333333333334,0,18,BURST,0.3,4,711.8038302287459,0.875,0,0.7777777777777778,415.2197919320315,1454.9487079493701,2490.289125125855,43,46,E220-400T22D,1.5555555555555554,28,eventguard_burst_burst3_loss30_seed83_e220,18,83,80:65:99:a7:a8:a4,4,REAL_E220_WITH_APPLICATION_LAYER_INJECTION,2026-09-25T17:30:30.592288+00:00,EVENTGUARD,1586,53ff4fba2d4224e6126faaa651a0a0f54f06874d7918a7df123504a07e18367d,"{'CRITICAL': 4, 'IMPORTANT': 6, 'NORMAL': 8}","{'CRITICAL': 2, 'IMPORTANT': 5, 'NORMAL': 7}"
442,34,7,34,3,409.5,0,1.0,0.0,1196,9,17,17,37.73352566617541,uncommitted,"{'gateway': 'f6e10d90e8003100a8e76537dfef74e281fadffd7096e97d8c78bcdcff07863c', 'sensor': '43fc3d856a8674ab75587990c60c63c0326cd61935db4bfd093ec650f764d533'}",c0:4e:30:31:42:9c,0.8333333333333334,0,18,BURST,0.3,1,782.0096838918022,1.0,0,0.9444444444444444,415.3316670563072,2494.33850008063,2494.4646670483053,43,46,E220-400T22D,1.5555555555555554,28,eventguard_burst_burst3_loss30_seed97_e220,18,97,80:65:99:a7:a8:a4,1,REAL_E220_WITH_APPLICATION_LAYER_INJECTION,2026-09-25T17:31:09.817180+00:00,EVENTGUARD,1638,b3ae2fcb772c83e0a9d99c2203c581f55178fdfc1f99afeebdf75ce2103c44a4,"{'CRITICAL': 4, 'IMPORTANT': 6, 'NORMAL': 8}","{'CRITICAL': 4, 'IMPORTANT': 5, 'NORMAL': 8}"
403,31,11,31,3,393.25,0,1.0,0.0,1170,12,16,15,37.576895124977455,uncommitted,"{'gateway': 'f6e10d90e8003100a8e76537dfef74e281fadffd7096e97d8c78bcdcff07863c', 'sensor': '43fc3d856a8674ab75587990c60c63c0326cd61935db4bfd093ec650f764d533'}",c0:4e:30:31:42:9c,0.8333333333333334,0,18,BURST,0.3,2,804.909726648475,0.875,0,0.8888888888888888,415.6777919270098,2494.2710001487285,2494.645999977365,43,45,E220-400T22D,1.5,27,eventguard_burst_burst3_loss30_seed101_e220,18,101,80:65:99:a7:a8:a4,2,REAL_E220_WITH_APPLICATION_LAYER_INJECTION,2026-09-25T17:31:47.926169+00:00,EVENTGUARD,1573,38ced8c438353a89e42a4016b370e21009c6fb5e0ea77e924824fea5eef3d7f1,"{'CRITICAL': 4, 'IMPORTANT': 6, 'NORMAL': 8}","{'CRITICAL': 4, 'IMPORTANT': 5, 'NORMAL': 7}"
