strategy,seed,loss_model,loss_rate,trace_sha256,channel_calendar,channel_calendar_sha256,eventguard_reference_budget,imb_actual_data_copies,allocation_order_id,allocation_sha256,critical_event_delivery_ratio,important_event_delivery_ratio,overall_delivery_ratio,normal_delivery_ratio,physical_data_transmissions,ack_count,accepted_ack,data_injected_drops,ack_injected_drops,data_bytes_transmitted,ack_bytes_transmitted,total_bytes_transmitted,estimated_communication_time_ms,critical_traffic_share,important_traffic_share,normal_traffic_share,predicted_normal_copies,predicted_important_copies,predicted_critical_copies,truth_normal_copies,truth_important_copies,truth_critical_copies
IMPORTANCE_MATCHED_BUDGET,31,RANDOM_COPY,0.0,73d9ff14aa406239cc54fc6052f86d6589142d00af93eae773d64a41cfd38901,RANDOM_COPY:0.0:31:54,7119f314d3837dac54bf984118de657f6f1e6dfd2a2b2a20510454f762dddf11,112,112,IMPORTANCE_MATCHED_BUDGET_V1_SHA256_ASCENDING,7ba1f73f2542012321fa188b7e06260accd3818cc25c189c4da106415f2387f4,1.0,1.0,1.0,1.0,112,112,112,0,0,2912,1456,4368,4550.0,0.3482142857142857,0.5446428571428571,0.10714285714285714,12,52,48,12,61,39
IMPORTANCE_MATCHED_BUDGET,32,RANDOM_COPY,0.0,6119e7089b0af0e9dd68c482fb71ece1f09122f81807a2ccc71010aa4cade86f,RANDOM_COPY:0.0:32:54,7119f314d3837dac54bf984118de657f6f1e6dfd2a2b2a20510454f762dddf11,112,112,IMPORTANCE_MATCHED_BUDGET_V1_SHA256_ASCENDING,7ba1f73f2542012321fa188b7e06260accd3818cc25c189c4da106415f2387f4,1.0,1.0,1.0,1.0,112,112,112,0,0,2912,1456,4368,4550.0,0.3482142857142857,0.5446428571428571,0.10714285714285714,12,52,48,12,61,39
IMPORTANCE_MATCHED_BUDGET,33,RANDOM_COPY,0.0,81de3b48689a54bac849bcf0dbe81e7c12b28d260f7a3f4dd8110beec101cfbb,RANDOM_COPY:0.0:33:54,7119f314d3837dac54bf984118de657f6f1e6dfd2a2b2a20510454f762dddf11,112,112,IMPORTANCE_MATCHED_BUDGET_V1_SHA256_ASCENDING,7ba1f73f2542012321fa188b7e06260accd3818cc25c189c4da106415f2387f4,1.0,1.0,1.0,1.0,112,112,112,0,0,2912,1456,4368,4550.0,0.3482142857142857,0.5446428571428571,0.10714285714285714,12,52,48,12,61,39
IMPORTANCE_MATCHED_BUDGET,34,RANDOM_COPY,0.0,3311278d0a1da75c7db630963f14ab90c2d0761099a18366d1464945dddd9c3b,RANDOM_COPY:0.0:34:54,7119f314d3837dac54bf984118de657f6f1e6dfd2a2b2a20510454f762dddf11,112,112,IMPORTANCE_MATCHED_BUDGET_V1_SHA256_ASCENDING,7ba1f73f2542012321fa188b7e06260accd3818cc25c189c4da106415f2387f4,1.0,1.0,1.0,1.0,112,112,112,0,0,2912,1456,4368,4550.0,0.3482142857142857,0.5446428571428571,0.10714285714285714,12,52,48,12,61,39
IMPORTANCE_MATCHED_BUDGET,35,RANDOM_COPY,0.0,f250c5873604ee96db60e34131c830b5e62e5eaacded034746890f6fa0985c21,RANDOM_COPY:0.0:35:54,7119f314d3837dac54bf984118de657f6f1e6dfd2a2b2a20510454f762dddf11,112,112,IMPORTANCE_MATCHED_BUDGET_V1_SHA256_ASCENDING,7ba1f73f2542012321fa188b7e06260accd3818cc25c189c4da106415f2387f4,1.0,1.0,1.0,1.0,112,112,112,0,0,2912,1456,4368,4550.0,0.3482142857142857,0.5446428571428571,0.10714285714285714,12,52,48,12,61,39
IMPORTANCE_MATCHED_BUDGET,36,RANDOM_COPY,0.0,60ce6e544b21f1e8134e2af61817152ff93a013a5a7898e2614c90c9a9cbb846,RANDOM_COPY:0.0:36:54,7119f314d3837dac54bf984118de657f6f1e6dfd2a2b2a20510454f762dddf11,112,112,IMPORTANCE_MATCHED_BUDGET_V1_SHA256_ASCENDING,7ba1f73f2542012321fa188b7e06260accd3818cc25c189c4da106415f2387f4,1.0,1.0,1.0,1.0,112,112,112,0,0,2912,1456,4368,4550.0,0.3482142857142857,0.5446428571428571,0.10714285714285714,12,52,48,12,61,39
IMPORTANCE_MATCHED_BUDGET,37,RANDOM_COPY,0.0,f159dbf46962caa6bc856247e0f649a66f15e527ebc710b9b7417e03cd762244,RANDOM_COPY:0.0:37:54,7119f314d3837dac54bf984118de657f6f1e6dfd2a2b2a20510454f762dddf11,112,112,IMPORTANCE_MATCHED_BUDGET_V1_SHA256_ASCENDING,7ba1f73f2542012321fa188b7e06260accd3818cc25c189c4da106415f2387f4,1.0,1.0,1.0,1.0,112,112,112,0,0,2912,1456,4368,4550.0,0.3482142857142857,0.5446428571428571,0.10714285714285714,12,52,48,12,61,39
IMPORTANCE_MATCHED_BUDGET,38,RANDOM_COPY,0.0,c5e010f16d66360b7deeea8c3dbaa867bebf739e304ea32fa67954c3b2e97f64,RANDOM_COPY:0.0:38:54,7119f314d3837dac54bf984118de657f6f1e6dfd2a2b2a20510454f762dddf11,112,112,IMPORTANCE_MATCHED_BUDGET_V1_SHA256_ASCENDING,7ba1f73f2542012321fa188b7e06260accd3818cc25c189c4da106415f2387f4,1.0,1.0,1.0,1.0,112,112,112,0,0,2912,1456,4368,4550.0,0.3482142857142857,0.5446428571428571,0.10714285714285714,12,52,48,12,61,39
IMPORTANCE_MATCHED_BUDGET,39,RANDOM_COPY,0.0,51c5feb51f91575a44a4d4424377fe2549ccecf5b0d856676f0db557bc64e833,RANDOM_COPY:0.0:39:54,7119f314d3837dac54bf984118de657f6f1e6dfd2a2b2a20510454f762dddf11,112,112,IMPORTANCE_MATCHED_BUDGET_V1_SHA256_ASCENDING,7ba1f73f2542012321fa188b7e06260accd3818cc25c189c4da106415f2387f4,1.0,1.0,1.0,1.0,112,112,112,0,0,2912,1456,4368,4550.0,0.3482142857142857,0.5446428571428571,0.10714285714285714,12,52,48,12,61,39
IMPORTANCE_MATCHED_BUDGET,40,RANDOM_COPY,0.0,4f2d772a48f0466f3317f2a3d1c39bfdf29217e297af7af3ee474d69b90adef1,RANDOM_COPY:0.0:40:54,7119f314d3837dac54bf984118de657f6f1e6dfd2a2b2a20510454f762dddf11,112,112,IMPORTANCE_MATCHED_BUDGET_V1_SHA256_ASCENDING,7ba1f73f2542012321fa188b7e06260accd3818cc25c189c4da106415f2387f4,1.0,1.0,1.0,1.0,112,112,112,0,0,2912,1456,4368,4550.0,0.3482142857142857,0.5446428571428571,0.10714285714285714,12,52,48,12,61,39
IMPORTANCE_MATCHED_BUDGET,41,RANDOM_COPY,0.0,e6cd8c02f3331b258d96deda8de88913d9f67d741fd44b281758bffd4b22d236,RANDOM_COPY:0.0:41:54,7119f314d3837dac54bf984118de657f6f1e6dfd2a2b2a20510454f762dddf11,112,112,IMPORTANCE_MATCHED_BUDGET_V1_SHA256_ASCENDING,7ba1f73f2542012321fa188b7e06260accd3818cc25c189c4da106415f2387f4,1.0,1.0,1.0,1.0,112,112,112,0,0,2912,1456,4368,4550.0,0.3482142857142857,0.5446428571428571,0.10714285714285714,12,52,48,12,61,39
IMPORTANCE_MATCHED_BUDGET,42,RANDOM_COPY,0.0,4529192cd06c270fe793380af4649b462f4ff40d4266120b6847c82e730bcd7b,RANDOM_COPY:0.0:42:54,7119f314d3837dac54bf984118de657f6f1e6dfd2a2b2a20510454f762dddf11,112,112,IMPORTANCE_MATCHED_BUDGET_V1_SHA256_ASCENDING,7ba1f73f2542012321fa188b7e06260accd3818cc25c189c4da106415f2387f4,1.0,1.0,1.0,1.0,112,112,112,0,0,2912,1456,4368,4550.0,0.3482142857142857,0.5446428571428571,0.10714285714285714,12,52,48,12,61,39
IMPORTANCE_MATCHED_BUDGET,43,RANDOM_COPY,0.0,236449ba249350dd8c50595fb211c6a373de61cdcba704f44dfe7a369188ac72,RANDOM_COPY:0.0:43:54,7119f314d3837dac54bf984118de657f6f1e6dfd2a2b2a20510454f762dddf11,112,112,IMPORTANCE_MATCHED_BUDGET_V1_SHA256_ASCENDING,7ba1f73f2542012321fa188b7e06260accd3818cc25c189c4da106415f2387f4,1.0,1.0,1.0,1.0,112,112,112,0,0,2912,1456,4368,4550.0,0.3482142857142857,0.5446428571428571,0.10714285714285714,12,52,48,12,61,39
IMPORTANCE_MATCHED_BUDGET,44,RANDOM_COPY,0.0,09f3d575b5be45679a9d14896c2fc1363339b7f05b141eefb3ecf3d94191f50c,RANDOM_COPY:0.0:44:54,7119f314d3837dac54bf984118de657f6f1e6dfd2a2b2a20510454f762dddf11,112,112,IMPORTANCE_MATCHED_BUDGET_V1_SHA256_ASCENDING,7ba1f73f2542012321fa188b7e06260accd3818cc25c189c4da106415f2387f4,1.0,1.0,1.0,1.0,112,112,112,0,0,2912,1456,4368,4550.0,0.3482142857142857,0.5446428571428571,0.10714285714285714,12,52,48,12,61,39
IMPORTANCE_MATCHED_BUDGET,45,RANDOM_COPY,0.0,48cbaa8d58ab894ebc9fd1dcadd67f73d87ba8bcf5314779a8684a1251803bf9,RANDOM_COPY:0.0:45:54,7119f314d3837dac54bf984118de657f6f1e6dfd2a2b2a20510454f762dddf11,112,112,IMPORTANCE_MATCHED_BUDGET_V1_SHA256_ASCENDING,7ba1f73f2542012321fa188b7e06260accd3818cc25c189c4da106415f2387f4,1.0,1.0,1.0,1.0,112,112,112,0,0,2912,1456,4368,4550.0,0.3482142857142857,0.5446428571428571,0.10714285714285714,12,52,48,12,61,39
IMPORTANCE_MATCHED_BUDGET,46,RANDOM_COPY,0.0,1e18a4f187e48c688884c5338497c53c85c83c6b2d2e7e7e589f6eeed1939cc8,RANDOM_COPY:0.0:46:54,7119f314d3837dac54bf984118de657f6f1e6dfd2a2b2a20510454f762dddf11,112,112,IMPORTANCE_MATCHED_BUDGET_V1_SHA256_ASCENDING,7ba1f73f2542012321fa188b7e06260accd3818cc25c189c4da106415f2387f4,1.0,1.0,1.0,1.0,112,112,112,0,0,2912,1456,4368,4550.0,0.3482142857142857,0.5446428571428571,0.10714285714285714,12,52,48,12,61,39
IMPORTANCE_MATCHED_BUDGET,47,RANDOM_COPY,0.0,b9136d0c5b6f6e35050d9198937c6bb31962dbcb04fcf7e1cc4654102f4f1a0e,RANDOM_COPY:0.0:47:54,7119f314d3837dac54bf984118de657f6f1e6dfd2a2b2a20510454f762dddf11,112,112,IMPORTANCE_MATCHED_BUDGET_V1_SHA256_ASCENDING,7ba1f73f2542012321fa188b7e06260accd3818cc25c189c4da106415f2387f4,1.0,1.0,1.0,1.0,112,112,112,0,0,2912,1456,4368,4550.0,0.3482142857142857,0.5446428571428571,0.10714285714285714,12,52,48,12,61,39
IMPORTANCE_MATCHED_BUDGET,48,RANDOM_COPY,0.0,37207e5917ddae4ebbb1aa053dee9168acd0287668097e99f1c0c2e7804e9c18,RANDOM_COPY:0.0:48:54,7119f314d3837dac54bf984118de657f6f1e6dfd2a2b2a20510454f762dddf11,112,112,IMPORTANCE_MATCHED_BUDGET_V1_SHA256_ASCENDING,7ba1f73f2542012321fa188b7e06260accd3818cc25c189c4da106415f2387f4,1.0,1.0,1.0,1.0,112,112,112,0,0,2912,1456,4368,4550.0,0.3482142857142857,0.5446428571428571,0.10714285714285714,12,52,48,12,61,39
IMPORTANCE_MATCHED_BUDGET,49,RANDOM_COPY,0.0,3f51b9829e76334604c6e214aca57fd7b2135b7273fd421c14cf37c2e25a4dd3,RANDOM_COPY:0.0:49:54,7119f314d3837dac54bf984118de657f6f1e6dfd2a2b2a20510454f762dddf11,112,112,IMPORTANCE_MATCHED_BUDGET_V1_SHA256_ASCENDING,7ba1f73f2542012321fa188b7e06260accd3818cc25c189c4da106415f2387f4,1.0,1.0,1.0,1.0,112,112,112,0,0,2912,1456,4368,4550.0,0.3482142857142857,0.5446428571428571,0.10714285714285714,12,52,48,12,61,39
IMPORTANCE_MATCHED_BUDGET,50,RANDOM_COPY,0.0,5775e99ef6f4e193f38db7d0d0cf63e6dbc02a2ea1253e3fc0cdf18ef463b487,RANDOM_COPY:0.0:50:54,7119f314d3837dac54bf984118de657f6f1e6dfd2a2b2a20510454f762dddf11,112,112,IMPORTANCE_MATCHED_BUDGET_V1_SHA256_ASCENDING,7ba1f73f2542012321fa188b7e06260accd3818cc25c189c4da106415f2387f4,1.0,1.0,1.0,1.0,112,112,112,0,0,2912,1456,4368,4550.0,0.3482142857142857,0.5446428571428571,0.10714285714285714,12,52,48,12,61,39
IMPORTANCE_MATCHED_BUDGET,51,RANDOM_COPY,0.0,0b7d6bf414e729ce46ea354fb821e839b55bbb89b53570a80eec1df3c17d575a,RANDOM_COPY:0.0:51:54,7119f314d3837dac54bf984118de657f6f1e6dfd2a2b2a20510454f762dddf11,112,112,IMPORTANCE_MATCHED_BUDGET_V1_SHA256_ASCENDING,7ba1f73f2542012321fa188b7e06260accd3818cc25c189c4da106415f2387f4,1.0,1.0,1.0,1.0,112,112,112,0,0,2912,1456,4368,4550.0,0.3482142857142857,0.5446428571428571,0.10714285714285714,12,52,48,12,61,39
IMPORTANCE_MATCHED_BUDGET,52,RANDOM_COPY,0.0,3acbc5808db6370eec7f9f93ddd0c17095cbcca95fff7ad9e5a2971892b54c24,RANDOM_COPY:0.0:52:54,7119f314d3837dac54bf984118de657f6f1e6dfd2a2b2a20510454f762dddf11,112,112,IMPORTANCE_MATCHED_BUDGET_V1_SHA256_ASCENDING,7ba1f73f2542012321fa188b7e06260accd3818cc25c189c4da106415f2387f4,1.0,1.0,1.0,1.0,112,112,112,0,0,2912,1456,4368,4550.0,0.3482142857142857,0.5446428571428571,0.10714285714285714,12,52,48,12,61,39
IMPORTANCE_MATCHED_BUDGET,53,RANDOM_COPY,0.0,3e742f49e26551b32b3e4cfee72a8b1a397d953f44b4c21bd4a3beade216c9ed,RANDOM_COPY:0.0:53:54,7119f314d3837dac54bf984118de657f6f1e6dfd2a2b2a20510454f762dddf11,112,112,IMPORTANCE_MATCHED_BUDGET_V1_SHA256_ASCENDING,7ba1f73f2542012321fa188b7e06260accd3818cc25c189c4da106415f2387f4,1.0,1.0,1.0,1.0,112,112,112,0,0,2912,1456,4368,4550.0,0.3482142857142857,0.5446428571428571,0.10714285714285714,12,52,48,12,61,39
IMPORTANCE_MATCHED_BUDGET,54,RANDOM_COPY,0.0,8d997c6008ed844018d029cc8b30b9e54faa7ad6779958f4a10af07f53a1fd8a,RANDOM_COPY:0.0:54:54,7119f314d3837dac54bf984118de657f6f1e6dfd2a2b2a20510454f762dddf11,112,112,IMPORTANCE_MATCHED_BUDGET_V1_SHA256_ASCENDING,7ba1f73f2542012321fa188b7e06260accd3818cc25c189c4da106415f2387f4,1.0,1.0,1.0,1.0,112,112,112,0,0,2912,1456,4368,4550.0,0.3482142857142857,0.5446428571428571,0.10714285714285714,12,52,48,12,61,39
IMPORTANCE_MATCHED_BUDGET,55,RANDOM_COPY,0.0,9a389bb940b3a109f59b48f26c84f05a9b08dab7fc6527f41590f20d4537f247,RANDOM_COPY:0.0:55:54,7119f314d3837dac54bf984118de657f6f1e6dfd2a2b2a20510454f762dddf11,112,112,IMPORTANCE_MATCHED_BUDGET_V1_SHA256_ASCENDING,7ba1f73f2542012321fa188b7e06260accd3818cc25c189c4da106415f2387f4,1.0,1.0,1.0,1.0,112,112,112,0,0,2912,1456,4368,4550.0,0.3482142857142857,0.5446428571428571,0.10714285714285714,12,52,48,12,61,39
IMPORTANCE_MATCHED_BUDGET,56,RANDOM_COPY,0.0,cc4ee46b3195a07bf1d7019ff92ff7351b7ad6bcb61bc5ba00f4a1149939fa10,RANDOM_COPY:0.0:56:54,7119f314d3837dac54bf984118de657f6f1e6dfd2a2b2a20510454f762dddf11,112,112,IMPORTANCE_MATCHED_BUDGET_V1_SHA256_ASCENDING,7ba1f73f2542012321fa188b7e06260accd3818cc25c189c4da106415f2387f4,1.0,1.0,1.0,1.0,112,112,112,0,0,2912,1456,4368,4550.0,0.3482142857142857,0.5446428571428571,0.10714285714285714,12,52,48,12,61,39
IMPORTANCE_MATCHED_BUDGET,57,RANDOM_COPY,0.0,c4953acd4bff8aa7e38e17aedddf54b4f2076f77112d871697c31f7099448c56,RANDOM_COPY:0.0:57:54,7119f314d3837dac54bf984118de657f6f1e6dfd2a2b2a20510454f762dddf11,112,112,IMPORTANCE_MATCHED_BUDGET_V1_SHA256_ASCENDING,7ba1f73f2542012321fa188b7e06260accd3818cc25c189c4da106415f2387f4,1.0,1.0,1.0,1.0,112,112,112,0,0,2912,1456,4368,4550.0,0.3482142857142857,0.5446428571428571,0.10714285714285714,12,52,48,12,61,39
IMPORTANCE_MATCHED_BUDGET,58,RANDOM_COPY,0.0,40e3c8ccdf11bea273c67c481c0a721fee465cf0e131f4282107dc49559ff410,RANDOM_COPY:0.0:58:54,7119f314d3837dac54bf984118de657f6f1e6dfd2a2b2a20510454f762dddf11,112,112,IMPORTANCE_MATCHED_BUDGET_V1_SHA256_ASCENDING,7ba1f73f2542012321fa188b7e06260accd3818cc25c189c4da106415f2387f4,1.0,1.0,1.0,1.0,112,112,112,0,0,2912,1456,4368,4550.0,0.3482142857142857,0.5446428571428571,0.10714285714285714,12,52,48,12,61,39
IMPORTANCE_MATCHED_BUDGET,59,RANDOM_COPY,0.0,d9fcd7cca570ac4fadcad587ee4db6b68d120230ae32c0e844c0825b05597246,RANDOM_COPY:0.0:59:54,7119f314d3837dac54bf984118de657f6f1e6dfd2a2b2a20510454f762dddf11,112,112,IMPORTANCE_MATCHED_BUDGET_V1_SHA256_ASCENDING,7ba1f73f2542012321fa188b7e06260accd3818cc25c189c4da106415f2387f4,1.0,1.0,1.0,1.0,112,112,112,0,0,2912,1456,4368,4550.0,0.3482142857142857,0.5446428571428571,0.10714285714285714,12,52,48,12,61,39
IMPORTANCE_MATCHED_BUDGET,60,RANDOM_COPY,0.0,098bf99f32c0f711f965b8aed61f1c2684c9bff2908677244e50ef39a6cecbb8,RANDOM_COPY:0.0:60:54,7119f314d3837dac54bf984118de657f6f1e6dfd2a2b2a20510454f762dddf11,112,112,IMPORTANCE_MATCHED_BUDGET_V1_SHA256_ASCENDING,7ba1f73f2542012321fa188b7e06260accd3818cc25c189c4da106415f2387f4,1.0,1.0,1.0,1.0,112,112,112,0,0,2912,1456,4368,4550.0,0.3482142857142857,0.5446428571428571,0.10714285714285714,12,52,48,12,61,39
IMPORTANCE_MATCHED_BUDGET,61,RANDOM_COPY,0.0,cf84f96fa655d68fea4cdeddfe9b1065d95110760501f563d4e60d8ffde9a2d3,RANDOM_COPY:0.0:61:54,7119f314d3837dac54bf984118de657f6f1e6dfd2a2b2a20510454f762dddf11,112,112,IMPORTANCE_MATCHED_BUDGET_V1_SHA256_ASCENDING,7ba1f73f2542012321fa188b7e06260accd3818cc25c189c4da106415f2387f4,1.0,1.0,1.0,1.0,112,112,112,0,0,2912,1456,4368,4550.0,0.3482142857142857,0.5446428571428571,0.10714285714285714,12,52,48,12,61,39
IMPORTANCE_MATCHED_BUDGET,62,RANDOM_COPY,0.0,d6ce191eddde49a8515b856101cc57bcc28460b1b3bd7ec88f4b957c42501e28,RANDOM_COPY:0.0:62:54,7119f314d3837dac54bf984118de657f6f1e6dfd2a2b2a20510454f762dddf11,112,112,IMPORTANCE_MATCHED_BUDGET_V1_SHA256_ASCENDING,7ba1f73f2542012321fa188b7e06260accd3818cc25c189c4da106415f2387f4,1.0,1.0,1.0,1.0,112,112,112,0,0,2912,1456,4368,4550.0,0.3482142857142857,0.5446428571428571,0.10714285714285714,12,52,48,12,61,39
IMPORTANCE_MATCHED_BUDGET,63,RANDOM_COPY,0.0,dc7f71dcb9bc660fe5891b77a026b24d757bd6a682fee3df50277a1e7b4e3c95,RANDOM_COPY:0.0:63:54,7119f314d3837dac54bf984118de657f6f1e6dfd2a2b2a20510454f762dddf11,112,112,IMPORTANCE_MATCHED_BUDGET_V1_SHA256_ASCENDING,7ba1f73f2542012321fa188b7e06260accd3818cc25c189c4da106415f2387f4,1.0,1.0,1.0,1.0,112,112,112,0,0,2912,1456,4368,4550.0,0.3482142857142857,0.5446428571428571,0.10714285714285714,12,52,48,12,61,39
IMPORTANCE_MATCHED_BUDGET,64,RANDOM_COPY,0.0,ca7040eb36fef99fd228c901a9459b0ced7f5f0f6ffc36f1634524d315e34210,RANDOM_COPY:0.0:64:54,7119f314d3837dac54bf984118de657f6f1e6dfd2a2b2a20510454f762dddf11,112,112,IMPORTANCE_MATCHED_BUDGET_V1_SHA256_ASCENDING,7ba1f73f2542012321fa188b7e06260accd3818cc25c189c4da106415f2387f4,1.0,1.0,1.0,1.0,112,112,112,0,0,2912,1456,4368,4550.0,0.3482142857142857,0.5446428571428571,0.10714285714285714,12,52,48,12,61,39
IMPORTANCE_MATCHED_BUDGET,65,RANDOM_COPY,0.0,c5696372e28eda944d111d811fcca5ad05e59b3169009a337a147887bf942064,RANDOM_COPY:0.0:65:54,7119f314d3837dac54bf984118de657f6f1e6dfd2a2b2a20510454f762dddf11,112,112,IMPORTANCE_MATCHED_BUDGET_V1_SHA256_ASCENDING,7ba1f73f2542012321fa188b7e06260accd3818cc25c189c4da106415f2387f4,1.0,1.0,1.0,1.0,112,112,112,0,0,2912,1456,4368,4550.0,0.3482142857142857,0.5446428571428571,0.10714285714285714,12,52,48,12,61,39
IMPORTANCE_MATCHED_BUDGET,66,RANDOM_COPY,0.0,b6db333a9c9ee5b5c3a33e25217ecd21db38119ab4996e7f94c72eafd4de4a21,RANDOM_COPY:0.0:66:54,7119f314d3837dac54bf984118de657f6f1e6dfd2a2b2a20510454f762dddf11,112,112,IMPORTANCE_MATCHED_BUDGET_V1_SHA256_ASCENDING,7ba1f73f2542012321fa188b7e06260accd3818cc25c189c4da106415f2387f4,1.0,1.0,1.0,1.0,112,112,112,0,0,2912,1456,4368,4550.0,0.3482142857142857,0.5446428571428571,0.10714285714285714,12,52,48,12,61,39
IMPORTANCE_MATCHED_BUDGET,67,RANDOM_COPY,0.0,9cbc700fce522598dd4101afe27b6cbb4b9a59e84418e8ea3ef95e83d6d5f0ca,RANDOM_COPY:0.0:67:54,7119f314d3837dac54bf984118de657f6f1e6dfd2a2b2a20510454f762dddf11,112,112,IMPORTANCE_MATCHED_BUDGET_V1_SHA256_ASCENDING,7ba1f73f2542012321fa188b7e06260accd3818cc25c189c4da106415f2387f4,1.0,1.0,1.0,1.0,112,112,112,0,0,2912,1456,4368,4550.0,0.3482142857142857,0.5446428571428571,0.10714285714285714,12,52,48,12,61,39
IMPORTANCE_MATCHED_BUDGET,68,RANDOM_COPY,0.0,88fabb0364ce1e5891902cf5f319a3fb04a8448209903ab8dd35891948d62fbc,RANDOM_COPY:0.0:68:54,7119f314d3837dac54bf984118de657f6f1e6dfd2a2b2a20510454f762dddf11,112,112,IMPORTANCE_MATCHED_BUDGET_V1_SHA256_ASCENDING,7ba1f73f2542012321fa188b7e06260accd3818cc25c189c4da106415f2387f4,1.0,1.0,1.0,1.0,112,112,112,0,0,2912,1456,4368,4550.0,0.3482142857142857,0.5446428571428571,0.10714285714285714,12,52,48,12,61,39
IMPORTANCE_MATCHED_BUDGET,69,RANDOM_COPY,0.0,27d3f0a3fd57600aa06acb458c34cd01d8342c30de5f50d966c17e2cde00c0a9,RANDOM_COPY:0.0:69:54,7119f314d3837dac54bf984118de657f6f1e6dfd2a2b2a20510454f762dddf11,112,112,IMPORTANCE_MATCHED_BUDGET_V1_SHA256_ASCENDING,7ba1f73f2542012321fa188b7e06260accd3818cc25c189c4da106415f2387f4,1.0,1.0,1.0,1.0,112,112,112,0,0,2912,1456,4368,4550.0,0.3482142857142857,0.5446428571428571,0.10714285714285714,12,52,48,12,61,39
IMPORTANCE_MATCHED_BUDGET,70,RANDOM_COPY,0.0,f3a49e1cdaf8f516d725f287051292e509bb25a3617cf655501e63bc740f3abe,RANDOM_COPY:0.0:70:54,7119f314d3837dac54bf984118de657f6f1e6dfd2a2b2a20510454f762dddf11,112,112,IMPORTANCE_MATCHED_BUDGET_V1_SHA256_ASCENDING,7ba1f73f2542012321fa188b7e06260accd3818cc25c189c4da106415f2387f4,1.0,1.0,1.0,1.0,112,112,112,0,0,2912,1456,4368,4550.0,0.3482142857142857,0.5446428571428571,0.10714285714285714,12,52,48,12,61,39
IMPORTANCE_MATCHED_BUDGET,71,RANDOM_COPY,0.0,daa94560d3ed19707d0917a93fc3484be768efdacea2e37f31a5e0aceb6bc9f0,RANDOM_COPY:0.0:71:54,7119f314d3837dac54bf984118de657f6f1e6dfd2a2b2a20510454f762dddf11,112,112,IMPORTANCE_MATCHED_BUDGET_V1_SHA256_ASCENDING,7ba1f73f2542012321fa188b7e06260accd3818cc25c189c4da106415f2387f4,1.0,1.0,1.0,1.0,112,112,112,0,0,2912,1456,4368,4550.0,0.3482142857142857,0.5446428571428571,0.10714285714285714,12,52,48,12,61,39
IMPORTANCE_MATCHED_BUDGET,72,RANDOM_COPY,0.0,c87611b61bcbcfd491dcab5f7df40a394762999a2d2d205b627eda6932c9f5e6,RANDOM_COPY:0.0:72:54,7119f314d3837dac54bf984118de657f6f1e6dfd2a2b2a20510454f762dddf11,112,112,IMPORTANCE_MATCHED_BUDGET_V1_SHA256_ASCENDING,7ba1f73f2542012321fa188b7e06260accd3818cc25c189c4da106415f2387f4,1.0,1.0,1.0,1.0,112,112,112,0,0,2912,1456,4368,4550.0,0.3482142857142857,0.5446428571428571,0.10714285714285714,12,52,48,12,61,39
IMPORTANCE_MATCHED_BUDGET,73,RANDOM_COPY,0.0,d2b13b4a87bbdab2e9933b6d7dac2d640a845846c4a1cc169aa3b68c997d62ef,RANDOM_COPY:0.0:73:54,7119f314d3837dac54bf984118de657f6f1e6dfd2a2b2a20510454f762dddf11,112,112,IMPORTANCE_MATCHED_BUDGET_V1_SHA256_ASCENDING,7ba1f73f2542012321fa188b7e06260accd3818cc25c189c4da106415f2387f4,1.0,1.0,1.0,1.0,112,112,112,0,0,2912,1456,4368,4550.0,0.3482142857142857,0.5446428571428571,0.10714285714285714,12,52,48,12,61,39
IMPORTANCE_MATCHED_BUDGET,74,RANDOM_COPY,0.0,765a1156611b17d598704e615ad0eec00715e9944b72db5a33e0062e47f14494,RANDOM_COPY:0.0:74:54,7119f314d3837dac54bf984118de657f6f1e6dfd2a2b2a20510454f762dddf11,112,112,IMPORTANCE_MATCHED_BUDGET_V1_SHA256_ASCENDING,7ba1f73f2542012321fa188b7e06260accd3818cc25c189c4da106415f2387f4,1.0,1.0,1.0,1.0,112,112,112,0,0,2912,1456,4368,4550.0,0.3482142857142857,0.5446428571428571,0.10714285714285714,12,52,48,12,61,39
IMPORTANCE_MATCHED_BUDGET,75,RANDOM_COPY,0.0,025e305327943c3c3cd5ae73353c988456796ffee9a1f7f55bc60f3a777006a8,RANDOM_COPY:0.0:75:54,7119f314d3837dac54bf984118de657f6f1e6dfd2a2b2a20510454f762dddf11,112,112,IMPORTANCE_MATCHED_BUDGET_V1_SHA256_ASCENDING,7ba1f73f2542012321fa188b7e06260accd3818cc25c189c4da106415f2387f4,1.0,1.0,1.0,1.0,112,112,112,0,0,2912,1456,4368,4550.0,0.3482142857142857,0.5446428571428571,0.10714285714285714,12,52,48,12,61,39
IMPORTANCE_MATCHED_BUDGET,76,RANDOM_COPY,0.0,10a0d3b832ef3f12bb9bab286bdf5f06b73929cee9b6a1eb0b57c6dc333b4dbc,RANDOM_COPY:0.0:76:54,7119f314d3837dac54bf984118de657f6f1e6dfd2a2b2a20510454f762dddf11,112,112,IMPORTANCE_MATCHED_BUDGET_V1_SHA256_ASCENDING,7ba1f73f2542012321fa188b7e06260accd3818cc25c189c4da106415f2387f4,1.0,1.0,1.0,1.0,112,112,112,0,0,2912,1456,4368,4550.0,0.3482142857142857,0.5446428571428571,0.10714285714285714,12,52,48,12,61,39
IMPORTANCE_MATCHED_BUDGET,77,RANDOM_COPY,0.0,389abbe3135b398a079c793eb32ce6b0c704d4195986fd54b2e2a9d176107f0c,RANDOM_COPY:0.0:77:54,7119f314d3837dac54bf984118de657f6f1e6dfd2a2b2a20510454f762dddf11,112,112,IMPORTANCE_MATCHED_BUDGET_V1_SHA256_ASCENDING,7ba1f73f2542012321fa188b7e06260accd3818cc25c189c4da106415f2387f4,1.0,1.0,1.0,1.0,112,112,112,0,0,2912,1456,4368,4550.0,0.3482142857142857,0.5446428571428571,0.10714285714285714,12,52,48,12,61,39
IMPORTANCE_MATCHED_BUDGET,78,RANDOM_COPY,0.0,9bbe1983f865ab60e06edf77f51a61a6046126c35efd435183d8de74d541b455,RANDOM_COPY:0.0:78:54,7119f314d3837dac54bf984118de657f6f1e6dfd2a2b2a20510454f762dddf11,112,112,IMPORTANCE_MATCHED_BUDGET_V1_SHA256_ASCENDING,7ba1f73f2542012321fa188b7e06260accd3818cc25c189c4da106415f2387f4,1.0,1.0,1.0,1.0,112,112,112,0,0,2912,1456,4368,4550.0,0.3482142857142857,0.5446428571428571,0.10714285714285714,12,52,48,12,61,39
IMPORTANCE_MATCHED_BUDGET,79,RANDOM_COPY,0.0,9530cd73487a1b6b88f7e054177f22af409edd63efa2334d5fb5a616bf327e78,RANDOM_COPY:0.0:79:54,7119f314d3837dac54bf984118de657f6f1e6dfd2a2b2a20510454f762dddf11,112,112,IMPORTANCE_MATCHED_BUDGET_V1_SHA256_ASCENDING,7ba1f73f2542012321fa188b7e06260accd3818cc25c189c4da106415f2387f4,1.0,1.0,1.0,1.0,112,112,112,0,0,2912,1456,4368,4550.0,0.3482142857142857,0.5446428571428571,0.10714285714285714,12,52,48,12,61,39
IMPORTANCE_MATCHED_BUDGET,80,RANDOM_COPY,0.0,174b9e3972cc278e894c9e10db276b31c0b5cd5fdfe74d58188ed8d1556f092f,RANDOM_COPY:0.0:80:54,7119f314d3837dac54bf984118de657f6f1e6dfd2a2b2a20510454f762dddf11,112,112,IMPORTANCE_MATCHED_BUDGET_V1_SHA256_ASCENDING,7ba1f73f2542012321fa188b7e06260accd3818cc25c189c4da106415f2387f4,1.0,1.0,1.0,1.0,112,112,112,0,0,2912,1456,4368,4550.0,0.3482142857142857,0.5446428571428571,0.10714285714285714,12,52,48,12,61,39
IMPORTANCE_MATCHED_BUDGET,81,RANDOM_COPY,0.0,1d69f431c4871ac159848f7e121a8d80bff37f533fb3c20eb48f024b12d5aeb0,RANDOM_COPY:0.0:81:54,7119f314d3837dac54bf984118de657f6f1e6dfd2a2b2a20510454f762dddf11,112,112,IMPORTANCE_MATCHED_BUDGET_V1_SHA256_ASCENDING,7ba1f73f2542012321fa188b7e06260accd3818cc25c189c4da106415f2387f4,1.0,1.0,1.0,1.0,112,112,112,0,0,2912,1456,4368,4550.0,0.3482142857142857,0.5446428571428571,0.10714285714285714,12,52,48,12,61,39
IMPORTANCE_MATCHED_BUDGET,82,RANDOM_COPY,0.0,57e62d849bedc78fc99bc69665966860245864cc1e3e4e45269848535c069791,RANDOM_COPY:0.0:82:54,7119f314d3837dac54bf984118de657f6f1e6dfd2a2b2a20510454f762dddf11,112,112,IMPORTANCE_MATCHED_BUDGET_V1_SHA256_ASCENDING,7ba1f73f2542012321fa188b7e06260accd3818cc25c189c4da106415f2387f4,1.0,1.0,1.0,1.0,112,112,112,0,0,2912,1456,4368,4550.0,0.3482142857142857,0.5446428571428571,0.10714285714285714,12,52,48,12,61,39
IMPORTANCE_MATCHED_BUDGET,83,RANDOM_COPY,0.0,a515ad0185903e385ac6996bc77536ad2f96ad7fbe80191c26506648ec8615dd,RANDOM_COPY:0.0:83:54,7119f314d3837dac54bf984118de657f6f1e6dfd2a2b2a20510454f762dddf11,112,112,IMPORTANCE_MATCHED_BUDGET_V1_SHA256_ASCENDING,7ba1f73f2542012321fa188b7e06260accd3818cc25c189c4da106415f2387f4,1.0,1.0,1.0,1.0,112,112,112,0,0,2912,1456,4368,4550.0,0.3482142857142857,0.5446428571428571,0.10714285714285714,12,52,48,12,61,39
IMPORTANCE_MATCHED_BUDGET,84,RANDOM_COPY,0.0,21d6f93ac0d82eea05f72cb67f2f3809694156a444db11cc8b37f37e0162d866,RANDOM_COPY:0.0:84:54,7119f314d3837dac54bf984118de657f6f1e6dfd2a2b2a20510454f762dddf11,112,112,IMPORTANCE_MATCHED_BUDGET_V1_SHA256_ASCENDING,7ba1f73f2542012321fa188b7e06260accd3818cc25c189c4da106415f2387f4,1.0,1.0,1.0,1.0,112,112,112,0,0,2912,1456,4368,4550.0,0.3482142857142857,0.5446428571428571,0.10714285714285714,12,52,48,12,61,39
IMPORTANCE_MATCHED_BUDGET,85,RANDOM_COPY,0.0,080bbb6a467c23b8925b449022be667c07b04c11f08e828f6a725b3da96ef476,RANDOM_COPY:0.0:85:54,7119f314d3837dac54bf984118de657f6f1e6dfd2a2b2a20510454f762dddf11,112,112,IMPORTANCE_MATCHED_BUDGET_V1_SHA256_ASCENDING,7ba1f73f2542012321fa188b7e06260accd3818cc25c189c4da106415f2387f4,1.0,1.0,1.0,1.0,112,112,112,0,0,2912,1456,4368,4550.0,0.3482142857142857,0.5446428571428571,0.10714285714285714,12,52,48,12,61,39
IMPORTANCE_MATCHED_BUDGET,86,RANDOM_COPY,0.0,0b1c0d932387dbcd886809eb38a6ca0640e6059fa3c6273caff041e1ad7d1f45,RANDOM_COPY:0.0:86:54,7119f314d3837dac54bf984118de657f6f1e6dfd2a2b2a20510454f762dddf11,112,112,IMPORTANCE_MATCHED_BUDGET_V1_SHA256_ASCENDING,7ba1f73f2542012321fa188b7e06260accd3818cc25c189c4da106415f2387f4,1.0,1.0,1.0,1.0,112,112,112,0,0,2912,1456,4368,4550.0,0.3482142857142857,0.5446428571428571,0.10714285714285714,12,52,48,12,61,39
IMPORTANCE_MATCHED_BUDGET,87,RANDOM_COPY,0.0,d678298049b591612299f4bac2a5bdd1a82e9002ffa46e095edbde66273c27cf,RANDOM_COPY:0.0:87:54,7119f314d3837dac54bf984118de657f6f1e6dfd2a2b2a20510454f762dddf11,112,112,IMPORTANCE_MATCHED_BUDGET_V1_SHA256_ASCENDING,7ba1f73f2542012321fa188b7e06260accd3818cc25c189c4da106415f2387f4,1.0,1.0,1.0,1.0,112,112,112,0,0,2912,1456,4368,4550.0,0.3482142857142857,0.5446428571428571,0.10714285714285714,12,52,48,12,61,39
IMPORTANCE_MATCHED_BUDGET,88,RANDOM_COPY,0.0,955a0c19bd45db84ad62cd96df6c06c48355268daa9f2381f805a732ee51947c,RANDOM_COPY:0.0:88:54,7119f314d3837dac54bf984118de657f6f1e6dfd2a2b2a20510454f762dddf11,112,112,IMPORTANCE_MATCHED_BUDGET_V1_SHA256_ASCENDING,7ba1f73f2542012321fa188b7e06260accd3818cc25c189c4da106415f2387f4,1.0,1.0,1.0,1.0,112,112,112,0,0,2912,1456,4368,4550.0,0.3482142857142857,0.5446428571428571,0.10714285714285714,12,52,48,12,61,39
IMPORTANCE_MATCHED_BUDGET,89,RANDOM_COPY,0.0,3d44c132f556d34c2bcb5fa4eb40e02758a17b2033155615540c43da524cc108,RANDOM_COPY:0.0:89:54,7119f314d3837dac54bf984118de657f6f1e6dfd2a2b2a20510454f762dddf11,112,112,IMPORTANCE_MATCHED_BUDGET_V1_SHA256_ASCENDING,7ba1f73f2542012321fa188b7e06260accd3818cc25c189c4da106415f2387f4,1.0,1.0,1.0,1.0,112,112,112,0,0,2912,1456,4368,4550.0,0.3482142857142857,0.5446428571428571,0.10714285714285714,12,52,48,12,61,39
IMPORTANCE_MATCHED_BUDGET,90,RANDOM_COPY,0.0,dcd8e0b1ad679efe832bb46cd4b9216514b8127e9f6f81e893abed963d7cfffd,RANDOM_COPY:0.0:90:54,7119f314d3837dac54bf984118de657f6f1e6dfd2a2b2a20510454f762dddf11,112,112,IMPORTANCE_MATCHED_BUDGET_V1_SHA256_ASCENDING,7ba1f73f2542012321fa188b7e06260accd3818cc25c189c4da106415f2387f4,1.0,1.0,1.0,1.0,112,112,112,0,0,2912,1456,4368,4550.0,0.3482142857142857,0.5446428571428571,0.10714285714285714,12,52,48,12,61,39
IMPORTANCE_MATCHED_BUDGET,91,RANDOM_COPY,0.0,c0c55f5195c401754b8e72e9ae7c90e3fdbbfb01dfacf08894bfdd5312e3d2f2,RANDOM_COPY:0.0:91:54,7119f314d3837dac54bf984118de657f6f1e6dfd2a2b2a20510454f762dddf11,112,112,IMPORTANCE_MATCHED_BUDGET_V1_SHA256_ASCENDING,7ba1f73f2542012321fa188b7e06260accd3818cc25c189c4da106415f2387f4,1.0,1.0,1.0,1.0,112,112,112,0,0,2912,1456,4368,4550.0,0.3482142857142857,0.5446428571428571,0.10714285714285714,12,52,48,12,61,39
IMPORTANCE_MATCHED_BUDGET,92,RANDOM_COPY,0.0,363051f96af7049ff65b2ff329f49abc9147a2f82e2dddf6750f941d328766e6,RANDOM_COPY:0.0:92:54,7119f314d3837dac54bf984118de657f6f1e6dfd2a2b2a20510454f762dddf11,112,112,IMPORTANCE_MATCHED_BUDGET_V1_SHA256_ASCENDING,7ba1f73f2542012321fa188b7e06260accd3818cc25c189c4da106415f2387f4,1.0,1.0,1.0,1.0,112,112,112,0,0,2912,1456,4368,4550.0,0.3482142857142857,0.5446428571428571,0.10714285714285714,12,52,48,12,61,39
IMPORTANCE_MATCHED_BUDGET,93,RANDOM_COPY,0.0,04d787a1614f3be0da6fc8ec281b469daecad23bc8276d539a1d74dcfe8415d7,RANDOM_COPY:0.0:93:54,7119f314d3837dac54bf984118de657f6f1e6dfd2a2b2a20510454f762dddf11,112,112,IMPORTANCE_MATCHED_BUDGET_V1_SHA256_ASCENDING,7ba1f73f2542012321fa188b7e06260accd3818cc25c189c4da106415f2387f4,1.0,1.0,1.0,1.0,112,112,112,0,0,2912,1456,4368,4550.0,0.3482142857142857,0.5446428571428571,0.10714285714285714,12,52,48,12,61,39
IMPORTANCE_MATCHED_BUDGET,94,RANDOM_COPY,0.0,f7fd0e6aa0f63bea3095f9bce79fbf6174cefc14981d3d9b45887fe74ab3d99b,RANDOM_COPY:0.0:94:54,7119f314d3837dac54bf984118de657f6f1e6dfd2a2b2a20510454f762dddf11,112,112,IMPORTANCE_MATCHED_BUDGET_V1_SHA256_ASCENDING,7ba1f73f2542012321fa188b7e06260accd3818cc25c189c4da106415f2387f4,1.0,1.0,1.0,1.0,112,112,112,0,0,2912,1456,4368,4550.0,0.3482142857142857,0.5446428571428571,0.10714285714285714,12,52,48,12,61,39
IMPORTANCE_MATCHED_BUDGET,95,RANDOM_COPY,0.0,77394af5acd9c0d00c9eb8c0241b996eafff2893897f6cbba11a6853d679584c,RANDOM_COPY:0.0:95:54,7119f314d3837dac54bf984118de657f6f1e6dfd2a2b2a20510454f762dddf11,112,112,IMPORTANCE_MATCHED_BUDGET_V1_SHA256_ASCENDING,7ba1f73f2542012321fa188b7e06260accd3818cc25c189c4da106415f2387f4,1.0,1.0,1.0,1.0,112,112,112,0,0,2912,1456,4368,4550.0,0.3482142857142857,0.5446428571428571,0.10714285714285714,12,52,48,12,61,39
IMPORTANCE_MATCHED_BUDGET,96,RANDOM_COPY,0.0,2416e0bed50dbf4aed5006cff12c025592ce7143aec9d7408f1099e3c1ac7c4c,RANDOM_COPY:0.0:96:54,7119f314d3837dac54bf984118de657f6f1e6dfd2a2b2a20510454f762dddf11,112,112,IMPORTANCE_MATCHED_BUDGET_V1_SHA256_ASCENDING,7ba1f73f2542012321fa188b7e06260accd3818cc25c189c4da106415f2387f4,1.0,1.0,1.0,1.0,112,112,112,0,0,2912,1456,4368,4550.0,0.3482142857142857,0.5446428571428571,0.10714285714285714,12,52,48,12,61,39
IMPORTANCE_MATCHED_BUDGET,97,RANDOM_COPY,0.0,04e878d69821f0c96880b1bd1ad24aee3313ecb7db7692a59ed425a7ec6d5a2e,RANDOM_COPY:0.0:97:54,7119f314d3837dac54bf984118de657f6f1e6dfd2a2b2a20510454f762dddf11,112,112,IMPORTANCE_MATCHED_BUDGET_V1_SHA256_ASCENDING,7ba1f73f2542012321fa188b7e06260accd3818cc25c189c4da106415f2387f4,1.0,1.0,1.0,1.0,112,112,112,0,0,2912,1456,4368,4550.0,0.3482142857142857,0.5446428571428571,0.10714285714285714,12,52,48,12,61,39
IMPORTANCE_MATCHED_BUDGET,98,RANDOM_COPY,0.0,2af730ca2b5cc0b582c25a17d539e44c7bd507c01dec394c27e345473798ada2,RANDOM_COPY:0.0:98:54,7119f314d3837dac54bf984118de657f6f1e6dfd2a2b2a20510454f762dddf11,112,112,IMPORTANCE_MATCHED_BUDGET_V1_SHA256_ASCENDING,7ba1f73f2542012321fa188b7e06260accd3818cc25c189c4da106415f2387f4,1.0,1.0,1.0,1.0,112,112,112,0,0,2912,1456,4368,4550.0,0.3482142857142857,0.5446428571428571,0.10714285714285714,12,52,48,12,61,39
IMPORTANCE_MATCHED_BUDGET,99,RANDOM_COPY,0.0,574807d0bdf848ca5c8ab7bceca1f41babb1d589edd114a6fa11eec5d1138619,RANDOM_COPY:0.0:99:54,7119f314d3837dac54bf984118de657f6f1e6dfd2a2b2a20510454f762dddf11,112,112,IMPORTANCE_MATCHED_BUDGET_V1_SHA256_ASCENDING,7ba1f73f2542012321fa188b7e06260accd3818cc25c189c4da106415f2387f4,1.0,1.0,1.0,1.0,112,112,112,0,0,2912,1456,4368,4550.0,0.3482142857142857,0.5446428571428571,0.10714285714285714,12,52,48,12,61,39
IMPORTANCE_MATCHED_BUDGET,100,RANDOM_COPY,0.0,2eac6314f94f5d0c84d65e6f2853e50b6046eee145b0e48ed484df1ffdb0c611,RANDOM_COPY:0.0:100:54,7119f314d3837dac54bf984118de657f6f1e6dfd2a2b2a20510454f762dddf11,112,112,IMPORTANCE_MATCHED_BUDGET_V1_SHA256_ASCENDING,7ba1f73f2542012321fa188b7e06260accd3818cc25c189c4da106415f2387f4,1.0,1.0,1.0,1.0,112,112,112,0,0,2912,1456,4368,4550.0,0.3482142857142857,0.5446428571428571,0.10714285714285714,12,52,48,12,61,39
IMPORTANCE_MATCHED_BUDGET,101,RANDOM_COPY,0.0,19bb4e77673595b7177ee57ca45bf263faff014c183babe0c8a178141546073d,RANDOM_COPY:0.0:101:54,7119f314d3837dac54bf984118de657f6f1e6dfd2a2b2a20510454f762dddf11,112,112,IMPORTANCE_MATCHED_BUDGET_V1_SHA256_ASCENDING,7ba1f73f2542012321fa188b7e06260accd3818cc25c189c4da106415f2387f4,1.0,1.0,1.0,1.0,112,112,112,0,0,2912,1456,4368,4550.0,0.3482142857142857,0.5446428571428571,0.10714285714285714,12,52,48,12,61,39
IMPORTANCE_MATCHED_BUDGET,102,RANDOM_COPY,0.0,1f9fc7c38e0430ad559b5e7a416a7905cc043b6a17c92d7e615ef10a0af4611b,RANDOM_COPY:0.0:102:54,7119f314d3837dac54bf984118de657f6f1e6dfd2a2b2a20510454f762dddf11,112,112,IMPORTANCE_MATCHED_BUDGET_V1_SHA256_ASCENDING,7ba1f73f2542012321fa188b7e06260accd3818cc25c189c4da106415f2387f4,1.0,1.0,1.0,1.0,112,112,112,0,0,2912,1456,4368,4550.0,0.3482142857142857,0.5446428571428571,0.10714285714285714,12,52,48,12,61,39
IMPORTANCE_MATCHED_BUDGET,103,RANDOM_COPY,0.0,14b66f2b14edb57ea7ae60bda14bc957b1db1ee1da999be761eae18fd2e514ce,RANDOM_COPY:0.0:103:54,7119f314d3837dac54bf984118de657f6f1e6dfd2a2b2a20510454f762dddf11,112,112,IMPORTANCE_MATCHED_BUDGET_V1_SHA256_ASCENDING,7ba1f73f2542012321fa188b7e06260accd3818cc25c189c4da106415f2387f4,1.0,1.0,1.0,1.0,112,112,112,0,0,2912,1456,4368,4550.0,0.3482142857142857,0.5446428571428571,0.10714285714285714,12,52,48,12,61,39
IMPORTANCE_MATCHED_BUDGET,104,RANDOM_COPY,0.0,a30a24ccc7aec26fa64384ea6adbd60d05db39f01a44254ea05582ddd4928854,RANDOM_COPY:0.0:104:54,7119f314d3837dac54bf984118de657f6f1e6dfd2a2b2a20510454f762dddf11,112,112,IMPORTANCE_MATCHED_BUDGET_V1_SHA256_ASCENDING,7ba1f73f2542012321fa188b7e06260accd3818cc25c189c4da106415f2387f4,1.0,1.0,1.0,1.0,112,112,112,0,0,2912,1456,4368,4550.0,0.3482142857142857,0.5446428571428571,0.10714285714285714,12,52,48,12,61,39
IMPORTANCE_MATCHED_BUDGET,105,RANDOM_COPY,0.0,bb5efa1732957ab807c041cbe4f0b558279a08bc12a17ddc65d4699e081c651c,RANDOM_COPY:0.0:105:54,7119f314d3837dac54bf984118de657f6f1e6dfd2a2b2a20510454f762dddf11,112,112,IMPORTANCE_MATCHED_BUDGET_V1_SHA256_ASCENDING,7ba1f73f2542012321fa188b7e06260accd3818cc25c189c4da106415f2387f4,1.0,1.0,1.0,1.0,112,112,112,0,0,2912,1456,4368,4550.0,0.3482142857142857,0.5446428571428571,0.10714285714285714,12,52,48,12,61,39
IMPORTANCE_MATCHED_BUDGET,106,RANDOM_COPY,0.0,34649d18b8f4ce0b5694742e0454c5de280b6ff21be4d37750b772135840b113,RANDOM_COPY:0.0:106:54,7119f314d3837dac54bf984118de657f6f1e6dfd2a2b2a20510454f762dddf11,112,112,IMPORTANCE_MATCHED_BUDGET_V1_SHA256_ASCENDING,7ba1f73f2542012321fa188b7e06260accd3818cc25c189c4da106415f2387f4,1.0,1.0,1.0,1.0,112,112,112,0,0,2912,1456,4368,4550.0,0.3482142857142857,0.5446428571428571,0.10714285714285714,12,52,48,12,61,39
IMPORTANCE_MATCHED_BUDGET,107,RANDOM_COPY,0.0,e38844439e5537572ad161421f6ffa33a90a9b4abef40603c83ab19ba9ae7287,RANDOM_COPY:0.0:107:54,7119f314d3837dac54bf984118de657f6f1e6dfd2a2b2a20510454f762dddf11,112,112,IMPORTANCE_MATCHED_BUDGET_V1_SHA256_ASCENDING,7ba1f73f2542012321fa188b7e06260accd3818cc25c189c4da106415f2387f4,1.0,1.0,1.0,1.0,112,112,112,0,0,2912,1456,4368,4550.0,0.3482142857142857,0.5446428571428571,0.10714285714285714,12,52,48,12,61,39
IMPORTANCE_MATCHED_BUDGET,108,RANDOM_COPY,0.0,971438e41b339083e173e0e1872005c5d73e1d3752d9eb3659835da65be6c647,RANDOM_COPY:0.0:108:54,7119f314d3837dac54bf984118de657f6f1e6dfd2a2b2a20510454f762dddf11,112,112,IMPORTANCE_MATCHED_BUDGET_V1_SHA256_ASCENDING,7ba1f73f2542012321fa188b7e06260accd3818cc25c189c4da106415f2387f4,1.0,1.0,1.0,1.0,112,112,112,0,0,2912,1456,4368,4550.0,0.3482142857142857,0.5446428571428571,0.10714285714285714,12,52,48,12,61,39
IMPORTANCE_MATCHED_BUDGET,109,RANDOM_COPY,0.0,eb1bcb649f69adce8aef8dd4966648593bb6197bae290d9c22824021e7c5a2e5,RANDOM_COPY:0.0:109:54,7119f314d3837dac54bf984118de657f6f1e6dfd2a2b2a20510454f762dddf11,112,112,IMPORTANCE_MATCHED_BUDGET_V1_SHA256_ASCENDING,7ba1f73f2542012321fa188b7e06260accd3818cc25c189c4da106415f2387f4,1.0,1.0,1.0,1.0,112,112,112,0,0,2912,1456,4368,4550.0,0.3482142857142857,0.5446428571428571,0.10714285714285714,12,52,48,12,61,39
IMPORTANCE_MATCHED_BUDGET,110,RANDOM_COPY,0.0,91abbdfc797279b817c85e6f0141ad9c7ef8eca8f5a3046f5fba4e3104bb3d9c,RANDOM_COPY:0.0:110:54,7119f314d3837dac54bf984118de657f6f1e6dfd2a2b2a20510454f762dddf11,112,112,IMPORTANCE_MATCHED_BUDGET_V1_SHA256_ASCENDING,7ba1f73f2542012321fa188b7e06260accd3818cc25c189c4da106415f2387f4,1.0,1.0,1.0,1.0,112,112,112,0,0,2912,1456,4368,4550.0,0.3482142857142857,0.5446428571428571,0.10714285714285714,12,52,48,12,61,39
IMPORTANCE_MATCHED_BUDGET,111,RANDOM_COPY,0.0,d661f28922b74477cd2aaa20f1cf9de9dd1e6d1ece391e9a9b0f811b4432c87d,RANDOM_COPY:0.0:111:54,7119f314d3837dac54bf984118de657f6f1e6dfd2a2b2a20510454f762dddf11,112,112,IMPORTANCE_MATCHED_BUDGET_V1_SHA256_ASCENDING,7ba1f73f2542012321fa188b7e06260accd3818cc25c189c4da106415f2387f4,1.0,1.0,1.0,1.0,112,112,112,0,0,2912,1456,4368,4550.0,0.3482142857142857,0.5446428571428571,0.10714285714285714,12,52,48,12,61,39
IMPORTANCE_MATCHED_BUDGET,112,RANDOM_COPY,0.0,a50011441f4b624cd18e8460cef6d9392af971f5e6e0cfaf4bdf838df5181302,RANDOM_COPY:0.0:112:54,7119f314d3837dac54bf984118de657f6f1e6dfd2a2b2a20510454f762dddf11,112,112,IMPORTANCE_MATCHED_BUDGET_V1_SHA256_ASCENDING,7ba1f73f2542012321fa188b7e06260accd3818cc25c189c4da106415f2387f4,1.0,1.0,1.0,1.0,112,112,112,0,0,2912,1456,4368,4550.0,0.3482142857142857,0.5446428571428571,0.10714285714285714,12,52,48,12,61,39
IMPORTANCE_MATCHED_BUDGET,113,RANDOM_COPY,0.0,8d9a4abb49b0e310e50fe5f50cce879dbcd1173b84576085e3c84c93333b706f,RANDOM_COPY:0.0:113:54,7119f314d3837dac54bf984118de657f6f1e6dfd2a2b2a20510454f762dddf11,112,112,IMPORTANCE_MATCHED_BUDGET_V1_SHA256_ASCENDING,7ba1f73f2542012321fa188b7e06260accd3818cc25c189c4da106415f2387f4,1.0,1.0,1.0,1.0,112,112,112,0,0,2912,1456,4368,4550.0,0.3482142857142857,0.5446428571428571,0.10714285714285714,12,52,48,12,61,39
IMPORTANCE_MATCHED_BUDGET,114,RANDOM_COPY,0.0,f29e14e965964064ef306f3c5038a5f4a73a38051f15808f8f1327a5c1b981c8,RANDOM_COPY:0.0:114:54,7119f314d3837dac54bf984118de657f6f1e6dfd2a2b2a20510454f762dddf11,112,112,IMPORTANCE_MATCHED_BUDGET_V1_SHA256_ASCENDING,7ba1f73f2542012321fa188b7e06260accd3818cc25c189c4da106415f2387f4,1.0,1.0,1.0,1.0,112,112,112,0,0,2912,1456,4368,4550.0,0.3482142857142857,0.5446428571428571,0.10714285714285714,12,52,48,12,61,39
IMPORTANCE_MATCHED_BUDGET,115,RANDOM_COPY,0.0,d55619e45325ca3b418127600e4a7fec1c0dda4127afb22834aaa75b8adaf6c6,RANDOM_COPY:0.0:115:54,7119f314d3837dac54bf984118de657f6f1e6dfd2a2b2a20510454f762dddf11,112,112,IMPORTANCE_MATCHED_BUDGET_V1_SHA256_ASCENDING,7ba1f73f2542012321fa188b7e06260accd3818cc25c189c4da106415f2387f4,1.0,1.0,1.0,1.0,112,112,112,0,0,2912,1456,4368,4550.0,0.3482142857142857,0.5446428571428571,0.10714285714285714,12,52,48,12,61,39
IMPORTANCE_MATCHED_BUDGET,116,RANDOM_COPY,0.0,cba85ab730b3e3fc277eab306bccb783d2551fc7eb56349d724104a11e4bb162,RANDOM_COPY:0.0:116:54,7119f314d3837dac54bf984118de657f6f1e6dfd2a2b2a20510454f762dddf11,112,112,IMPORTANCE_MATCHED_BUDGET_V1_SHA256_ASCENDING,7ba1f73f2542012321fa188b7e06260accd3818cc25c189c4da106415f2387f4,1.0,1.0,1.0,1.0,112,112,112,0,0,2912,1456,4368,4550.0,0.3482142857142857,0.5446428571428571,0.10714285714285714,12,52,48,12,61,39
IMPORTANCE_MATCHED_BUDGET,117,RANDOM_COPY,0.0,1c09a90254b8f746102434574193b5853713b10779ae59c4dc9fccc59fda5631,RANDOM_COPY:0.0:117:54,7119f314d3837dac54bf984118de657f6f1e6dfd2a2b2a20510454f762dddf11,112,112,IMPORTANCE_MATCHED_BUDGET_V1_SHA256_ASCENDING,7ba1f73f2542012321fa188b7e06260accd3818cc25c189c4da106415f2387f4,1.0,1.0,1.0,1.0,112,112,112,0,0,2912,1456,4368,4550.0,0.3482142857142857,0.5446428571428571,0.10714285714285714,12,52,48,12,61,39
IMPORTANCE_MATCHED_BUDGET,118,RANDOM_COPY,0.0,1b1315749101f110f22c8607a0ba7d624bf4a5a2e47ab9f90b925c589b0a7b42,RANDOM_COPY:0.0:118:54,7119f314d3837dac54bf984118de657f6f1e6dfd2a2b2a20510454f762dddf11,112,112,IMPORTANCE_MATCHED_BUDGET_V1_SHA256_ASCENDING,7ba1f73f2542012321fa188b7e06260accd3818cc25c189c4da106415f2387f4,1.0,1.0,1.0,1.0,112,112,112,0,0,2912,1456,4368,4550.0,0.3482142857142857,0.5446428571428571,0.10714285714285714,12,52,48,12,61,39
IMPORTANCE_MATCHED_BUDGET,119,RANDOM_COPY,0.0,bb0e660903d37d4a1d693ca6233b19aa9ddabd73aeebd1824d90176ee9461985,RANDOM_COPY:0.0:119:54,7119f314d3837dac54bf984118de657f6f1e6dfd2a2b2a20510454f762dddf11,112,112,IMPORTANCE_MATCHED_BUDGET_V1_SHA256_ASCENDING,7ba1f73f2542012321fa188b7e06260accd3818cc25c189c4da106415f2387f4,1.0,1.0,1.0,1.0,112,112,112,0,0,2912,1456,4368,4550.0,0.3482142857142857,0.5446428571428571,0.10714285714285714,12,52,48,12,61,39
IMPORTANCE_MATCHED_BUDGET,120,RANDOM_COPY,0.0,3b95b32ddfbe7d850a599109a02dfb1b69f33aacde61cc29729ec290aebb2fdf,RANDOM_COPY:0.0:120:54,7119f314d3837dac54bf984118de657f6f1e6dfd2a2b2a20510454f762dddf11,112,112,IMPORTANCE_MATCHED_BUDGET_V1_SHA256_ASCENDING,7ba1f73f2542012321fa188b7e06260accd3818cc25c189c4da106415f2387f4,1.0,1.0,1.0,1.0,112,112,112,0,0,2912,1456,4368,4550.0,0.3482142857142857,0.5446428571428571,0.10714285714285714,12,52,48,12,61,39
IMPORTANCE_MATCHED_BUDGET,121,RANDOM_COPY,0.0,aba1df268a7c7cf48399c03e9852dd81eaa562442005375cee95c6729c48dd52,RANDOM_COPY:0.0:121:54,7119f314d3837dac54bf984118de657f6f1e6dfd2a2b2a20510454f762dddf11,112,112,IMPORTANCE_MATCHED_BUDGET_V1_SHA256_ASCENDING,7ba1f73f2542012321fa188b7e06260accd3818cc25c189c4da106415f2387f4,1.0,1.0,1.0,1.0,112,112,112,0,0,2912,1456,4368,4550.0,0.3482142857142857,0.5446428571428571,0.10714285714285714,12,52,48,12,61,39
IMPORTANCE_MATCHED_BUDGET,122,RANDOM_COPY,0.0,0a8f52e0c805a30877639eca524e54fdd24ae531739ce977b29665a658fd6ffe,RANDOM_COPY:0.0:122:54,7119f314d3837dac54bf984118de657f6f1e6dfd2a2b2a20510454f762dddf11,112,112,IMPORTANCE_MATCHED_BUDGET_V1_SHA256_ASCENDING,7ba1f73f2542012321fa188b7e06260accd3818cc25c189c4da106415f2387f4,1.0,1.0,1.0,1.0,112,112,112,0,0,2912,1456,4368,4550.0,0.3482142857142857,0.5446428571428571,0.10714285714285714,12,52,48,12,61,39
IMPORTANCE_MATCHED_BUDGET,123,RANDOM_COPY,0.0,589d020230962085cc0f48fe27022adc1ec4c2006eaaa718bf8d51da24462631,RANDOM_COPY:0.0:123:54,7119f314d3837dac54bf984118de657f6f1e6dfd2a2b2a20510454f762dddf11,112,112,IMPORTANCE_MATCHED_BUDGET_V1_SHA256_ASCENDING,7ba1f73f2542012321fa188b7e06260accd3818cc25c189c4da106415f2387f4,1.0,1.0,1.0,1.0,112,112,112,0,0,2912,1456,4368,4550.0,0.3482142857142857,0.5446428571428571,0.10714285714285714,12,52,48,12,61,39
IMPORTANCE_MATCHED_BUDGET,124,RANDOM_COPY,0.0,b62843363f93fed77b482cb6dcb53522a1044400c139247ea17e86915a1e01d4,RANDOM_COPY:0.0:124:54,7119f314d3837dac54bf984118de657f6f1e6dfd2a2b2a20510454f762dddf11,112,112,IMPORTANCE_MATCHED_BUDGET_V1_SHA256_ASCENDING,7ba1f73f2542012321fa188b7e06260accd3818cc25c189c4da106415f2387f4,1.0,1.0,1.0,1.0,112,112,112,0,0,2912,1456,4368,4550.0,0.3482142857142857,0.5446428571428571,0.10714285714285714,12,52,48,12,61,39
IMPORTANCE_MATCHED_BUDGET,125,RANDOM_COPY,0.0,bcc6f7f6901f99e9a05603a1a40887b24fb897942a01f664afcb3459da7ca348,RANDOM_COPY:0.0:125:54,7119f314d3837dac54bf984118de657f6f1e6dfd2a2b2a20510454f762dddf11,112,112,IMPORTANCE_MATCHED_BUDGET_V1_SHA256_ASCENDING,7ba1f73f2542012321fa188b7e06260accd3818cc25c189c4da106415f2387f4,1.0,1.0,1.0,1.0,112,112,112,0,0,2912,1456,4368,4550.0,0.3482142857142857,0.5446428571428571,0.10714285714285714,12,52,48,12,61,39
IMPORTANCE_MATCHED_BUDGET,126,RANDOM_COPY,0.0,af2e55053f11bfb40fba4385fb92957e17d137009dcebbf92ec207f5d089e25a,RANDOM_COPY:0.0:126:54,7119f314d3837dac54bf984118de657f6f1e6dfd2a2b2a20510454f762dddf11,112,112,IMPORTANCE_MATCHED_BUDGET_V1_SHA256_ASCENDING,7ba1f73f2542012321fa188b7e06260accd3818cc25c189c4da106415f2387f4,1.0,1.0,1.0,1.0,112,112,112,0,0,2912,1456,4368,4550.0,0.3482142857142857,0.5446428571428571,0.10714285714285714,12,52,48,12,61,39
IMPORTANCE_MATCHED_BUDGET,127,RANDOM_COPY,0.0,65c83068ae3ae0aa13476c25fd6b1ba2658993c1b0cfffe6a16d395a3a618dda,RANDOM_COPY:0.0:127:54,7119f314d3837dac54bf984118de657f6f1e6dfd2a2b2a20510454f762dddf11,112,112,IMPORTANCE_MATCHED_BUDGET_V1_SHA256_ASCENDING,7ba1f73f2542012321fa188b7e06260accd3818cc25c189c4da106415f2387f4,1.0,1.0,1.0,1.0,112,112,112,0,0,2912,1456,4368,4550.0,0.3482142857142857,0.5446428571428571,0.10714285714285714,12,52,48,12,61,39
IMPORTANCE_MATCHED_BUDGET,128,RANDOM_COPY,0.0,fbc95a580f3711e0198d472dd2a4b2e773ed5d69fff47d47725f440b5fadb6e8,RANDOM_COPY:0.0:128:54,7119f314d3837dac54bf984118de657f6f1e6dfd2a2b2a20510454f762dddf11,112,112,IMPORTANCE_MATCHED_BUDGET_V1_SHA256_ASCENDING,7ba1f73f2542012321fa188b7e06260accd3818cc25c189c4da106415f2387f4,1.0,1.0,1.0,1.0,112,112,112,0,0,2912,1456,4368,4550.0,0.3482142857142857,0.5446428571428571,0.10714285714285714,12,52,48,12,61,39
IMPORTANCE_MATCHED_BUDGET,129,RANDOM_COPY,0.0,27991da4783c6b9f9f9222e80d1c337bdd75cf47eb641d71b0b17468fd64f7be,RANDOM_COPY:0.0:129:54,7119f314d3837dac54bf984118de657f6f1e6dfd2a2b2a20510454f762dddf11,112,112,IMPORTANCE_MATCHED_BUDGET_V1_SHA256_ASCENDING,7ba1f73f2542012321fa188b7e06260accd3818cc25c189c4da106415f2387f4,1.0,1.0,1.0,1.0,112,112,112,0,0,2912,1456,4368,4550.0,0.3482142857142857,0.5446428571428571,0.10714285714285714,12,52,48,12,61,39
IMPORTANCE_MATCHED_BUDGET,130,RANDOM_COPY,0.0,9bd39ae110f78a334bc3e8a559950809ece52d4b4fec28fe8a1d24ffd9421ac5,RANDOM_COPY:0.0:130:54,7119f314d3837dac54bf984118de657f6f1e6dfd2a2b2a20510454f762dddf11,112,112,IMPORTANCE_MATCHED_BUDGET_V1_SHA256_ASCENDING,7ba1f73f2542012321fa188b7e06260accd3818cc25c189c4da106415f2387f4,1.0,1.0,1.0,1.0,112,112,112,0,0,2912,1456,4368,4550.0,0.3482142857142857,0.5446428571428571,0.10714285714285714,12,52,48,12,61,39
IMPORTANCE_MATCHED_BUDGET,31,RANDOM_COPY,0.05,73d9ff14aa406239cc54fc6052f86d6589142d00af93eae773d64a41cfd38901,RANDOM_COPY:0.05:31:54,7b7ffc89cb90c3ed298777c06f8bc861079b8ca5213ae946b44f2392c5ab5802,116,116,IMPORTANCE_MATCHED_BUDGET_V1_SHA256_ASCENDING,3456dbd85f527679a171607bdd52aa8332752b49e04ee7ba018bb2dfbee8f775,1.0,1.0,1.0,1.0,116,110,103,6,7,3016,1430,4446,4631.25,0.33620689655172414,0.5603448275862069,0.10344827586206896,12,56,48,12,65,39
IMPORTANCE_MATCHED_BUDGET,32,RANDOM_COPY,0.05,6119e7089b0af0e9dd68c482fb71ece1f09122f81807a2ccc71010aa4cade86f,RANDOM_COPY:0.05:32:54,6ca48ab605452585566143b0d0af9eb2415ff1a94baaa50ccb7694e08cc5ff27,114,114,IMPORTANCE_MATCHED_BUDGET_V1_SHA256_ASCENDING,52c480f9ae0dd447be2fa4e937f7479aa2331ccc3da645e37f0ab5ada3e47a99,1.0,1.0,0.9814814814814815,0.9166666666666666,114,108,106,6,2,2964,1404,4368,4550.0,0.34210526315789475,0.5526315789473685,0.10526315789473684,12,54,48,12,63,39
IMPORTANCE_MATCHED_BUDGET,33,RANDOM_COPY,0.05,81de3b48689a54bac849bcf0dbe81e7c12b28d260f7a3f4dd8110beec101cfbb,RANDOM_COPY:0.05:33:54,2537b03c16df3f282eee8136e49de3f75f4cac5d1005778773422b25e7fdbfd2,125,125,IMPORTANCE_MATCHED_BUDGET_V1_SHA256_ASCENDING,cd2dc2e8435e43832117577c656e3bbe3cd6acf2401228b77671c9d52e638b1a,1.0,1.0,0.9629629629629629,0.8333333333333334,125,117,111,8,6,3250,1521,4771,4969.791666666667,0.312,0.592,0.096,12,65,48,12,74,39
IMPORTANCE_MATCHED_BUDGET,34,RANDOM_COPY,0.05,3311278d0a1da75c7db630963f14ab90c2d0761099a18366d1464945dddd9c3b,RANDOM_COPY:0.05:34:54,9a47d24ee60822c34c4a367b06004c874675d89621e44e61bb88f6abcc26ec09,115,115,IMPORTANCE_MATCHED_BUDGET_V1_SHA256_ASCENDING,d77f29464971f738a85686d3aa07b9b44b1e6f88f532d4642204301d591e784e,1.0,1.0,0.9814814814814815,0.9166666666666666,115,111,103,4,8,2990,1443,4433,4617.708333333334,0.3391304347826087,0.5565217391304348,0.10434782608695652,12,55,48,12,64,39
IMPORTANCE_MATCHED_BUDGET,35,RANDOM_COPY,0.05,f250c5873604ee96db60e34131c830b5e62e5eaacded034746890f6fa0985c21,RANDOM_COPY:0.05:35:54,3559e3e1e8396f27a387ddfbbe4d70c664f0fcb609fd81f43b7c4c8e679fd48b,120,120,IMPORTANCE_MATCHED_BUDGET_V1_SHA256_ASCENDING,0c5e651d69e234a2077776711e0d14de575fba274b1d888e25b633653ad1fee9,1.0,0.9655172413793104,0.9629629629629629,0.9166666666666666,120,106,100,14,6,3120,1378,4498,4685.416666666667,0.325,0.575,0.1,12,60,48,12,69,39
IMPORTANCE_MATCHED_BUDGET,36,RANDOM_COPY,0.05,60ce6e544b21f1e8134e2af61817152ff93a013a5a7898e2614c90c9a9cbb846,RANDOM_COPY:0.05:36:54,a31a0e4279fb9f0803c69d5de23d8315a6598da8afa1aeb94aae137c66ea1930,122,122,IMPORTANCE_MATCHED_BUDGET_V1_SHA256_ASCENDING,2474b6d1dc58fdd1e3f212bc26b88910c0ccc9ad4d46bbf424d6bbcbcba4ba06,1.0,1.0,1.0,1.0,122,117,112,5,5,3172,1521,4693,4888.541666666667,0.319672131147541,0.5819672131147541,0.09836065573770492,12,62,48,12,71,39
IMPORTANCE_MATCHED_BUDGET,37,RANDOM_COPY,0.05,f159dbf46962caa6bc856247e0f649a66f15e527ebc710b9b7417e03cd762244,RANDOM_COPY:0.05:37:54,8326c90bc87b8b6d4f418a9b01bd86f880645f311cdfad60da465fdda4004637,127,127,IMPORTANCE_MATCHED_BUDGET_V1_SHA256_ASCENDING,e66a1e2e264c05292f6d957152b6bf6140d7055d69b0ab3a5de0e30383f5057d,1.0,1.0,0.9814814814814815,0.9166666666666666,127,119,111,8,8,3302,1547,4849,5051.041666666666,0.30708661417322836,0.5984251968503937,0.09448818897637795,12,67,48,12,76,39
IMPORTANCE_MATCHED_BUDGET,38,RANDOM_COPY,0.05,c5e010f16d66360b7deeea8c3dbaa867bebf739e304ea32fa67954c3b2e97f64,RANDOM_COPY:0.05:38:54,eff6a01ece0a66c787f635c82d2863ecc1b79a15977fe460603ffb8fdf973de7,118,118,IMPORTANCE_MATCHED_BUDGET_V1_SHA256_ASCENDING,1dd7cb24f387b4ab0afac0dee73084de74f8e2665725d48168fab42ea5a48ac9,1.0,1.0,1.0,1.0,118,112,105,6,7,3068,1456,4524,4712.5,0.3305084745762712,0.5677966101694916,0.1016949152542373,12,58,48,12,67,39
IMPORTANCE_MATCHED_BUDGET,39,RANDOM_COPY,0.05,51c5feb51f91575a44a4d4424377fe2549ccecf5b0d856676f0db557bc64e833,RANDOM_COPY:0.05:39:54,6f4663e10f6e581d4340675b2c7b5ab8edb4ae2c4dc424e6c35feba2b38d376d,112,112,IMPORTANCE_MATCHED_BUDGET_V1_SHA256_ASCENDING,7ba1f73f2542012321fa188b7e06260accd3818cc25c189c4da106415f2387f4,1.0,1.0,0.9814814814814815,0.9166666666666666,112,108,106,4,2,2912,1404,4316,4495.833333333334,0.3482142857142857,0.5446428571428571,0.10714285714285714,12,52,48,12,61,39
IMPORTANCE_MATCHED_BUDGET,40,RANDOM_COPY,0.05,4f2d772a48f0466f3317f2a3d1c39bfdf29217e297af7af3ee474d69b90adef1,RANDOM_COPY:0.05:40:54,cefe1e433d841380327a70ae1747b209bc216a0dc812fd1233e1495ae4e05397,112,112,IMPORTANCE_MATCHED_BUDGET_V1_SHA256_ASCENDING,7ba1f73f2542012321fa188b7e06260accd3818cc25c189c4da106415f2387f4,1.0,0.9655172413793104,0.9629629629629629,0.9166666666666666,112,104,99,8,5,2912,1352,4264,4441.666666666666,0.3482142857142857,0.5446428571428571,0.10714285714285714,12,52,48,12,61,39
IMPORTANCE_MATCHED_BUDGET,41,RANDOM_COPY,0.05,e6cd8c02f3331b258d96deda8de88913d9f67d741fd44b281758bffd4b22d236,RANDOM_COPY:0.05:41:54,debac3de587c9d5b538b5d3649088ae49067513098287bd75afcc2de4dbcbd31,115,115,IMPORTANCE_MATCHED_BUDGET_V1_SHA256_ASCENDING,6e19b54e3248b43913a9c7dd18fbb92d16833d0396ff984cdb680f3fcd164ebb,1.0,1.0,0.9814814814814815,0.9166666666666666,115,107,103,8,4,2990,1391,4381,4563.541666666667,0.3391304347826087,0.5565217391304348,0.10434782608695652,12,55,48,12,64,39
IMPORTANCE_MATCHED_BUDGET,42,RANDOM_COPY,0.05,4529192cd06c270fe793380af4649b462f4ff40d4266120b6847c82e730bcd7b,RANDOM_COPY:0.05:42:54,ec25a0c9085c49036447028998745d4a9cc7c36c70d1df4f28b52f9819ec90bd,122,122,IMPORTANCE_MATCHED_BUDGET_V1_SHA256_ASCENDING,b580df7ece4042a8b4e7aa52362d95fa00f15e21695375ee6695508d7b36d879,1.0,1.0,0.9814814814814815,0.9166666666666666,122,116,106,6,10,3172,1508,4680,4875.0,0.319672131147541,0.5819672131147541,0.09836065573770492,12,62,48,12,71,39
IMPORTANCE_MATCHED_BUDGET,43,RANDOM_COPY,0.05,236449ba249350dd8c50595fb211c6a373de61cdcba704f44dfe7a369188ac72,RANDOM_COPY:0.05:43:54,e257a6cd50f5ee4de1d17da8d9b310adaf4eb7b367824164e2013e02295da014,112,112,IMPORTANCE_MATCHED_BUDGET_V1_SHA256_ASCENDING,7ba1f73f2542012321fa188b7e06260accd3818cc25c189c4da106415f2387f4,1.0,1.0,1.0,1.0,112,109,106,3,3,2912,1417,4329,4509.375,0.3482142857142857,0.5446428571428571,0.10714285714285714,12,52,48,12,61,39
IMPORTANCE_MATCHED_BUDGET,44,RANDOM_COPY,0.05,09f3d575b5be45679a9d14896c2fc1363339b7f05b141eefb3ecf3d94191f50c,RANDOM_COPY:0.05:44:54,274286fa3cb300ea397baa22e3a5abcae770403c561aae6ba8a9c4856669c20c,112,112,IMPORTANCE_MATCHED_BUDGET_V1_SHA256_ASCENDING,7ba1f73f2542012321fa188b7e06260accd3818cc25c189c4da106415f2387f4,1.0,1.0,1.0,1.0,112,107,104,5,3,2912,1391,4303,4482.291666666667,0.3482142857142857,0.5446428571428571,0.10714285714285714,12,52,48,12,61,39
IMPORTANCE_MATCHED_BUDGET,45,RANDOM_COPY,0.05,48cbaa8d58ab894ebc9fd1dcadd67f73d87ba8bcf5314779a8684a1251803bf9,RANDOM_COPY:0.05:45:54,f309fda54987e94e82c1f641c0cf1c9b4008ce890ae016a6337c427802589d11,112,112,IMPORTANCE_MATCHED_BUDGET_V1_SHA256_ASCENDING,7ba1f73f2542012321fa188b7e06260accd3818cc25c189c4da106415f2387f4,1.0,1.0,1.0,1.0,112,107,104,5,3,2912,1391,4303,4482.291666666667,0.3482142857142857,0.5446428571428571,0.10714285714285714,12,52,48,12,61,39
IMPORTANCE_MATCHED_BUDGET,46,RANDOM_COPY,0.05,1e18a4f187e48c688884c5338497c53c85c83c6b2d2e7e7e589f6eeed1939cc8,RANDOM_COPY:0.05:46:54,308d71781b3e4d669660bdf8adeeb95c1864f5dcb4951d391a12baf3ca39ba40,113,113,IMPORTANCE_MATCHED_BUDGET_V1_SHA256_ASCENDING,507d7cb3d1916896824f3b6107720b38f752ccde3e7aa28a6f2cba6bc584b026,1.0,1.0,1.0,1.0,113,108,100,5,8,2938,1404,4342,4522.916666666666,0.34513274336283184,0.5486725663716814,0.10619469026548672,12,53,48,12,62,39
IMPORTANCE_MATCHED_BUDGET,47,RANDOM_COPY,0.05,b9136d0c5b6f6e35050d9198937c6bb31962dbcb04fcf7e1cc4654102f4f1a0e,RANDOM_COPY:0.05:47:54,63c557c515965d614c3a00496d31de18113cc3c9d2c4ecab04a76cae289b7709,112,112,IMPORTANCE_MATCHED_BUDGET_V1_SHA256_ASCENDING,7ba1f73f2542012321fa188b7e06260accd3818cc25c189c4da106415f2387f4,1.0,1.0,1.0,1.0,112,111,104,1,7,2912,1443,4355,4536.458333333333,0.3482142857142857,0.5446428571428571,0.10714285714285714,12,52,48,12,61,39
IMPORTANCE_MATCHED_BUDGET,48,RANDOM_COPY,0.05,37207e5917ddae4ebbb1aa053dee9168acd0287668097e99f1c0c2e7804e9c18,RANDOM_COPY:0.05:48:54,284ded6d5172e1966f063557f4d7d23de575563f91554a3161c7efc3bf271966,112,112,IMPORTANCE_MATCHED_BUDGET_V1_SHA256_ASCENDING,7ba1f73f2542012321fa188b7e06260accd3818cc25c189c4da106415f2387f4,1.0,1.0,0.9814814814814815,0.9166666666666666,112,106,97,6,9,2912,1378,4290,4468.75,0.3482142857142857,0.5446428571428571,0.10714285714285714,12,52,48,12,61,39
IMPORTANCE_MATCHED_BUDGET,49,RANDOM_COPY,0.05,3f51b9829e76334604c6e214aca57fd7b2135b7273fd421c14cf37c2e25a4dd3,RANDOM_COPY:0.05:49:54,8a4b2bc4f8cc92ac5ebb4bf07fb328eceedc0f460bae1582b427e200dbdff50c,123,123,IMPORTANCE_MATCHED_BUDGET_V1_SHA256_ASCENDING,e1971eef4e96c8ea3e550f91273dc5b25b588c797ab1e37820a218a8163775e1,1.0,1.0,0.9629629629629629,0.8333333333333334,123,116,107,7,9,3198,1508,4706,4902.083333333334,0.3170731707317073,0.5853658536585366,0.0975609756097561,12,63,48,12,72,39
IMPORTANCE_MATCHED_BUDGET,50,RANDOM_COPY,0.05,5775e99ef6f4e193f38db7d0d0cf63e6dbc02a2ea1253e3fc0cdf18ef463b487,RANDOM_COPY:0.05:50:54,fa197f0db2334d9757e89dd01fed9ea36f37f28ade6d65e803c63ba9ef8fe16d,112,112,IMPORTANCE_MATCHED_BUDGET_V1_SHA256_ASCENDING,7ba1f73f2542012321fa188b7e06260accd3818cc25c189c4da106415f2387f4,1.0,1.0,1.0,1.0,112,110,103,2,7,2912,1430,4342,4522.916666666666,0.3482142857142857,0.5446428571428571,0.10714285714285714,12,52,48,12,61,39
IMPORTANCE_MATCHED_BUDGET,51,RANDOM_COPY,0.05,0b7d6bf414e729ce46ea354fb821e839b55bbb89b53570a80eec1df3c17d575a,RANDOM_COPY:0.05:51:54,9810148946df1a848c3d96d92edd01c5bdbfc17f35177efcbfb2a6f3674efb0e,115,115,IMPORTANCE_MATCHED_BUDGET_V1_SHA256_ASCENDING,5ed3adf84face688b9f42bdc5123465e1161c2ede1d65c165018623491efc4e0,1.0,0.9655172413793104,0.9814814814814815,1.0,115,109,104,6,5,2990,1417,4407,4590.625,0.3391304347826087,0.5565217391304348,0.10434782608695652,12,55,48,12,64,39
IMPORTANCE_MATCHED_BUDGET,52,RANDOM_COPY,0.05,3acbc5808db6370eec7f9f93ddd0c17095cbcca95fff7ad9e5a2971892b54c24,RANDOM_COPY:0.05:52:54,439ce9dab1ca203b8c13116750b4b0d2d928caae0ce4d9319109cb32cbce4bbb,120,120,IMPORTANCE_MATCHED_BUDGET_V1_SHA256_ASCENDING,f6e619cbfef58e10fab80f0564f84999c42920e62d5366b24152b550974f24c1,1.0,1.0,0.9444444444444444,0.75,120,112,107,8,5,3120,1456,4576,4766.666666666667,0.325,0.575,0.1,12,60,48,12,69,39
IMPORTANCE_MATCHED_BUDGET,53,RANDOM_COPY,0.05,3e742f49e26551b32b3e4cfee72a8b1a397d953f44b4c21bd4a3beade216c9ed,RANDOM_COPY:0.05:53:54,25047acb7b94fdfe62a0244be65401384b29793e201f2ad2b16e9fa80d5004b1,119,119,IMPORTANCE_MATCHED_BUDGET_V1_SHA256_ASCENDING,efd1fda3711f25af8369b46c308e2115a7e7ed1be8f9243159727d33f20edddc,1.0,1.0,1.0,1.0,119,115,109,4,6,3094,1495,4589,4780.208333333333,0.3277310924369748,0.5714285714285714,0.10084033613445378,12,59,48,12,68,39
IMPORTANCE_MATCHED_BUDGET,54,RANDOM_COPY,0.05,8d997c6008ed844018d029cc8b30b9e54faa7ad6779958f4a10af07f53a1fd8a,RANDOM_COPY:0.05:54:54,59bc57eee96913a0c0268cd04752bc30cd182b19661ba7f6cd1566d424301c50,118,118,IMPORTANCE_MATCHED_BUDGET_V1_SHA256_ASCENDING,1a9e015b0e896391fab2c7eb01eca36f6dda6a1928e55fc91f169411b13013fc,1.0,1.0,1.0,1.0,118,113,101,5,12,3068,1469,4537,4726.041666666666,0.3305084745762712,0.5677966101694916,0.1016949152542373,12,58,48,12,67,39
IMPORTANCE_MATCHED_BUDGET,55,RANDOM_COPY,0.05,9a389bb940b3a109f59b48f26c84f05a9b08dab7fc6527f41590f20d4537f247,RANDOM_COPY:0.05:55:54,63695c50942f0baf4f09ac48071622245159d8b3e3e6afc5c9af23712b53d375,114,114,IMPORTANCE_MATCHED_BUDGET_V1_SHA256_ASCENDING,8a94143776573beea30e118b4021d0827f5bd9fb28d557948182d3e1264d4b46,1.0,1.0,1.0,1.0,114,106,100,8,6,2964,1378,4342,4522.916666666666,0.34210526315789475,0.5526315789473685,0.10526315789473684,12,54,48,12,63,39
IMPORTANCE_MATCHED_BUDGET,56,RANDOM_COPY,0.05,cc4ee46b3195a07bf1d7019ff92ff7351b7ad6bcb61bc5ba00f4a1149939fa10,RANDOM_COPY:0.05:56:54,c96a1b1fa0244bbcae1127eb99e65e93537246a453f12049ce8923bfce21f77e,112,112,IMPORTANCE_MATCHED_BUDGET_V1_SHA256_ASCENDING,7ba1f73f2542012321fa188b7e06260accd3818cc25c189c4da106415f2387f4,1.0,1.0,1.0,1.0,112,108,101,4,7,2912,1404,4316,4495.833333333334,0.3482142857142857,0.5446428571428571,0.10714285714285714,12,52,48,12,61,39
IMPORTANCE_MATCHED_BUDGET,57,RANDOM_COPY,0.05,c4953acd4bff8aa7e38e17aedddf54b4f2076f77112d871697c31f7099448c56,RANDOM_COPY:0.05:57:54,e0653fffbfab6d5672248455b91003c28e3986390ce27b2e5587297f8b9b1793,112,112,IMPORTANCE_MATCHED_BUDGET_V1_SHA256_ASCENDING,7ba1f73f2542012321fa188b7e06260accd3818cc25c189c4da106415f2387f4,1.0,1.0,0.9814814814814815,0.9166666666666666,112,109,104,3,5,2912,1417,4329,4509.375,0.3482142857142857,0.5446428571428571,0.10714285714285714,12,52,48,12,61,39
IMPORTANCE_MATCHED_BUDGET,58,RANDOM_COPY,0.05,40e3c8ccdf11bea273c67c481c0a721fee465cf0e131f4282107dc49559ff410,RANDOM_COPY:0.05:58:54,a0c2d568cc96561a6ae4d26cb99ec25ad276e251fc7e6bfa28e72f3054abd45b,112,112,IMPORTANCE_MATCHED_BUDGET_V1_SHA256_ASCENDING,7ba1f73f2542012321fa188b7e06260accd3818cc25c189c4da106415f2387f4,1.0,1.0,0.9814814814814815,0.9166666666666666,112,108,104,4,4,2912,1404,4316,4495.833333333334,0.3482142857142857,0.5446428571428571,0.10714285714285714,12,52,48,12,61,39
IMPORTANCE_MATCHED_BUDGET,59,RANDOM_COPY,0.05,d9fcd7cca570ac4fadcad587ee4db6b68d120230ae32c0e844c0825b05597246,RANDOM_COPY:0.05:59:54,37a74733c800bbc9120f24215d15775367058dda063c270230419f243be0c830,115,115,IMPORTANCE_MATCHED_BUDGET_V1_SHA256_ASCENDING,22d21f0fc61a78ad27a070327a4c7da12f2a5681911de8ea08b984eb6d011647,1.0,1.0,0.9629629629629629,0.8333333333333334,115,107,102,8,5,2990,1391,4381,4563.541666666667,0.3391304347826087,0.5565217391304348,0.10434782608695652,12,55,48,12,64,39
IMPORTANCE_MATCHED_BUDGET,60,RANDOM_COPY,0.05,098bf99f32c0f711f965b8aed61f1c2684c9bff2908677244e50ef39a6cecbb8,RANDOM_COPY:0.05:60:54,ee11080acec7bb5165ad16747aa28232ecf1e665221891bac0407f8dab109fcf,119,119,IMPORTANCE_MATCHED_BUDGET_V1_SHA256_ASCENDING,0daa3d88c23176230dbf5dfd6ea3b9f5de0c3b5cf60bb7d9b72f13a42b147d3f,1.0,1.0,0.9629629629629629,0.8333333333333334,119,105,99,14,6,3094,1365,4459,4644.791666666666,0.3277310924369748,0.5714285714285714,0.10084033613445378,12,59,48,12,68,39
IMPORTANCE_MATCHED_BUDGET,61,RANDOM_COPY,0.05,cf84f96fa655d68fea4cdeddfe9b1065d95110760501f563d4e60d8ffde9a2d3,RANDOM_COPY:0.05:61:54,a2af522314ad865df8e1db6c332968ad3edaa20fa1dffb910718d26fe73f89b9,112,112,IMPORTANCE_MATCHED_BUDGET_V1_SHA256_ASCENDING,7ba1f73f2542012321fa188b7e06260accd3818cc25c189c4da106415f2387f4,1.0,1.0,1.0,1.0,112,108,106,4,2,2912,1404,4316,4495.833333333334,0.3482142857142857,0.5446428571428571,0.10714285714285714,12,52,48,12,61,39
IMPORTANCE_MATCHED_BUDGET,62,RANDOM_COPY,0.05,d6ce191eddde49a8515b856101cc57bcc28460b1b3bd7ec88f4b957c42501e28,RANDOM_COPY:0.05:62:54,53d62d9ee5ba2f225871585c0df524aa4497aad9b26b6bc953e6928a1a7adee3,112,112,IMPORTANCE_MATCHED_BUDGET_V1_SHA256_ASCENDING,7ba1f73f2542012321fa188b7e06260accd3818cc25c189c4da106415f2387f4,1.0,0.9655172413793104,0.9814814814814815,1.0,112,107,100,5,7,2912,1391,4303,4482.291666666667,0.3482142857142857,0.5446428571428571,0.10714285714285714,12,52,48,12,61,39
IMPORTANCE_MATCHED_BUDGET,63,RANDOM_COPY,0.05,dc7f71dcb9bc660fe5891b77a026b24d757bd6a682fee3df50277a1e7b4e3c95,RANDOM_COPY:0.05:63:54,8b636b405810e75b6ebe425a7efc93cc49c53b855eef32ed2bfac51a9e3675f6,112,112,IMPORTANCE_MATCHED_BUDGET_V1_SHA256_ASCENDING,7ba1f73f2542012321fa188b7e06260accd3818cc25c189c4da106415f2387f4,1.0,1.0,0.9629629629629629,0.8333333333333334,112,108,101,4,7,2912,1404,4316,4495.833333333334,0.3482142857142857,0.5446428571428571,0.10714285714285714,12,52,48,12,61,39
IMPORTANCE_MATCHED_BUDGET,64,RANDOM_COPY,0.05,ca7040eb36fef99fd228c901a9459b0ced7f5f0f6ffc36f1634524d315e34210,RANDOM_COPY:0.05:64:54,3fc35c551e74a9cc0a881b77cc09f779ae0df24529fa53c421ca33e915bc8c05,116,116,IMPORTANCE_MATCHED_BUDGET_V1_SHA256_ASCENDING,e4c9c8da192b02b513318475b498d487ca01a3a9f4e9b65c059dfede3680e601,1.0,1.0,1.0,1.0,116,109,103,7,6,3016,1417,4433,4617.708333333334,0.33620689655172414,0.5603448275862069,0.10344827586206896,12,56,48,12,65,39
IMPORTANCE_MATCHED_BUDGET,65,RANDOM_COPY,0.05,c5696372e28eda944d111d811fcca5ad05e59b3169009a337a147887bf942064,RANDOM_COPY:0.05:65:54,117a46923f0ebfa473fa45a97ab6a1d971d5a1f157b6f8f1ff3e7dc4cf03596e,115,115,IMPORTANCE_MATCHED_BUDGET_V1_SHA256_ASCENDING,9fb763eed255b4addc3a6a7ec134b1d8a39a3641d5c538f4a962093e46c7e520,1.0,1.0,0.9814814814814815,0.9166666666666666,115,108,102,7,6,2990,1404,4394,4577.083333333333,0.3391304347826087,0.5565217391304348,0.10434782608695652,12,55,48,12,64,39
IMPORTANCE_MATCHED_BUDGET,66,RANDOM_COPY,0.05,b6db333a9c9ee5b5c3a33e25217ecd21db38119ab4996e7f94c72eafd4de4a21,RANDOM_COPY:0.05:66:54,cd17e0ffebd0fe2c489f7fc393711b4618729c4c29738dd5ac82dc16a59b3f0f,119,119,IMPORTANCE_MATCHED_BUDGET_V1_SHA256_ASCENDING,5fd8812f5aa0a7749977eaba2293aee40874ff2a6896e1ca2719fb77f958d527,1.0,1.0,0.9814814814814815,0.9166666666666666,119,111,104,8,7,3094,1443,4537,4726.041666666666,0.3277310924369748,0.5714285714285714,0.10084033613445378,12,59,48,12,68,39
IMPORTANCE_MATCHED_BUDGET,67,RANDOM_COPY,0.05,9cbc700fce522598dd4101afe27b6cbb4b9a59e84418e8ea3ef95e83d6d5f0ca,RANDOM_COPY:0.05:67:54,c492c3166808ba70c2a6aab59e9a61eea3ff64ad1980ecd5d4387e4c40b1064b,117,117,IMPORTANCE_MATCHED_BUDGET_V1_SHA256_ASCENDING,50e3d435fa27acf0cd47357d2165f04696b93e3004054be6627d72ce5d3be3ac,1.0,1.0,1.0,1.0,117,112,104,5,8,3042,1456,4498,4685.416666666667,0.3333333333333333,0.5641025641025641,0.10256410256410256,12,57,48,12,66,39
IMPORTANCE_MATCHED_BUDGET,68,RANDOM_COPY,0.05,88fabb0364ce1e5891902cf5f319a3fb04a8448209903ab8dd35891948d62fbc,RANDOM_COPY:0.05:68:54,98e1893e63201ed7c42c905e930a26a8535b80c459acb492bebde415d0c0f5b0,115,115,IMPORTANCE_MATCHED_BUDGET_V1_SHA256_ASCENDING,d402720a131946d5cfc3990c9d3c535a8daf287f38d05d2b6b36078fb0d03666,1.0,1.0,0.9814814814814815,0.9166666666666666,115,107,100,8,7,2990,1391,4381,4563.541666666667,0.3391304347826087,0.5565217391304348,0.10434782608695652,12,55,48,12,64,39
IMPORTANCE_MATCHED_BUDGET,69,RANDOM_COPY,0.05,27d3f0a3fd57600aa06acb458c34cd01d8342c30de5f50d966c17e2cde00c0a9,RANDOM_COPY:0.05:69:54,9741fdded77e7582452c5386f61ea845439849d1284047da4b27829854a63799,120,120,IMPORTANCE_MATCHED_BUDGET_V1_SHA256_ASCENDING,0ae4590469bd4183450f193b01083742a7dff74916a59ec608724240ab15e4d1,1.0,1.0,0.9629629629629629,0.8333333333333334,120,118,111,2,7,3120,1534,4654,4847.916666666666,0.325,0.575,0.1,12,60,48,12,69,39
IMPORTANCE_MATCHED_BUDGET,70,RANDOM_COPY,0.05,f3a49e1cdaf8f516d725f287051292e509bb25a3617cf655501e63bc740f3abe,RANDOM_COPY:0.05:70:54,646067364648276b22bbe796792fd65c7eb8fa602f8fb7a33181224c671d2605,112,112,IMPORTANCE_MATCHED_BUDGET_V1_SHA256_ASCENDING,7ba1f73f2542012321fa188b7e06260accd3818cc25c189c4da106415f2387f4,1.0,1.0,1.0,1.0,112,106,101,6,5,2912,1378,4290,4468.75,0.3482142857142857,0.5446428571428571,0.10714285714285714,12,52,48,12,61,39
IMPORTANCE_MATCHED_BUDGET,71,RANDOM_COPY,0.05,daa94560d3ed19707d0917a93fc3484be768efdacea2e37f31a5e0aceb6bc9f0,RANDOM_COPY:0.05:71:54,956c4eb3352f2c430f77f79b328b17c3527607ac6f9add43220c7c6a843cbcfc,124,124,IMPORTANCE_MATCHED_BUDGET_V1_SHA256_ASCENDING,d9cfb83a859fe0e19b47cedeb50470bd179c380d9deb9c82a399d23616f357b1,1.0,1.0,1.0,1.0,124,116,108,8,8,3224,1508,4732,4929.166666666666,0.31451612903225806,0.5887096774193549,0.0967741935483871,12,64,48,12,73,39
IMPORTANCE_MATCHED_BUDGET,72,RANDOM_COPY,0.05,c87611b61bcbcfd491dcab5f7df40a394762999a2d2d205b627eda6932c9f5e6,RANDOM_COPY:0.05:72:54,a7ecd7ce102c0b9d283053bccf27f3b3ceb1120313a3712017a0c1a64b06dac4,112,112,IMPORTANCE_MATCHED_BUDGET_V1_SHA256_ASCENDING,7ba1f73f2542012321fa188b7e06260accd3818cc25c189c4da106415f2387f4,1.0,1.0,1.0,1.0,112,109,101,3,8,2912,1417,4329,4509.375,0.3482142857142857,0.5446428571428571,0.10714285714285714,12,52,48,12,61,39
IMPORTANCE_MATCHED_BUDGET,73,RANDOM_COPY,0.05,d2b13b4a87bbdab2e9933b6d7dac2d640a845846c4a1cc169aa3b68c997d62ef,RANDOM_COPY:0.05:73:54,8878ef8e21d9baacd0c7369fcdc5ac68dba1f76bf71497f18db4a6c0e9117387,122,122,IMPORTANCE_MATCHED_BUDGET_V1_SHA256_ASCENDING,1cd2eef070e112b0b78c4d4289f990925069a4b8690e9ff9885d51f51f300f72,1.0,1.0,1.0,1.0,122,115,107,7,8,3172,1495,4667,4861.458333333333,0.319672131147541,0.5819672131147541,0.09836065573770492,12,62,48,12,71,39
IMPORTANCE_MATCHED_BUDGET,74,RANDOM_COPY,0.05,765a1156611b17d598704e615ad0eec00715e9944b72db5a33e0062e47f14494,RANDOM_COPY:0.05:74:54,0666f9a9be3c32735c196c7de1d2b14e7f3b587086f6ae720fc8ca04ce3a9e97,115,115,IMPORTANCE_MATCHED_BUDGET_V1_SHA256_ASCENDING,bb4e295c11fc7cf2eae3f22c779d3a706815f6c9eff5590b7bb87dc48df1651f,1.0,1.0,0.9814814814814815,0.9166666666666666,115,110,107,5,3,2990,1430,4420,4604.166666666667,0.3391304347826087,0.5565217391304348,0.10434782608695652,12,55,48,12,64,39
IMPORTANCE_MATCHED_BUDGET,75,RANDOM_COPY,0.05,025e305327943c3c3cd5ae73353c988456796ffee9a1f7f55bc60f3a777006a8,RANDOM_COPY:0.05:75:54,015ddacffa50866713d995d0973aad4996dac4dab1a273367abf9c7b2b238edb,112,112,IMPORTANCE_MATCHED_BUDGET_V1_SHA256_ASCENDING,7ba1f73f2542012321fa188b7e06260accd3818cc25c189c4da106415f2387f4,1.0,1.0,1.0,1.0,112,109,106,3,3,2912,1417,4329,4509.375,0.3482142857142857,0.5446428571428571,0.10714285714285714,12,52,48,12,61,39
IMPORTANCE_MATCHED_BUDGET,76,RANDOM_COPY,0.05,10a0d3b832ef3f12bb9bab286bdf5f06b73929cee9b6a1eb0b57c6dc333b4dbc,RANDOM_COPY:0.05:76:54,afbd8b8c3fb06c668ee7223cf13af4cbc78092e509ac19721c7d75ca1aacc348,112,112,IMPORTANCE_MATCHED_BUDGET_V1_SHA256_ASCENDING,7ba1f73f2542012321fa188b7e06260accd3818cc25c189c4da106415f2387f4,1.0,1.0,1.0,1.0,112,110,109,2,1,2912,1430,4342,4522.916666666666,0.3482142857142857,0.5446428571428571,0.10714285714285714,12,52,48,12,61,39
IMPORTANCE_MATCHED_BUDGET,77,RANDOM_COPY,0.05,389abbe3135b398a079c793eb32ce6b0c704d4195986fd54b2e2a9d176107f0c,RANDOM_COPY:0.05:77:54,0f4e8b863b40885dcd804e7d53bfc729fa7e63d661b9286c671b63fca10fb092,112,112,IMPORTANCE_MATCHED_BUDGET_V1_SHA256_ASCENDING,7ba1f73f2542012321fa188b7e06260accd3818cc25c189c4da106415f2387f4,1.0,1.0,0.9814814814814815,0.9166666666666666,112,102,96,10,6,2912,1326,4238,4414.583333333334,0.3482142857142857,0.5446428571428571,0.10714285714285714,12,52,48,12,61,39
IMPORTANCE_MATCHED_BUDGET,78,RANDOM_COPY,0.05,9bbe1983f865ab60e06edf77f51a61a6046126c35efd435183d8de74d541b455,RANDOM_COPY:0.05:78:54,4e74b0f6ffddca344af1b236d638448cbeeb2e8d3360189c4671762c28922b2a,117,117,IMPORTANCE_MATCHED_BUDGET_V1_SHA256_ASCENDING,cfe5900eb7d2b60faf9687ae3ec0631a0865a7794934d40160f73d7263eae2de,1.0,1.0,1.0,1.0,117,108,103,9,5,3042,1404,4446,4631.25,0.3333333333333333,0.5641025641025641,0.10256410256410256,12,57,48,12,66,39
IMPORTANCE_MATCHED_BUDGET,79,RANDOM_COPY,0.05,9530cd73487a1b6b88f7e054177f22af409edd63efa2334d5fb5a616bf327e78,RANDOM_COPY:0.05:79:54,a338b205f573b9b5018b77c9f6a8be7f0462a46a2fb936376afc6fc59a960977,112,112,IMPORTANCE_MATCHED_BUDGET_V1_SHA256_ASCENDING,7ba1f73f2542012321fa188b7e06260accd3818cc25c189c4da106415f2387f4,1.0,1.0,0.9814814814814815,0.9166666666666666,112,109,107,3,2,2912,1417,4329,4509.375,0.3482142857142857,0.5446428571428571,0.10714285714285714,12,52,48,12,61,39
IMPORTANCE_MATCHED_BUDGET,80,RANDOM_COPY,0.05,174b9e3972cc278e894c9e10db276b31c0b5cd5fdfe74d58188ed8d1556f092f,RANDOM_COPY:0.05:80:54,da69266026bcea0922e8b1d89469ec0a829deb14425dcc22aa3bfaa496b23bd4,113,113,IMPORTANCE_MATCHED_BUDGET_V1_SHA256_ASCENDING,b4678bc0c6bf8ae987ca132bfe73adc142d83b5881d79932f6165c69fed1becc,1.0,1.0,1.0,1.0,113,107,103,6,4,2938,1391,4329,4509.375,0.34513274336283184,0.5486725663716814,0.10619469026548672,12,53,48,12,62,39
IMPORTANCE_MATCHED_BUDGET,81,RANDOM_COPY,0.05,1d69f431c4871ac159848f7e121a8d80bff37f533fb3c20eb48f024b12d5aeb0,RANDOM_COPY:0.05:81:54,5069ee8f2b173fa5fdd6ea95f0b074ca336bac09d2778d8cd3fb308773c729ba,112,112,IMPORTANCE_MATCHED_BUDGET_V1_SHA256_ASCENDING,7ba1f73f2542012321fa188b7e06260accd3818cc25c189c4da106415f2387f4,1.0,1.0,0.9814814814814815,0.9166666666666666,112,110,107,2,3,2912,1430,4342,4522.916666666666,0.3482142857142857,0.5446428571428571,0.10714285714285714,12,52,48,12,61,39
IMPORTANCE_MATCHED_BUDGET,82,RANDOM_COPY,0.05,57e62d849bedc78fc99bc69665966860245864cc1e3e4e45269848535c069791,RANDOM_COPY:0.05:82:54,c94391dcc681dfb107d5ab1c23a4bbf30b53082d319e87f5e729f2f4545a9731,115,115,IMPORTANCE_MATCHED_BUDGET_V1_SHA256_ASCENDING,3eeb28ecc35427f3f37975b367964fcb4f58ea98acd0b7ee05f2529f1f5d8e89,1.0,1.0,0.9814814814814815,0.9166666666666666,115,107,105,8,2,2990,1391,4381,4563.541666666667,0.3391304347826087,0.5565217391304348,0.10434782608695652,12,55,48,12,64,39
IMPORTANCE_MATCHED_BUDGET,83,RANDOM_COPY,0.05,a515ad0185903e385ac6996bc77536ad2f96ad7fbe80191c26506648ec8615dd,RANDOM_COPY:0.05:83:54,1a7c9437f7bf24241cc48cfb4b36ecf31d6882ccd9116a45d6eb2c148892febc,124,124,IMPORTANCE_MATCHED_BUDGET_V1_SHA256_ASCENDING,94c0df2e6e5a8265a0ca710c64776be603ddf802e45bb4900e303031bc63ac0d,1.0,1.0,1.0,1.0,124,117,108,7,9,3224,1521,4745,4942.708333333333,0.31451612903225806,0.5887096774193549,0.0967741935483871,12,64,48,12,73,39
IMPORTANCE_MATCHED_BUDGET,84,RANDOM_COPY,0.05,21d6f93ac0d82eea05f72cb67f2f3809694156a444db11cc8b37f37e0162d866,RANDOM_COPY:0.05:84:54,2e1965defe0f292abde65c60da66f1ef77ef31ee0f09bc6065286a0942ead886,115,115,IMPORTANCE_MATCHED_BUDGET_V1_SHA256_ASCENDING,08ecba408941bae37c8c974109c1c35b04fae664b0faf9c999afc055a0e9c760,1.0,1.0,0.9814814814814815,0.9166666666666666,115,113,109,2,4,2990,1469,4459,4644.791666666666,0.3391304347826087,0.5565217391304348,0.10434782608695652,12,55,48,12,64,39
IMPORTANCE_MATCHED_BUDGET,85,RANDOM_COPY,0.05,080bbb6a467c23b8925b449022be667c07b04c11f08e828f6a725b3da96ef476,RANDOM_COPY:0.05:85:54,835f2c3fc398a59bb7ec6449c6c6cb9d70f1225de11a920bb20d9f85ed92b85a,112,112,IMPORTANCE_MATCHED_BUDGET_V1_SHA256_ASCENDING,7ba1f73f2542012321fa188b7e06260accd3818cc25c189c4da106415f2387f4,1.0,1.0,1.0,1.0,112,109,103,3,6,2912,1417,4329,4509.375,0.3482142857142857,0.5446428571428571,0.10714285714285714,12,52,48,12,61,39
IMPORTANCE_MATCHED_BUDGET,86,RANDOM_COPY,0.05,0b1c0d932387dbcd886809eb38a6ca0640e6059fa3c6273caff041e1ad7d1f45,RANDOM_COPY:0.05:86:54,b135f5ed2b9a28f797dd175cd0f99f4081b0a4000d528ce0dc29ae20b76f5b81,122,122,IMPORTANCE_MATCHED_BUDGET_V1_SHA256_ASCENDING,4bf364de1659bdf7cbeb4339aba8d4e9ffde7e1b5261f5415ebbde2a86bca167,1.0,1.0,0.9629629629629629,0.8333333333333334,122,115,109,7,6,3172,1495,4667,4861.458333333333,0.319672131147541,0.5819672131147541,0.09836065573770492,12,62,48,12,71,39
IMPORTANCE_MATCHED_BUDGET,87,RANDOM_COPY,0.05,d678298049b591612299f4bac2a5bdd1a82e9002ffa46e095edbde66273c27cf,RANDOM_COPY:0.05:87:54,e6fa86086e062d419113af40fccc1835c07e1f1e2fa752e7064bba250907b74d,116,116,IMPORTANCE_MATCHED_BUDGET_V1_SHA256_ASCENDING,ac471c01823d45e84a6a5f45ab077ab179740a6147e540ef7e4699883fcb622c,1.0,1.0,0.9444444444444444,0.75,116,109,106,7,3,3016,1417,4433,4617.708333333334,0.33620689655172414,0.5603448275862069,0.10344827586206896,12,56,48,12,65,39
IMPORTANCE_MATCHED_BUDGET,88,RANDOM_COPY,0.05,955a0c19bd45db84ad62cd96df6c06c48355268daa9f2381f805a732ee51947c,RANDOM_COPY:0.05:88:54,c57da706a1e03ce43bcfd03209c403ce204dcf53997188e0dad52270c221798c,113,113,IMPORTANCE_MATCHED_BUDGET_V1_SHA256_ASCENDING,ae02cac51831c573d76d26c9d3703a45cc487f32b95cb43d766a34a0320510c7,1.0,1.0,0.9814814814814815,0.9166666666666666,113,109,107,4,2,2938,1417,4355,4536.458333333333,0.34513274336283184,0.5486725663716814,0.10619469026548672,12,53,48,12,62,39
IMPORTANCE_MATCHED_BUDGET,89,RANDOM_COPY,0.05,3d44c132f556d34c2bcb5fa4eb40e02758a17b2033155615540c43da524cc108,RANDOM_COPY:0.05:89:54,8198d83c4c960b051d80224032bdd2dd484d0350835d01b1279f5e5e741c921f,112,112,IMPORTANCE_MATCHED_BUDGET_V1_SHA256_ASCENDING,7ba1f73f2542012321fa188b7e06260accd3818cc25c189c4da106415f2387f4,1.0,1.0,1.0,1.0,112,109,106,3,3,2912,1417,4329,4509.375,0.3482142857142857,0.5446428571428571,0.10714285714285714,12,52,48,12,61,39
IMPORTANCE_MATCHED_BUDGET,90,RANDOM_COPY,0.05,dcd8e0b1ad679efe832bb46cd4b9216514b8127e9f6f81e893abed963d7cfffd,RANDOM_COPY:0.05:90:54,ef5eef489cdd67583d9cd68ce1fe180dd5422f79a190f252726f2d9385ce15b5,125,125,IMPORTANCE_MATCHED_BUDGET_V1_SHA256_ASCENDING,3707422425bbf7c2c6ef559f8a338a51329f63639210445394ef104254585fb5,1.0,1.0,1.0,1.0,125,121,112,4,9,3250,1573,4823,5023.958333333334,0.312,0.592,0.096,12,65,48,12,74,39
IMPORTANCE_MATCHED_BUDGET,91,RANDOM_COPY,0.05,c0c55f5195c401754b8e72e9ae7c90e3fdbbfb01dfacf08894bfdd5312e3d2f2,RANDOM_COPY:0.05:91:54,926a5c5600709176275f7cece45c7f27764022c8d5999d25320c1aa77f8a0835,124,124,IMPORTANCE_MATCHED_BUDGET_V1_SHA256_ASCENDING,d5693718af2e62de10694e3b432c1ffa62f121a5e9e5b97951961f053f077656,1.0,1.0,0.9444444444444444,0.75,124,116,114,8,2,3224,1508,4732,4929.166666666666,0.31451612903225806,0.5887096774193549,0.0967741935483871,12,64,48,12,73,39
IMPORTANCE_MATCHED_BUDGET,92,RANDOM_COPY,0.05,363051f96af7049ff65b2ff329f49abc9147a2f82e2dddf6750f941d328766e6,RANDOM_COPY:0.05:92:54,54104a2c2abbbb175e328527a0c2ab69e72d938d0c4977e621f8f3d8f6a4a88d,128,128,IMPORTANCE_MATCHED_BUDGET_V1_SHA256_ASCENDING,2cd08fd9505a44e5d76663d3280feeb836dd26b5ab7d8fe8df9855d41ea272ff,1.0,1.0,0.9814814814814815,0.9166666666666666,128,118,111,10,7,3328,1534,4862,5064.583333333333,0.3046875,0.6015625,0.09375,12,68,48,12,77,39
IMPORTANCE_MATCHED_BUDGET,93,RANDOM_COPY,0.05,04d787a1614f3be0da6fc8ec281b469daecad23bc8276d539a1d74dcfe8415d7,RANDOM_COPY:0.05:93:54,2507efbe8dd41186ace5337229d82940d11f1a6de239524df498bf599fd00c15,112,112,IMPORTANCE_MATCHED_BUDGET_V1_SHA256_ASCENDING,7ba1f73f2542012321fa188b7e06260accd3818cc25c189c4da106415f2387f4,1.0,0.9655172413793104,0.9814814814814815,1.0,112,105,101,7,4,2912,1365,4277,4455.208333333333,0.3482142857142857,0.5446428571428571,0.10714285714285714,12,52,48,12,61,39
IMPORTANCE_MATCHED_BUDGET,94,RANDOM_COPY,0.05,f7fd0e6aa0f63bea3095f9bce79fbf6174cefc14981d3d9b45887fe74ab3d99b,RANDOM_COPY:0.05:94:54,aaa74f8af365356ee7057663227914a6f615cabb380a7e8b92736a9bd4f45cec,112,112,IMPORTANCE_MATCHED_BUDGET_V1_SHA256_ASCENDING,7ba1f73f2542012321fa188b7e06260accd3818cc25c189c4da106415f2387f4,1.0,1.0,1.0,1.0,112,108,102,4,6,2912,1404,4316,4495.833333333334,0.3482142857142857,0.5446428571428571,0.10714285714285714,12,52,48,12,61,39
IMPORTANCE_MATCHED_BUDGET,95,RANDOM_COPY,0.05,77394af5acd9c0d00c9eb8c0241b996eafff2893897f6cbba11a6853d679584c,RANDOM_COPY:0.05:95:54,49d6fabd73c7e942444e7ae0317684161e3eaffe0cfe295465a95c1cd5e2dffc,124,124,IMPORTANCE_MATCHED_BUDGET_V1_SHA256_ASCENDING,c0246593e4dc0000446b06466d852e6fb7181b28aac286307b2fec01a4b293d7,1.0,1.0,0.9814814814814815,0.9166666666666666,124,120,115,4,5,3224,1560,4784,4983.333333333333,0.31451612903225806,0.5887096774193549,0.0967741935483871,12,64,48,12,73,39
IMPORTANCE_MATCHED_BUDGET,96,RANDOM_COPY,0.05,2416e0bed50dbf4aed5006cff12c025592ce7143aec9d7408f1099e3c1ac7c4c,RANDOM_COPY:0.05:96:54,a32f919b93ddb0c4072e4badba6ec8a19c1d61169323b3f9c3761e7c061bd189,112,112,IMPORTANCE_MATCHED_BUDGET_V1_SHA256_ASCENDING,7ba1f73f2542012321fa188b7e06260accd3818cc25c189c4da106415f2387f4,1.0,1.0,1.0,1.0,112,110,104,2,6,2912,1430,4342,4522.916666666666,0.3482142857142857,0.5446428571428571,0.10714285714285714,12,52,48,12,61,39
IMPORTANCE_MATCHED_BUDGET,97,RANDOM_COPY,0.05,04e878d69821f0c96880b1bd1ad24aee3313ecb7db7692a59ed425a7ec6d5a2e,RANDOM_COPY:0.05:97:54,b2367d583da1cfa04f81f82fabd946dab6e0c212c7aa61d93eec3528c164e36c,112,112,IMPORTANCE_MATCHED_BUDGET_V1_SHA256_ASCENDING,7ba1f73f2542012321fa188b7e06260accd3818cc25c189c4da106415f2387f4,1.0,1.0,1.0,1.0,112,107,106,5,1,2912,1391,4303,4482.291666666667,0.3482142857142857,0.5446428571428571,0.10714285714285714,12,52,48,12,61,39
IMPORTANCE_MATCHED_BUDGET,98,RANDOM_COPY,0.05,2af730ca2b5cc0b582c25a17d539e44c7bd507c01dec394c27e345473798ada2,RANDOM_COPY:0.05:98:54,5818cda86a1176bc64f8f4d73ad83c8f3cd0aeeb550075c17379056060762f37,112,112,IMPORTANCE_MATCHED_BUDGET_V1_SHA256_ASCENDING,7ba1f73f2542012321fa188b7e06260accd3818cc25c189c4da106415f2387f4,1.0,1.0,0.9814814814814815,0.9166666666666666,112,106,100,6,6,2912,1378,4290,4468.75,0.3482142857142857,0.5446428571428571,0.10714285714285714,12,52,48,12,61,39
IMPORTANCE_MATCHED_BUDGET,99,RANDOM_COPY,0.05,574807d0bdf848ca5c8ab7bceca1f41babb1d589edd114a6fa11eec5d1138619,RANDOM_COPY:0.05:99:54,f6ff2a1db109f2c6af93aacca56801aa5f46ed2f38998e5a24d552865b5218d4,114,114,IMPORTANCE_MATCHED_BUDGET_V1_SHA256_ASCENDING,4685ad040f87006d38481f66b27bca8b8864b39b2e7290e5cb43106bdb7da41c,1.0,1.0,0.9814814814814815,0.9166666666666666,114,109,102,5,7,2964,1417,4381,4563.541666666667,0.34210526315789475,0.5526315789473685,0.10526315789473684,12,54,48,12,63,39
IMPORTANCE_MATCHED_BUDGET,100,RANDOM_COPY,0.05,2eac6314f94f5d0c84d65e6f2853e50b6046eee145b0e48ed484df1ffdb0c611,RANDOM_COPY:0.05:100:54,d09d6be272534697d16306605ebafb0e0a3912204bbd99babdfd9807c9a5cd49,112,112,IMPORTANCE_MATCHED_BUDGET_V1_SHA256_ASCENDING,7ba1f73f2542012321fa188b7e06260accd3818cc25c189c4da106415f2387f4,1.0,1.0,1.0,1.0,112,111,107,1,4,2912,1443,4355,4536.458333333333,0.3482142857142857,0.5446428571428571,0.10714285714285714,12,52,48,12,61,39
IMPORTANCE_MATCHED_BUDGET,101,RANDOM_COPY,0.05,19bb4e77673595b7177ee57ca45bf263faff014c183babe0c8a178141546073d,RANDOM_COPY:0.05:101:54,0d7c9991aada58438987459cb460c79fafb8e19ed0a2c3c2d8400ede9144ad10,121,121,IMPORTANCE_MATCHED_BUDGET_V1_SHA256_ASCENDING,1c6aa5740f31f6df95f5d9aa3165dc510fbfa06c1d10a2ffd166d515d7d89433,1.0,1.0,1.0,1.0,121,116,108,5,8,3146,1508,4654,4847.916666666666,0.32231404958677684,0.5785123966942148,0.09917355371900827,12,61,48,12,70,39
IMPORTANCE_MATCHED_BUDGET,102,RANDOM_COPY,0.05,1f9fc7c38e0430ad559b5e7a416a7905cc043b6a17c92d7e615ef10a0af4611b,RANDOM_COPY:0.05:102:54,bafe8bb0eb7e0f5487e515e54f3bfafaa72eaf927dce12b0fe1e55981bb98978,119,119,IMPORTANCE_MATCHED_BUDGET_V1_SHA256_ASCENDING,9d15415c82c97776a78f10caaa8498921e8b8dbfeffada5b6708ab42bb9b4947,1.0,1.0,0.9814814814814815,0.9166666666666666,119,112,105,7,7,3094,1456,4550,4739.583333333333,0.3277310924369748,0.5714285714285714,0.10084033613445378,12,59,48,12,68,39
IMPORTANCE_MATCHED_BUDGET,103,RANDOM_COPY,0.05,14b66f2b14edb57ea7ae60bda14bc957b1db1ee1da999be761eae18fd2e514ce,RANDOM_COPY:0.05:103:54,b8a2cd3fb194e2ded6e416124a74902e33c997489a8807a0f3801a425d78eb3a,112,112,IMPORTANCE_MATCHED_BUDGET_V1_SHA256_ASCENDING,7ba1f73f2542012321fa188b7e06260accd3818cc25c189c4da106415f2387f4,1.0,1.0,1.0,1.0,112,108,104,4,4,2912,1404,4316,4495.833333333334,0.3482142857142857,0.5446428571428571,0.10714285714285714,12,52,48,12,61,39
IMPORTANCE_MATCHED_BUDGET,104,RANDOM_COPY,0.05,a30a24ccc7aec26fa64384ea6adbd60d05db39f01a44254ea05582ddd4928854,RANDOM_COPY:0.05:104:54,49d39a4570f9a3f0b91df13fd9a421952048a77aaa876a1936263ba9a7da8865,118,118,IMPORTANCE_MATCHED_BUDGET_V1_SHA256_ASCENDING,f81d5d9dcd90bf3a8fd8868e12af1302919099d8f346f49987e3733ea05740bc,1.0,1.0,1.0,1.0,118,114,107,4,7,3068,1482,4550,4739.583333333333,0.3305084745762712,0.5677966101694916,0.1016949152542373,12,58,48,12,67,39
IMPORTANCE_MATCHED_BUDGET,105,RANDOM_COPY,0.05,bb5efa1732957ab807c041cbe4f0b558279a08bc12a17ddc65d4699e081c651c,RANDOM_COPY:0.05:105:54,26e1b18b112436cb27d3f9548bd6ffa9f9acd9e07f15db3034510ebd6e0ee42f,112,112,IMPORTANCE_MATCHED_BUDGET_V1_SHA256_ASCENDING,7ba1f73f2542012321fa188b7e06260accd3818cc25c189c4da106415f2387f4,1.0,1.0,1.0,1.0,112,112,108,0,4,2912,1456,4368,4550.0,0.3482142857142857,0.5446428571428571,0.10714285714285714,12,52,48,12,61,39
IMPORTANCE_MATCHED_BUDGET,106,RANDOM_COPY,0.05,34649d18b8f4ce0b5694742e0454c5de280b6ff21be4d37750b772135840b113,RANDOM_COPY:0.05:106:54,71d7c3686133fb2036d0825fa4dd4980dffd38d8f2deeb8a54317a52e290e7d1,128,128,IMPORTANCE_MATCHED_BUDGET_V1_SHA256_ASCENDING,8b7e2d5148499792ed6ab3d48ba4e4d71023d178e599a7b0452875bbbcee495f,1.0,1.0,0.9629629629629629,0.8333333333333334,128,122,117,6,5,3328,1586,4914,5118.75,0.3046875,0.6015625,0.09375,12,68,48,12,77,39
IMPORTANCE_MATCHED_BUDGET,107,RANDOM_COPY,0.05,e38844439e5537572ad161421f6ffa33a90a9b4abef40603c83ab19ba9ae7287,RANDOM_COPY:0.05:107:54,b56b421edadcf740cb70d527ebc387490071edc018b9bc4b80c67de216b5d8be,115,115,IMPORTANCE_MATCHED_BUDGET_V1_SHA256_ASCENDING,65b4f41d9b886ea03af19df05d15d163d7e8ce3c84d89d7a0d335dba5516f2c9,1.0,1.0,1.0,1.0,115,109,105,6,4,2990,1417,4407,4590.625,0.3391304347826087,0.5565217391304348,0.10434782608695652,12,55,48,12,64,39
IMPORTANCE_MATCHED_BUDGET,108,RANDOM_COPY,0.05,971438e41b339083e173e0e1872005c5d73e1d3752d9eb3659835da65be6c647,RANDOM_COPY:0.05:108:54,7023bebe3f5ff9d3319e536a727e9540d4ac9e0d46627685fc61a776c6562490,115,115,IMPORTANCE_MATCHED_BUDGET_V1_SHA256_ASCENDING,720f154f33b222b18f9309b369a30348b5202ff0f52872d50d8b6a025ace20e7,1.0,1.0,0.9814814814814815,0.9166666666666666,115,109,105,6,4,2990,1417,4407,4590.625,0.3391304347826087,0.5565217391304348,0.10434782608695652,12,55,48,12,64,39
IMPORTANCE_MATCHED_BUDGET,109,RANDOM_COPY,0.05,eb1bcb649f69adce8aef8dd4966648593bb6197bae290d9c22824021e7c5a2e5,RANDOM_COPY:0.05:109:54,7f2031721420804985e6690bde7b087666b5fbebc72fa5243f65d2a8a06b72ab,123,123,IMPORTANCE_MATCHED_BUDGET_V1_SHA256_ASCENDING,11be998941bd554207546f90ac56e57944faa937be90bd4830999b7800866f8b,1.0,1.0,0.9629629629629629,0.8333333333333334,123,115,110,8,5,3198,1495,4693,4888.541666666667,0.3170731707317073,0.5853658536585366,0.0975609756097561,12,63,48,12,72,39
IMPORTANCE_MATCHED_BUDGET,110,RANDOM_COPY,0.05,91abbdfc797279b817c85e6f0141ad9c7ef8eca8f5a3046f5fba4e3104bb3d9c,RANDOM_COPY:0.05:110:54,cf3fd5e70359c01922b9b028a98cce8faeb38f936f2d81eddce0b7a58a6449c5,113,113,IMPORTANCE_MATCHED_BUDGET_V1_SHA256_ASCENDING,25f51fed7511d9dc28fff4931145e455944568ab9466b36041d9abba1fea89d2,1.0,1.0,0.9629629629629629,0.8333333333333334,113,105,100,8,5,2938,1365,4303,4482.291666666667,0.34513274336283184,0.5486725663716814,0.10619469026548672,12,53,48,12,62,39
IMPORTANCE_MATCHED_BUDGET,111,RANDOM_COPY,0.05,d661f28922b74477cd2aaa20f1cf9de9dd1e6d1ece391e9a9b0f811b4432c87d,RANDOM_COPY:0.05:111:54,83b4b11bfb8992fb4364c9491d8c5b85f5811fd45d6a89d48062b763acbdd87d,117,117,IMPORTANCE_MATCHED_BUDGET_V1_SHA256_ASCENDING,ff0ab5df727cb5eef5f05ac9d437bcb0eb8a16d6d36ca9553cd4fb164f707f75,1.0,1.0,1.0,1.0,117,110,98,7,12,3042,1430,4472,4658.333333333333,0.3333333333333333,0.5641025641025641,0.10256410256410256,12,57,48,12,66,39
IMPORTANCE_MATCHED_BUDGET,112,RANDOM_COPY,0.05,a50011441f4b624cd18e8460cef6d9392af971f5e6e0cfaf4bdf838df5181302,RANDOM_COPY:0.05:112:54,a80cbc85369539017f6eae309351555975697ba56b5ae1885854352d6acff8b3,124,124,IMPORTANCE_MATCHED_BUDGET_V1_SHA256_ASCENDING,d4e15d950b176ce9d449c389e2a8f892e83ba5a06e529130527909941c35d317,1.0,1.0,0.9629629629629629,0.8333333333333334,124,113,107,11,6,3224,1469,4693,4888.541666666667,0.31451612903225806,0.5887096774193549,0.0967741935483871,12,64,48,12,73,39
IMPORTANCE_MATCHED_BUDGET,113,RANDOM_COPY,0.05,8d9a4abb49b0e310e50fe5f50cce879dbcd1173b84576085e3c84c93333b706f,RANDOM_COPY:0.05:113:54,8cb563241aff21e1cc883fe4fa6930efeb27c054f4fa5fd2f51cdc8d85a1e26e,118,118,IMPORTANCE_MATCHED_BUDGET_V1_SHA256_ASCENDING,7b3c2c29d668904b499401f4f634d673470c0c827d23f7de4ba30817c85e5e34,1.0,1.0,0.9814814814814815,0.9166666666666666,118,107,101,11,6,3068,1391,4459,4644.791666666666,0.3305084745762712,0.5677966101694916,0.1016949152542373,12,58,48,12,67,39
IMPORTANCE_MATCHED_BUDGET,114,RANDOM_COPY,0.05,f29e14e965964064ef306f3c5038a5f4a73a38051f15808f8f1327a5c1b981c8,RANDOM_COPY:0.05:114:54,f43b2d9a191d66e9111c07001d55054656b155e51f0cd585ef408ae302523525,116,116,IMPORTANCE_MATCHED_BUDGET_V1_SHA256_ASCENDING,7ed0a7783369ccdd4f96044381ccc57093d7da61788da88ac5417b9e607c4790,1.0,1.0,1.0,1.0,116,109,103,7,6,3016,1417,4433,4617.708333333334,0.33620689655172414,0.5603448275862069,0.10344827586206896,12,56,48,12,65,39
IMPORTANCE_MATCHED_BUDGET,115,RANDOM_COPY,0.05,d55619e45325ca3b418127600e4a7fec1c0dda4127afb22834aaa75b8adaf6c6,RANDOM_COPY:0.05:115:54,72cb6866a9dcebdea86b2a73c2947fe913596af8d5c6a535066394f4b752fd16,121,121,IMPORTANCE_MATCHED_BUDGET_V1_SHA256_ASCENDING,48594debeb6789899ba6e5de7330ee34ae42c201014f8a684a0f3d79073a413f,1.0,1.0,0.9444444444444444,0.75,121,114,110,7,4,3146,1482,4628,4820.833333333334,0.32231404958677684,0.5785123966942148,0.09917355371900827,12,61,48,12,70,39
IMPORTANCE_MATCHED_BUDGET,116,RANDOM_COPY,0.05,cba85ab730b3e3fc277eab306bccb783d2551fc7eb56349d724104a11e4bb162,RANDOM_COPY:0.05:116:54,898a1b2b91c2d11f4b7284e02bc53b64558bb7a6607ec1169f119b4c1fc7c417,113,113,IMPORTANCE_MATCHED_BUDGET_V1_SHA256_ASCENDING,7ac8849081ccfbc119cb88dad2eb382a126d13b5b44bd54971f7f3388199d6ce,1.0,1.0,0.9814814814814815,0.9166666666666666,113,107,100,6,7,2938,1391,4329,4509.375,0.34513274336283184,0.5486725663716814,0.10619469026548672,12,53,48,12,62,39
IMPORTANCE_MATCHED_BUDGET,117,RANDOM_COPY,0.05,1c09a90254b8f746102434574193b5853713b10779ae59c4dc9fccc59fda5631,RANDOM_COPY:0.05:117:54,99be0bb7cff69d4157d2e475188e114d65fd74ff225acc1d38aea9d4e268f882,117,117,IMPORTANCE_MATCHED_BUDGET_V1_SHA256_ASCENDING,0ea9f5157970e3c7d267c7e55baaaca5e217912fe4bd1697541dc89bd3d37b24,1.0,1.0,0.9814814814814815,0.9166666666666666,117,110,105,7,5,3042,1430,4472,4658.333333333333,0.3333333333333333,0.5641025641025641,0.10256410256410256,12,57,48,12,66,39
IMPORTANCE_MATCHED_BUDGET,118,RANDOM_COPY,0.05,1b1315749101f110f22c8607a0ba7d624bf4a5a2e47ab9f90b925c589b0a7b42,RANDOM_COPY:0.05:118:54,a598a63a7bef3c885e7486069b720a5175904b85c7b93e3f06905cc78b6d1dda,115,115,IMPORTANCE_MATCHED_BUDGET_V1_SHA256_ASCENDING,3aabdc66dd5b38b7dc339633bb8d381d372bcb037d1f3f778ef21464eabc811f,1.0,0.9655172413793104,0.9444444444444444,0.8333333333333334,115,107,103,8,4,2990,1391,4381,4563.541666666667,0.3391304347826087,0.5565217391304348,0.10434782608695652,12,55,48,12,64,39
IMPORTANCE_MATCHED_BUDGET,119,RANDOM_COPY,0.05,bb0e660903d37d4a1d693ca6233b19aa9ddabd73aeebd1824d90176ee9461985,RANDOM_COPY:0.05:119:54,21328826aa8fce1e1307f64a08fcd22bd9a439c63969369d58abb3699f4c6194,122,122,IMPORTANCE_MATCHED_BUDGET_V1_SHA256_ASCENDING,ee62287af14b3c90f02999d60807141c9fe40d76c18ee0b711a4f268b197eae7,1.0,1.0,0.9629629629629629,0.8333333333333334,122,115,111,7,4,3172,1495,4667,4861.458333333333,0.319672131147541,0.5819672131147541,0.09836065573770492,12,62,48,12,71,39
IMPORTANCE_MATCHED_BUDGET,120,RANDOM_COPY,0.05,3b95b32ddfbe7d850a599109a02dfb1b69f33aacde61cc29729ec290aebb2fdf,RANDOM_COPY:0.05:120:54,b171b5517c26f1e14d5658dab252b88832169ef649684e67b95124b5fe62c901,126,126,IMPORTANCE_MATCHED_BUDGET_V1_SHA256_ASCENDING,a5e84b8c91f02e317b50fc6ba52cb31f60740e4b0cd0238141bc42fd4efb4957,1.0,1.0,0.9444444444444444,0.75,126,117,110,9,7,3276,1521,4797,4996.875,0.30952380952380953,0.5952380952380952,0.09523809523809523,12,66,48,12,75,39
IMPORTANCE_MATCHED_BUDGET,121,RANDOM_COPY,0.05,aba1df268a7c7cf48399c03e9852dd81eaa562442005375cee95c6729c48dd52,RANDOM_COPY:0.05:121:54,116d47a886badd1c698b553dc64457c2adfe0686c0f3a43fe7bfa2e133822093,112,112,IMPORTANCE_MATCHED_BUDGET_V1_SHA256_ASCENDING,7ba1f73f2542012321fa188b7e06260accd3818cc25c189c4da106415f2387f4,1.0,1.0,1.0,1.0,112,105,100,7,5,2912,1365,4277,4455.208333333333,0.3482142857142857,0.5446428571428571,0.10714285714285714,12,52,48,12,61,39
IMPORTANCE_MATCHED_BUDGET,122,RANDOM_COPY,0.05,0a8f52e0c805a30877639eca524e54fdd24ae531739ce977b29665a658fd6ffe,RANDOM_COPY:0.05:122:54,39974991dd8f2eca1c0286124c22bb1d96679762ac58a2ecfdf76297b0fd736e,115,115,IMPORTANCE_MATCHED_BUDGET_V1_SHA256_ASCENDING,d1ad903cee958709841e6b0bcd96c92560f4c5c2ac1761631d2f6b1ade446a76,1.0,1.0,0.9629629629629629,0.8333333333333334,115,110,104,5,6,2990,1430,4420,4604.166666666667,0.3391304347826087,0.5565217391304348,0.10434782608695652,12,55,48,12,64,39
IMPORTANCE_MATCHED_BUDGET,123,RANDOM_COPY,0.05,589d020230962085cc0f48fe27022adc1ec4c2006eaaa718bf8d51da24462631,RANDOM_COPY:0.05:123:54,f89c58d94cb093c6f205ca0eb950a333eb62e483d0b11408211b47040805c05f,112,112,IMPORTANCE_MATCHED_BUDGET_V1_SHA256_ASCENDING,7ba1f73f2542012321fa188b7e06260accd3818cc25c189c4da106415f2387f4,1.0,1.0,1.0,1.0,112,107,100,5,7,2912,1391,4303,4482.291666666667,0.3482142857142857,0.5446428571428571,0.10714285714285714,12,52,48,12,61,39
IMPORTANCE_MATCHED_BUDGET,124,RANDOM_COPY,0.05,b62843363f93fed77b482cb6dcb53522a1044400c139247ea17e86915a1e01d4,RANDOM_COPY:0.05:124:54,e41e64fd4526b301281edcabd24fae0615dc34739b0d0f3b9b61e7b824bb1160,117,117,IMPORTANCE_MATCHED_BUDGET_V1_SHA256_ASCENDING,181c83d2231da46909d1faa5b1a527d84a2b37c4ff8c1b42795f1374aad4ebb9,1.0,1.0,0.9629629629629629,0.8333333333333334,117,106,102,11,4,3042,1378,4420,4604.166666666667,0.3333333333333333,0.5641025641025641,0.10256410256410256,12,57,48,12,66,39
IMPORTANCE_MATCHED_BUDGET,125,RANDOM_COPY,0.05,bcc6f7f6901f99e9a05603a1a40887b24fb897942a01f664afcb3459da7ca348,RANDOM_COPY:0.05:125:54,913da73d584b0ce183f3a23a77eba836678c79ddde5bb641fd7e9ab4a16435dc,123,123,IMPORTANCE_MATCHED_BUDGET_V1_SHA256_ASCENDING,6f8e57df285e3e135124b058845b4b426a195100e6065e72bd21f2ce931c2a43,1.0,1.0,0.9814814814814815,0.9166666666666666,123,117,105,6,12,3198,1521,4719,4915.625,0.3170731707317073,0.5853658536585366,0.0975609756097561,12,63,48,12,72,39
IMPORTANCE_MATCHED_BUDGET,126,RANDOM_COPY,0.05,af2e55053f11bfb40fba4385fb92957e17d137009dcebbf92ec207f5d089e25a,RANDOM_COPY:0.05:126:54,bf69b0939dce384461b6605b8cfa76e67326c33f40df9dfb034d4032379b61df,112,112,IMPORTANCE_MATCHED_BUDGET_V1_SHA256_ASCENDING,7ba1f73f2542012321fa188b7e06260accd3818cc25c189c4da106415f2387f4,1.0,1.0,1.0,1.0,112,109,106,3,3,2912,1417,4329,4509.375,0.3482142857142857,0.5446428571428571,0.10714285714285714,12,52,48,12,61,39
IMPORTANCE_MATCHED_BUDGET,127,RANDOM_COPY,0.05,65c83068ae3ae0aa13476c25fd6b1ba2658993c1b0cfffe6a16d395a3a618dda,RANDOM_COPY:0.05:127:54,fe534b2fbf1ccd368ced12264593d139a137a99d07fe55f97e9e52dd1aa0461d,118,118,IMPORTANCE_MATCHED_BUDGET_V1_SHA256_ASCENDING,e6f00e5ee6ed9cbe5c6ca3b6de0522ccdaf9ea3e3300985b6ac8ce7fc0b64317,1.0,1.0,0.9814814814814815,0.9166666666666666,118,110,108,8,2,3068,1430,4498,4685.416666666667,0.3305084745762712,0.5677966101694916,0.1016949152542373,12,58,48,12,67,39
IMPORTANCE_MATCHED_BUDGET,128,RANDOM_COPY,0.05,fbc95a580f3711e0198d472dd2a4b2e773ed5d69fff47d47725f440b5fadb6e8,RANDOM_COPY:0.05:128:54,f24035cd99eca8e96ebe56d8e8ef7b9ea54127d1b677d37b5aff0bf2ec57a6b6,118,118,IMPORTANCE_MATCHED_BUDGET_V1_SHA256_ASCENDING,aad20cbf24710564c516fcf1bb11c21d8c90333e383e9ba75a55fde6b5be6d44,1.0,1.0,1.0,1.0,118,115,107,3,8,3068,1495,4563,4753.125,0.3305084745762712,0.5677966101694916,0.1016949152542373,12,58,48,12,67,39
IMPORTANCE_MATCHED_BUDGET,129,RANDOM_COPY,0.05,27991da4783c6b9f9f9222e80d1c337bdd75cf47eb641d71b0b17468fd64f7be,RANDOM_COPY:0.05:129:54,ecc1729ba9dfce2a69acd7ee024d4890389835c94ddd5fbdf227d30e815ce1f8,117,117,IMPORTANCE_MATCHED_BUDGET_V1_SHA256_ASCENDING,d193fe90dac24ef2d6b4af1a809226abf1dadaa1b6aca8831cef83d6a5ce5cbd,1.0,1.0,1.0,1.0,117,111,101,6,10,3042,1443,4485,4671.875,0.3333333333333333,0.5641025641025641,0.10256410256410256,12,57,48,12,66,39
IMPORTANCE_MATCHED_BUDGET,130,RANDOM_COPY,0.05,9bd39ae110f78a334bc3e8a559950809ece52d4b4fec28fe8a1d24ffd9421ac5,RANDOM_COPY:0.05:130:54,2c84074680df047be7aae99ca9376a85167bf6c93f73dc517345d5fe8bd7734f,125,125,IMPORTANCE_MATCHED_BUDGET_V1_SHA256_ASCENDING,017ff7ea0565f8504e7e0a4fa4186fcc3b7d0442fee7e5be67c8e9d0c84e05c9,1.0,1.0,0.9814814814814815,0.9166666666666666,125,113,108,12,5,3250,1469,4719,4915.625,0.312,0.592,0.096,12,65,48,12,74,39
IMPORTANCE_MATCHED_BUDGET,31,RANDOM_COPY,0.1,73d9ff14aa406239cc54fc6052f86d6589142d00af93eae773d64a41cfd38901,RANDOM_COPY:0.1:31:54,111589961bbae3119d328072110151a249bd8f74f01397e6b5d1289eb6800d48,120,120,IMPORTANCE_MATCHED_BUDGET_V1_SHA256_ASCENDING,048b4b0387a75ba3fd49fe8e1cbc83ee091d3dfff20a73c3d6272c646282233a,1.0,0.9655172413793104,0.9814814814814815,1.0,120,104,94,16,10,3120,1352,4472,4658.333333333333,0.325,0.575,0.1,12,60,48,12,69,39
IMPORTANCE_MATCHED_BUDGET,32,RANDOM_COPY,0.1,6119e7089b0af0e9dd68c482fb71ece1f09122f81807a2ccc71010aa4cade86f,RANDOM_COPY:0.1:32:54,82706c4139c7aab3219d5e0a36b6a2a1966332dc469065a0320efdc0c4401d89,146,146,IMPORTANCE_MATCHED_BUDGET_V1_SHA256_ASCENDING,f4b9a383705c8fa03da6d4ffda9c71ed0e7901f96cff1b9bd62867a74e3baa11,1.0,1.0,1.0,1.0,146,128,115,18,13,3796,1664,5460,5687.5,0.2671232876712329,0.5958904109589042,0.136986301369863,20,78,48,20,87,39
IMPORTANCE_MATCHED_BUDGET,33,RANDOM_COPY,0.1,81de3b48689a54bac849bcf0dbe81e7c12b28d260f7a3f4dd8110beec101cfbb,RANDOM_COPY:0.1:33:54,031b7fe5a760625463596586bab799aead0513e32b96c76c201d5d1867a7f424,139,139,IMPORTANCE_MATCHED_BUDGET_V1_SHA256_ASCENDING,8c4bf2559764bc7e65a3635534936f3691e5d6141eca54b129b4281680cdfafc,1.0,1.0,0.9629629629629629,0.8333333333333334,139,124,108,15,16,3614,1612,5226,5443.75,0.2805755395683453,0.6258992805755396,0.09352517985611511,13,78,48,13,87,39
IMPORTANCE_MATCHED_BUDGET,34,RANDOM_COPY,0.1,3311278d0a1da75c7db630963f14ab90c2d0761099a18366d1464945dddd9c3b,RANDOM_COPY:0.1:34:54,bde7aa9018fbfdf00a90fef6a1c792c3894acd369378c81e798bb78cd8dea615,134,134,IMPORTANCE_MATCHED_BUDGET_V1_SHA256_ASCENDING,de314f11d59e8b074c38cc8bd2d72a3a0ec0d7266449265ecdf3c5ff747621ed,1.0,1.0,0.9629629629629629,0.8333333333333334,134,121,107,13,14,3484,1573,5057,5267.708333333333,0.291044776119403,0.6194029850746269,0.08955223880597014,12,74,48,12,83,39
IMPORTANCE_MATCHED_BUDGET,35,RANDOM_COPY,0.1,f250c5873604ee96db60e34131c830b5e62e5eaacded034746890f6fa0985c21,RANDOM_COPY:0.1:35:54,f60d3bd62036b56a1c3018ab61ceb4711585f96edaea2ee1372ca91867419f9f,127,127,IMPORTANCE_MATCHED_BUDGET_V1_SHA256_ASCENDING,5e81e7372dd4d9e57d7dd9b57b3595e14a922b199ae57be19af55785173ef833,0.9230769230769231,0.9655172413793104,0.9444444444444444,0.9166666666666666,127,103,91,24,12,3302,1339,4641,4834.375,0.30708661417322836,0.5984251968503937,0.09448818897637795,12,67,48,12,76,39
IMPORTANCE_MATCHED_BUDGET,36,RANDOM_COPY,0.1,60ce6e544b21f1e8134e2af61817152ff93a013a5a7898e2614c90c9a9cbb846,RANDOM_COPY:0.1:36:54,54f3a8c9f6a6954916300c94173188051413225d5ca5b5a3a5b149cd75301995,122,122,IMPORTANCE_MATCHED_BUDGET_V1_SHA256_ASCENDING,2474b6d1dc58fdd1e3f212bc26b88910c0ccc9ad4d46bbf424d6bbcbcba4ba06,1.0,1.0,1.0,1.0,122,111,101,11,10,3172,1443,4615,4807.291666666667,0.319672131147541,0.5819672131147541,0.09836065573770492,12,62,48,12,71,39
IMPORTANCE_MATCHED_BUDGET,37,RANDOM_COPY,0.1,f159dbf46962caa6bc856247e0f649a66f15e527ebc710b9b7417e03cd762244,RANDOM_COPY:0.1:37:54,dd63217a135bf3b8bb563c3c3e0c09ee3b9e30c70603edf08387781b1334db62,130,130,IMPORTANCE_MATCHED_BUDGET_V1_SHA256_ASCENDING,baff164b46096f10181f1745074917ec1c3d9229668d4af608e6235c792e56dd,1.0,1.0,0.9629629629629629,0.8333333333333334,130,119,106,11,13,3380,1547,4927,5132.291666666666,0.3,0.6076923076923076,0.09230769230769231,12,70,48,12,79,39
IMPORTANCE_MATCHED_BUDGET,38,RANDOM_COPY,0.1,c5e010f16d66360b7deeea8c3dbaa867bebf739e304ea32fa67954c3b2e97f64,RANDOM_COPY:0.1:38:54,fd95b7d94d3527f45bcfd4c8d936d07e444f8ecf24e0ac2902b80c03b0acb337,124,124,IMPORTANCE_MATCHED_BUDGET_V1_SHA256_ASCENDING,5356407c62a3817478338c90267c36f775914c04f113db0355f2351fa824cc71,1.0,1.0,0.9814814814814815,0.9166666666666666,124,110,97,14,13,3224,1430,4654,4847.916666666666,0.31451612903225806,0.5887096774193549,0.0967741935483871,12,64,48,12,73,39
IMPORTANCE_MATCHED_BUDGET,39,RANDOM_COPY,0.1,51c5feb51f91575a44a4d4424377fe2549ccecf5b0d856676f0db557bc64e833,RANDOM_COPY:0.1:39:54,cc27a3598e66dfec8f1d229a97d487dad8beeedcf4ca4892f54df4f6fa19f6f0,124,124,IMPORTANCE_MATCHED_BUDGET_V1_SHA256_ASCENDING,aa11862f00890965086230c0f9cebf4c347223681936427b3285f5b10ce50dac,1.0,1.0,0.9814814814814815,0.9166666666666666,124,113,107,11,6,3224,1469,4693,4888.541666666667,0.31451612903225806,0.5887096774193549,0.0967741935483871,12,64,48,12,73,39
IMPORTANCE_MATCHED_BUDGET,40,RANDOM_COPY,0.1,4f2d772a48f0466f3317f2a3d1c39bfdf29217e297af7af3ee474d69b90adef1,RANDOM_COPY:0.1:40:54,74fa2972f6c3d7a6aa8122b58d81d5ce54dd8c80eb05ee2af06abfa1d9bc61b3,124,124,IMPORTANCE_MATCHED_BUDGET_V1_SHA256_ASCENDING,48197ec81e1bd4dfbdf66c72d95a1f90064531b5c6c74d52bd1959a349d0fcf2,1.0,0.9655172413793104,0.9259259259259259,0.75,124,109,99,15,10,3224,1417,4641,4834.375,0.31451612903225806,0.5887096774193549,0.0967741935483871,12,64,48,12,73,39
IMPORTANCE_MATCHED_BUDGET,41,RANDOM_COPY,0.1,e6cd8c02f3331b258d96deda8de88913d9f67d741fd44b281758bffd4b22d236,RANDOM_COPY:0.1:41:54,354c95b87e9278e7eaee6b45b18985837e89fea4b433f3c1ca6e0cfea9110e9c,120,120,IMPORTANCE_MATCHED_BUDGET_V1_SHA256_ASCENDING,fd9cd56e7e47815a63257ca694a513023cbf0a665565968458a55a50d732bf9c,1.0,1.0,0.9814814814814815,0.9166666666666666,120,105,96,15,9,3120,1365,4485,4671.875,0.325,0.575,0.1,12,60,48,12,69,39
IMPORTANCE_MATCHED_BUDGET,42,RANDOM_COPY,0.1,4529192cd06c270fe793380af4649b462f4ff40d4266120b6847c82e730bcd7b,RANDOM_COPY:0.1:42:54,01bf427b963baa3b2abb3390ab0f8adef49af003cbeeef6f18628a6d317b28fb,135,135,IMPORTANCE_MATCHED_BUDGET_V1_SHA256_ASCENDING,50c25316ba8c9724fb0ac7d687437461494f15377855b81ed596f6bb99e262fa,1.0,1.0,0.9629629629629629,0.8333333333333334,135,118,102,17,16,3510,1534,5044,5254.166666666666,0.28888888888888886,0.6222222222222222,0.08888888888888889,12,75,48,12,84,39
IMPORTANCE_MATCHED_BUDGET,43,RANDOM_COPY,0.1,236449ba249350dd8c50595fb211c6a373de61cdcba704f44dfe7a369188ac72,RANDOM_COPY:0.1:43:54,75b2c3fb55d2a2d1c490ee371626b9d497074e187601d14017f611c01254a759,123,123,IMPORTANCE_MATCHED_BUDGET_V1_SHA256_ASCENDING,19fe69999eb028872cc14643cb8a7f7529b27c92e0fef7f9da0f0139038ffba1,1.0,1.0,1.0,1.0,123,114,103,9,11,3198,1482,4680,4875.0,0.3170731707317073,0.5853658536585366,0.0975609756097561,12,63,48,12,72,39
IMPORTANCE_MATCHED_BUDGET,44,RANDOM_COPY,0.1,09f3d575b5be45679a9d14896c2fc1363339b7f05b141eefb3ecf3d94191f50c,RANDOM_COPY:0.1:44:54,fc095ef7c13cddd33a69ed1600106f37d8d16c3a2bb49f3525e66dd42d597a59,130,130,IMPORTANCE_MATCHED_BUDGET_V1_SHA256_ASCENDING,41b0af17feaa184989e45930a404b3f915e35aa301f1acc3c6a9cb8f74100030,1.0,1.0,0.9629629629629629,0.8333333333333334,130,121,109,9,12,3380,1573,4953,5159.375,0.3,0.6076923076923076,0.09230769230769231,12,70,48,12,79,39
IMPORTANCE_MATCHED_BUDGET,45,RANDOM_COPY,0.1,48cbaa8d58ab894ebc9fd1dcadd67f73d87ba8bcf5314779a8684a1251803bf9,RANDOM_COPY:0.1:45:54,c113405802c5fe8b895c0b4e05d5862b8b9c2e88b883e9cc1a746d4fb0d1d7ce,120,120,IMPORTANCE_MATCHED_BUDGET_V1_SHA256_ASCENDING,64ffa99199a5faab7ecfa3a55a05fb7edbe35112aed52a027d6283b7c96b8214,1.0,1.0,0.9814814814814815,0.9166666666666666,120,111,102,9,9,3120,1443,4563,4753.125,0.325,0.575,0.1,12,60,48,12,69,39
IMPORTANCE_MATCHED_BUDGET,46,RANDOM_COPY,0.1,1e18a4f187e48c688884c5338497c53c85c83c6b2d2e7e7e589f6eeed1939cc8,RANDOM_COPY:0.1:46:54,3dc9eab8358c6bbffa6d715fc1930a3cd9db8472aa98b08bfb807ac388c03049,124,124,IMPORTANCE_MATCHED_BUDGET_V1_SHA256_ASCENDING,47b712f18d801592c9adb05c4dcd3cdd320d00c68bc0c6b0e7d1c0b7fd2bd896,1.0,1.0,0.9814814814814815,0.9166666666666666,124,113,98,11,15,3224,1469,4693,4888.541666666667,0.31451612903225806,0.5887096774193549,0.0967741935483871,12,64,48,12,73,39
IMPORTANCE_MATCHED_BUDGET,47,RANDOM_COPY,0.1,b9136d0c5b6f6e35050d9198937c6bb31962dbcb04fcf7e1cc4654102f4f1a0e,RANDOM_COPY:0.1:47:54,21bf8cccfcc9031a1318902656c4ae2b363f3f0232313f6915ec7b6b09450908,141,141,IMPORTANCE_MATCHED_BUDGET_V1_SHA256_ASCENDING,21b7311e38d63917bc07c14f2ab246980e8f7040db4cd345a4144ac4933a5db8,1.0,1.0,0.9814814814814815,0.9166666666666666,141,127,111,14,16,3666,1651,5317,5538.541666666666,0.2765957446808511,0.6170212765957447,0.10638297872340426,15,78,48,15,87,39
IMPORTANCE_MATCHED_BUDGET,48,RANDOM_COPY,0.1,37207e5917ddae4ebbb1aa053dee9168acd0287668097e99f1c0c2e7804e9c18,RANDOM_COPY:0.1:48:54,5c02e3582134b43e9f8a957e210c0e4ae20a4f34f97075a60907dfeb7ce9833a,118,118,IMPORTANCE_MATCHED_BUDGET_V1_SHA256_ASCENDING,96385382de96cbfc7528b2af387a5fe0e582933cf53928730433a55db8f475f3,1.0,1.0,0.9629629629629629,0.8333333333333334,118,106,94,12,12,3068,1378,4446,4631.25,0.3305084745762712,0.5677966101694916,0.1016949152542373,12,58,48,12,67,39
IMPORTANCE_MATCHED_BUDGET,49,RANDOM_COPY,0.1,3f51b9829e76334604c6e214aca57fd7b2135b7273fd421c14cf37c2e25a4dd3,RANDOM_COPY:0.1:49:54,20d7e3a5b8c2502d40386bae2e6d110f7fe506b8a7c3169b230114561bbbd963,123,123,IMPORTANCE_MATCHED_BUDGET_V1_SHA256_ASCENDING,e1971eef4e96c8ea3e550f91273dc5b25b588c797ab1e37820a218a8163775e1,1.0,1.0,0.9629629629629629,0.8333333333333334,123,115,102,8,13,3198,1495,4693,4888.541666666667,0.3170731707317073,0.5853658536585366,0.0975609756097561,12,63,48,12,72,39
IMPORTANCE_MATCHED_BUDGET,50,RANDOM_COPY,0.1,5775e99ef6f4e193f38db7d0d0cf63e6dbc02a2ea1253e3fc0cdf18ef463b487,RANDOM_COPY:0.1:50:54,53552b0ba8a3eb83061fbe54251f6717ae316358e3a0d432c376f1756066b1b0,126,126,IMPORTANCE_MATCHED_BUDGET_V1_SHA256_ASCENDING,3c90547e8d043c81e27a9849649df06cafe3fee08f26940900f264bc3e9cbe8d,1.0,1.0,0.9629629629629629,0.8333333333333334,126,110,100,16,10,3276,1430,4706,4902.083333333334,0.30952380952380953,0.5952380952380952,0.09523809523809523,12,66,48,12,75,39
IMPORTANCE_MATCHED_BUDGET,51,RANDOM_COPY,0.1,0b7d6bf414e729ce46ea354fb821e839b55bbb89b53570a80eec1df3c17d575a,RANDOM_COPY:0.1:51:54,cc87734c765656ca4e3dd5a46f59141597319da9e2a3fe5f4554a6db2ae5f961,131,131,IMPORTANCE_MATCHED_BUDGET_V1_SHA256_ASCENDING,209a11372d43be3d7e072b0ebe1674876ee24930da20e3e8dab26a891cab429b,1.0,1.0,0.9814814814814815,0.9166666666666666,131,115,106,16,9,3406,1495,4901,5105.208333333334,0.29770992366412213,0.6106870229007634,0.0916030534351145,12,71,48,12,80,39
IMPORTANCE_MATCHED_BUDGET,52,RANDOM_COPY,0.1,3acbc5808db6370eec7f9f93ddd0c17095cbcca95fff7ad9e5a2971892b54c24,RANDOM_COPY:0.1:52:54,af0b781214ef1ec210282b2bf428d2ef1028f24fb2b0780797ad9f414b443513,131,131,IMPORTANCE_MATCHED_BUDGET_V1_SHA256_ASCENDING,d67a4a5fd1642d86f5ea395e936abc3c870143ce7b66cae109e520a4f7517953,1.0,1.0,0.9444444444444444,0.75,131,112,101,19,11,3406,1456,4862,5064.583333333333,0.29770992366412213,0.6106870229007634,0.0916030534351145,12,71,48,12,80,39
IMPORTANCE_MATCHED_BUDGET,53,RANDOM_COPY,0.1,3e742f49e26551b32b3e4cfee72a8b1a397d953f44b4c21bd4a3beade216c9ed,RANDOM_COPY:0.1:53:54,32e7e0f46cde8601e179f2f41a8f017650de8cd8cf5a0ee049b958962977e8a8,122,122,IMPORTANCE_MATCHED_BUDGET_V1_SHA256_ASCENDING,6437d575c0229196ac4f454e3145dcc8563cd77e62c0b63f721c93c088794d3a,1.0,1.0,1.0,1.0,122,111,103,11,8,3172,1443,4615,4807.291666666667,0.319672131147541,0.5819672131147541,0.09836065573770492,12,62,48,12,71,39
IMPORTANCE_MATCHED_BUDGET,54,RANDOM_COPY,0.1,8d997c6008ed844018d029cc8b30b9e54faa7ad6779958f4a10af07f53a1fd8a,RANDOM_COPY:0.1:54:54,5afa0dcc4ad63124943e45dffb9cbe475d04577fba39953a959f6992258958d1,121,121,IMPORTANCE_MATCHED_BUDGET_V1_SHA256_ASCENDING,77c1d8c87477cf6749c4c82d750ce3095c6aabab4744018c4fd5bf679165ae1c,1.0,1.0,1.0,1.0,121,110,94,11,16,3146,1430,4576,4766.666666666667,0.32231404958677684,0.5785123966942148,0.09917355371900827,12,61,48,12,70,39
IMPORTANCE_MATCHED_BUDGET,55,RANDOM_COPY,0.1,9a389bb940b3a109f59b48f26c84f05a9b08dab7fc6527f41590f20d4537f247,RANDOM_COPY:0.1:55:54,a23ca2c2dfcd1d831c4e832b04b7a455646dab4fefd4cc562b91469449137e17,136,136,IMPORTANCE_MATCHED_BUDGET_V1_SHA256_ASCENDING,76b8cb7f290a71e00794fcb8dd3b9d65d78c2b4ffbaac15da5af429682b6b412,1.0,1.0,1.0,1.0,136,123,110,13,13,3536,1599,5135,5348.958333333333,0.2867647058823529,0.625,0.08823529411764706,12,76,48,12,85,39
IMPORTANCE_MATCHED_BUDGET,56,RANDOM_COPY,0.1,cc4ee46b3195a07bf1d7019ff92ff7351b7ad6bcb61bc5ba00f4a1149939fa10,RANDOM_COPY:0.1:56:54,460e77545b2ebe1e8627fbee1fc806861c1b7d64cd98d90b4f14868442d4a4c0,129,129,IMPORTANCE_MATCHED_BUDGET_V1_SHA256_ASCENDING,6167a093843dc228704a323f30c010b9fbb3f54321746745b3594da5c7d1434c,1.0,1.0,0.9629629629629629,0.8333333333333334,129,115,101,14,14,3354,1495,4849,5051.041666666666,0.3023255813953488,0.6046511627906976,0.09302325581395349,12,69,48,12,78,39
IMPORTANCE_MATCHED_BUDGET,57,RANDOM_COPY,0.1,c4953acd4bff8aa7e38e17aedddf54b4f2076f77112d871697c31f7099448c56,RANDOM_COPY:0.1:57:54,fc5c7e4bf0f928b378f6ed47426d08295913250b5332253037301a529a7e9158,139,139,IMPORTANCE_MATCHED_BUDGET_V1_SHA256_ASCENDING,d521d64da171991977e79a70275f47d37bc1664e1755364ec67381448efc6b71,1.0,1.0,0.9444444444444444,0.75,139,130,115,9,15,3614,1690,5304,5525.0,0.2805755395683453,0.6258992805755396,0.09352517985611511,13,78,48,13,87,39
IMPORTANCE_MATCHED_BUDGET,58,RANDOM_COPY,0.1,40e3c8ccdf11bea273c67c481c0a721fee465cf0e131f4282107dc49559ff410,RANDOM_COPY:0.1:58:54,40c83b17700651bb3bbb46aab6b349155707efcab5615527d3490a898f42eb89,117,117,IMPORTANCE_MATCHED_BUDGET_V1_SHA256_ASCENDING,3ef56c05326f6c7e4d13ca8352e20beb274715381d127dfc9bd4bed9bf6ffbb3,1.0,1.0,0.9629629629629629,0.8333333333333334,117,105,98,12,7,3042,1365,4407,4590.625,0.3333333333333333,0.5641025641025641,0.10256410256410256,12,57,48,12,66,39
IMPORTANCE_MATCHED_BUDGET,59,RANDOM_COPY,0.1,d9fcd7cca570ac4fadcad587ee4db6b68d120230ae32c0e844c0825b05597246,RANDOM_COPY:0.1:59:54,44a1ce6189b6978959fcb3e1b5094702f1523a144b7c4b965693e59497c62b1c,123,123,IMPORTANCE_MATCHED_BUDGET_V1_SHA256_ASCENDING,db80d3862c75a10501a12b69ee6414101fc37c5042d1c4caa559df5db7942bfe,1.0,1.0,0.9444444444444444,0.75,123,111,102,12,9,3198,1443,4641,4834.375,0.3170731707317073,0.5853658536585366,0.0975609756097561,12,63,48,12,72,39
IMPORTANCE_MATCHED_BUDGET,60,RANDOM_COPY,0.1,098bf99f32c0f711f965b8aed61f1c2684c9bff2908677244e50ef39a6cecbb8,RANDOM_COPY:0.1:60:54,9b5c0e88fa3cc1b5118b056969e2b7a834efa96f80461926e0f32de0a84e441d,129,129,IMPORTANCE_MATCHED_BUDGET_V1_SHA256_ASCENDING,680968ed9f9ba941ee4a7f3a0e8df640ac01cb83cc1b80194b0f13d5ff7572ac,0.9230769230769231,1.0,0.9444444444444444,0.8333333333333334,129,111,100,18,11,3354,1443,4797,4996.875,0.3023255813953488,0.6046511627906976,0.09302325581395349,12,69,48,12,78,39
IMPORTANCE_MATCHED_BUDGET,61,RANDOM_COPY,0.1,cf84f96fa655d68fea4cdeddfe9b1065d95110760501f563d4e60d8ffde9a2d3,RANDOM_COPY:0.1:61:54,c8f6e25be6255ed3b11f55fd7918b2f9b00df9af56c18e353c98f1f3631c7449,133,133,IMPORTANCE_MATCHED_BUDGET_V1_SHA256_ASCENDING,63e923659541ef6cf34ec0a690711ceb788673ab2950d217edec5ea910937a0c,1.0,1.0,0.9814814814814815,0.9166666666666666,133,116,102,17,14,3458,1508,4966,5172.916666666667,0.2932330827067669,0.6165413533834586,0.09022556390977443,12,73,48,12,82,39
IMPORTANCE_MATCHED_BUDGET,62,RANDOM_COPY,0.1,d6ce191eddde49a8515b856101cc57bcc28460b1b3bd7ec88f4b957c42501e28,RANDOM_COPY:0.1:62:54,81fe173e498fb3a5608322ed75c64448ab79ec2c27349ce9c240db1ed76a8869,123,123,IMPORTANCE_MATCHED_BUDGET_V1_SHA256_ASCENDING,55a1546a5b6462315692a944e6a8b927e606364ca3a047c74ea515eb275f5c0e,1.0,0.9655172413793104,0.9629629629629629,0.9166666666666666,123,110,92,13,18,3198,1430,4628,4820.833333333334,0.3170731707317073,0.5853658536585366,0.0975609756097561,12,63,48,12,72,39
IMPORTANCE_MATCHED_BUDGET,63,RANDOM_COPY,0.1,dc7f71dcb9bc660fe5891b77a026b24d757bd6a682fee3df50277a1e7b4e3c95,RANDOM_COPY:0.1:63:54,399048fcf4c8a910c418bfc799670302d58ba0ac72c0e72875b95553e6ba3063,121,121,IMPORTANCE_MATCHED_BUDGET_V1_SHA256_ASCENDING,640b199f61135cfa0aac4d78405d912adeffb2e0e760ed658e1e72b1537f8864,1.0,1.0,0.9444444444444444,0.75,121,106,95,15,11,3146,1378,4524,4712.5,0.32231404958677684,0.5785123966942148,0.09917355371900827,12,61,48,12,70,39
IMPORTANCE_MATCHED_BUDGET,64,RANDOM_COPY,0.1,ca7040eb36fef99fd228c901a9459b0ced7f5f0f6ffc36f1634524d315e34210,RANDOM_COPY:0.1:64:54,610102b8479eb63416ea4275673b759363ecfe3931a56ab65d2354039732ada2,128,128,IMPORTANCE_MATCHED_BUDGET_V1_SHA256_ASCENDING,05a375a589a82b9ffbdb4288bd928f7d20e4873ad5a25b7a20a031cc5be150af,1.0,1.0,1.0,1.0,128,111,99,17,12,3328,1443,4771,4969.791666666667,0.3046875,0.6015625,0.09375,12,68,48,12,77,39
IMPORTANCE_MATCHED_BUDGET,65,RANDOM_COPY,0.1,c5696372e28eda944d111d811fcca5ad05e59b3169009a337a147887bf942064,RANDOM_COPY:0.1:65:54,60b7128ded6a90c1c4701fe01730886f588d74b41e573a3ef0b711dc520c66f6,139,139,IMPORTANCE_MATCHED_BUDGET_V1_SHA256_ASCENDING,ae8a9531f7e202e50d15df90ea18eccad5e5e405e7b1deebde26913a98ed9361,1.0,1.0,0.9814814814814815,0.9166666666666666,139,123,112,16,11,3614,1599,5213,5430.208333333334,0.2805755395683453,0.6258992805755396,0.09352517985611511,13,78,48,13,87,39
IMPORTANCE_MATCHED_BUDGET,66,RANDOM_COPY,0.1,b6db333a9c9ee5b5c3a33e25217ecd21db38119ab4996e7f94c72eafd4de4a21,RANDOM_COPY:0.1:66:54,cd7112fc3625e500ec271efce59b3cf46769a55057a89ac6fa1f9ce0f96bd23a,125,125,IMPORTANCE_MATCHED_BUDGET_V1_SHA256_ASCENDING,10cee8850841db5ea368a03c142d12ce4916f0a76c8a5f9afb63da08ee2b286e,1.0,1.0,0.9814814814814815,0.9166666666666666,125,112,102,13,10,3250,1456,4706,4902.083333333334,0.312,0.592,0.096,12,65,48,12,74,39
IMPORTANCE_MATCHED_BUDGET,67,RANDOM_COPY,0.1,9cbc700fce522598dd4101afe27b6cbb4b9a59e84418e8ea3ef95e83d6d5f0ca,RANDOM_COPY:0.1:67:54,5240566351e4edffe75c375a18bba4e8e3d5e23f1fdb7760b570fd25edde9f6c,124,124,IMPORTANCE_MATCHED_BUDGET_V1_SHA256_ASCENDING,9092b79e11d285ac2ba4eb1f4aa1ad8c76e3fcafb7bef787f3ad3187e2169d2c,1.0,1.0,1.0,1.0,124,112,102,12,10,3224,1456,4680,4875.0,0.31451612903225806,0.5887096774193549,0.0967741935483871,12,64,48,12,73,39
IMPORTANCE_MATCHED_BUDGET,68,RANDOM_COPY,0.1,88fabb0364ce1e5891902cf5f319a3fb04a8448209903ab8dd35891948d62fbc,RANDOM_COPY:0.1:68:54,308c58313a246384c6a50da90e0f0891f36be37dc7ceaf6de242511327d7f63e,125,125,IMPORTANCE_MATCHED_BUDGET_V1_SHA256_ASCENDING,ee8e1d9ed0c3c93f02d92ef260f192641719eab829fc9b4cfde0020a3fb4a9cb,1.0,1.0,0.9814814814814815,0.9166666666666666,125,115,98,10,17,3250,1495,4745,4942.708333333333,0.312,0.592,0.096,12,65,48,12,74,39
IMPORTANCE_MATCHED_BUDGET,69,RANDOM_COPY,0.1,27d3f0a3fd57600aa06acb458c34cd01d8342c30de5f50d966c17e2cde00c0a9,RANDOM_COPY:0.1:69:54,fd726ee82e40a5f28e247d3b95aea845cdbc2429b1bd8ec4a790e8e29e8f7e8b,123,123,IMPORTANCE_MATCHED_BUDGET_V1_SHA256_ASCENDING,80a0fe41ae4e2b8069e67da7ac09612c9275d32a943d7d1938b3b3f9d008887b,1.0,1.0,0.9629629629629629,0.8333333333333334,123,115,103,8,12,3198,1495,4693,4888.541666666667,0.3170731707317073,0.5853658536585366,0.0975609756097561,12,63,48,12,72,39
IMPORTANCE_MATCHED_BUDGET,70,RANDOM_COPY,0.1,f3a49e1cdaf8f516d725f287051292e509bb25a3617cf655501e63bc740f3abe,RANDOM_COPY:0.1:70:54,d9b7e5d8fd1a8d9b0684bb78948e0aeb023f4c8f819227264bf2723eaac1a446,126,126,IMPORTANCE_MATCHED_BUDGET_V1_SHA256_ASCENDING,5edb8951c7d7975a001570fbbed4ef4f09fb01c9e87893f20d4439b91481bd31,1.0,1.0,1.0,1.0,126,111,101,15,10,3276,1443,4719,4915.625,0.30952380952380953,0.5952380952380952,0.09523809523809523,12,66,48,12,75,39
IMPORTANCE_MATCHED_BUDGET,71,RANDOM_COPY,0.1,daa94560d3ed19707d0917a93fc3484be768efdacea2e37f31a5e0aceb6bc9f0,RANDOM_COPY:0.1:71:54,63a50dba37d8575e714b6313e2d155991fa04de257c9ed2369204dc094484725,132,132,IMPORTANCE_MATCHED_BUDGET_V1_SHA256_ASCENDING,16b0ed5fbe5e88cc737c7fd2417026b66fa65adb242ffa6bf78a0101792ab7c3,1.0,1.0,0.9629629629629629,0.8333333333333334,132,118,104,14,14,3432,1534,4966,5172.916666666667,0.29545454545454547,0.6136363636363636,0.09090909090909091,12,72,48,12,81,39
IMPORTANCE_MATCHED_BUDGET,72,RANDOM_COPY,0.1,c87611b61bcbcfd491dcab5f7df40a394762999a2d2d205b627eda6932c9f5e6,RANDOM_COPY:0.1:72:54,343ae46c5277246ddbafe260437285fd73402de797aaf5e0f546e63c80872652,118,118,IMPORTANCE_MATCHED_BUDGET_V1_SHA256_ASCENDING,5ef39289ab60343134969246741bb383dd41663a6bdbe7f965ad681f84493bec,1.0,1.0,1.0,1.0,118,110,98,8,12,3068,1430,4498,4685.416666666667,0.3305084745762712,0.5677966101694916,0.1016949152542373,12,58,48,12,67,39
IMPORTANCE_MATCHED_BUDGET,73,RANDOM_COPY,0.1,d2b13b4a87bbdab2e9933b6d7dac2d640a845846c4a1cc169aa3b68c997d62ef,RANDOM_COPY:0.1:73:54,17a741a1bb80e90190fe81dcda4e19ab923bb529a627a4feaeb3f86a85d67495,130,130,IMPORTANCE_MATCHED_BUDGET_V1_SHA256_ASCENDING,a9c8fe18b90fdd1427ba33a16efef607a3b6234a930ce90016d71161f619642c,1.0,1.0,1.0,1.0,130,113,102,17,11,3380,1469,4849,5051.041666666666,0.3,0.6076923076923076,0.09230769230769231,12,70,48,12,79,39
IMPORTANCE_MATCHED_BUDGET,74,RANDOM_COPY,0.1,765a1156611b17d598704e615ad0eec00715e9944b72db5a33e0062e47f14494,RANDOM_COPY:0.1:74:54,583cb16aad50170eb48742b8abc9b94c9147027d312898924fee232eff04bea2,134,134,IMPORTANCE_MATCHED_BUDGET_V1_SHA256_ASCENDING,7ab026547f30db222db1801af5a4927805e10734fe185b2c27b12ce0b4c3cfb9,1.0,1.0,0.9444444444444444,0.75,134,121,107,13,14,3484,1573,5057,5267.708333333333,0.291044776119403,0.6194029850746269,0.08955223880597014,12,74,48,12,83,39
IMPORTANCE_MATCHED_BUDGET,75,RANDOM_COPY,0.1,025e305327943c3c3cd5ae73353c988456796ffee9a1f7f55bc60f3a777006a8,RANDOM_COPY:0.1:75:54,418743083a4284141f7b474a3c8daf33b9dadc780cae03e422e13ac00b4c31c3,115,115,IMPORTANCE_MATCHED_BUDGET_V1_SHA256_ASCENDING,77311457b364d222a9e5d34f659959feee0b65647c0867fbe5c23033fc43d9e9,1.0,1.0,1.0,1.0,115,105,99,10,6,2990,1365,4355,4536.458333333333,0.3391304347826087,0.5565217391304348,0.10434782608695652,12,55,48,12,64,39
IMPORTANCE_MATCHED_BUDGET,76,RANDOM_COPY,0.1,10a0d3b832ef3f12bb9bab286bdf5f06b73929cee9b6a1eb0b57c6dc333b4dbc,RANDOM_COPY:0.1:76:54,cfc9821e7c9d70b9445120fe39f321797f17aa076bfacbf7b7dd44c339fd2867,118,118,IMPORTANCE_MATCHED_BUDGET_V1_SHA256_ASCENDING,ff8df8dbeba3b749631621b279bf70dc97bfa737bb6dda271489d74f67154e3d,1.0,1.0,1.0,1.0,118,110,102,8,8,3068,1430,4498,4685.416666666667,0.3305084745762712,0.5677966101694916,0.1016949152542373,12,58,48,12,67,39
IMPORTANCE_MATCHED_BUDGET,77,RANDOM_COPY,0.1,389abbe3135b398a079c793eb32ce6b0c704d4195986fd54b2e2a9d176107f0c,RANDOM_COPY:0.1:77:54,4c4d9aedaaa3e0b8a551d1690fe4a6cd55d873925fa05879ad9ec53950174bde,125,125,IMPORTANCE_MATCHED_BUDGET_V1_SHA256_ASCENDING,029055a7b7977fafd49e8d398bd6e5a2af384082597d792511ed02d33d3f3281,1.0,1.0,0.9814814814814815,0.9166666666666666,125,109,93,16,16,3250,1417,4667,4861.458333333333,0.312,0.592,0.096,12,65,48,12,74,39
IMPORTANCE_MATCHED_BUDGET,78,RANDOM_COPY,0.1,9bbe1983f865ab60e06edf77f51a61a6046126c35efd435183d8de74d541b455,RANDOM_COPY:0.1:78:54,6a52a6171a35390de8e5cba5a5704cab7e656562d41832634d43caf28d512f61,121,121,IMPORTANCE_MATCHED_BUDGET_V1_SHA256_ASCENDING,28dd0bf6a310dd6772a61adb00c40669ec01ba195faf9be19c56939f6b8ab02a,1.0,1.0,1.0,1.0,121,106,97,15,9,3146,1378,4524,4712.5,0.32231404958677684,0.5785123966942148,0.09917355371900827,12,61,48,12,70,39
IMPORTANCE_MATCHED_BUDGET,79,RANDOM_COPY,0.1,9530cd73487a1b6b88f7e054177f22af409edd63efa2334d5fb5a616bf327e78,RANDOM_COPY:0.1:79:54,2a8da2a32c6984d07dcc4770aa0b714d5b6201f2f03fb1b0dca711ebac4afbac,112,112,IMPORTANCE_MATCHED_BUDGET_V1_SHA256_ASCENDING,7ba1f73f2542012321fa188b7e06260accd3818cc25c189c4da106415f2387f4,1.0,1.0,0.9814814814814815,0.9166666666666666,112,107,102,5,5,2912,1391,4303,4482.291666666667,0.3482142857142857,0.5446428571428571,0.10714285714285714,12,52,48,12,61,39
IMPORTANCE_MATCHED_BUDGET,80,RANDOM_COPY,0.1,174b9e3972cc278e894c9e10db276b31c0b5cd5fdfe74d58188ed8d1556f092f,RANDOM_COPY:0.1:80:54,4cf88f1f70ddd552d6b52fbd0ef05208f15f0d9d8cac8383cd19b29d94be5e2b,118,118,IMPORTANCE_MATCHED_BUDGET_V1_SHA256_ASCENDING,6e9749d78ab2073972eb9c232752f4ffd2b421aa45eade8d599c755e62e34a24,1.0,1.0,1.0,1.0,118,107,101,11,6,3068,1391,4459,4644.791666666666,0.3305084745762712,0.5677966101694916,0.1016949152542373,12,58,48,12,67,39
IMPORTANCE_MATCHED_BUDGET,81,RANDOM_COPY,0.1,1d69f431c4871ac159848f7e121a8d80bff37f533fb3c20eb48f024b12d5aeb0,RANDOM_COPY:0.1:81:54,d32cb1d4544ba18bba8810161f662c9c9c2e88404903ceea8df5edc144d5acb5,122,122,IMPORTANCE_MATCHED_BUDGET_V1_SHA256_ASCENDING,77cd2c92e99889a6a360f100943fd43e5990dcafa7ddd1f35a784e401cb93701,1.0,1.0,0.9814814814814815,0.9166666666666666,122,113,104,9,9,3172,1469,4641,4834.375,0.319672131147541,0.5819672131147541,0.09836065573770492,12,62,48,12,71,39
IMPORTANCE_MATCHED_BUDGET,82,RANDOM_COPY,0.1,57e62d849bedc78fc99bc69665966860245864cc1e3e4e45269848535c069791,RANDOM_COPY:0.1:82:54,4203f85eb46d9fc89b06d7afdbb059a9f136477064d2945053a764ca066ae213,137,137,IMPORTANCE_MATCHED_BUDGET_V1_SHA256_ASCENDING,ecd0be11471f0ae50a9648e8163947a6026cc3bd2fb9dd09b32d9d6363e6ac7d,1.0,1.0,0.9629629629629629,0.8333333333333334,137,114,100,23,14,3562,1482,5044,5254.166666666666,0.2846715328467153,0.6277372262773723,0.08759124087591241,12,77,48,12,86,39
IMPORTANCE_MATCHED_BUDGET,83,RANDOM_COPY,0.1,a515ad0185903e385ac6996bc77536ad2f96ad7fbe80191c26506648ec8615dd,RANDOM_COPY:0.1:83:54,6a3f5274496ec9086d361ebafa2e0cf5aa0ff494a281531eebf6624693bdb912,130,130,IMPORTANCE_MATCHED_BUDGET_V1_SHA256_ASCENDING,843bdd08163c3d02c987cbf031e38a090d6e0d7cf5a5aac103ce56a89f288467,1.0,1.0,1.0,1.0,130,115,100,15,15,3380,1495,4875,5078.125,0.3,0.6076923076923076,0.09230769230769231,12,70,48,12,79,39
IMPORTANCE_MATCHED_BUDGET,84,RANDOM_COPY,0.1,21d6f93ac0d82eea05f72cb67f2f3809694156a444db11cc8b37f37e0162d866,RANDOM_COPY:0.1:84:54,c04892a26b624f3e4029f6b57af51deae2de71eac2dd1b62ec74dbace31ac429,122,122,IMPORTANCE_MATCHED_BUDGET_V1_SHA256_ASCENDING,eeb491c27b2960932a6dd5bcb2e9cbafdccdda244de86fb05203a028f20232be,1.0,1.0,0.9629629629629629,0.8333333333333334,122,115,104,7,11,3172,1495,4667,4861.458333333333,0.319672131147541,0.5819672131147541,0.09836065573770492,12,62,48,12,71,39
IMPORTANCE_MATCHED_BUDGET,85,RANDOM_COPY,0.1,080bbb6a467c23b8925b449022be667c07b04c11f08e828f6a725b3da96ef476,RANDOM_COPY:0.1:85:54,5c690e05df3a12436a1f61cf1e5bb8e04af85d47728d36c2ef2b0bd340927c50,117,117,IMPORTANCE_MATCHED_BUDGET_V1_SHA256_ASCENDING,c3c00e5bfcd346fcff4a20cf4638f97f081e978a9138b68d3bf6127a2ba08927,1.0,1.0,0.9814814814814815,0.9166666666666666,117,112,101,5,11,3042,1456,4498,4685.416666666667,0.3333333333333333,0.5641025641025641,0.10256410256410256,12,57,48,12,66,39
IMPORTANCE_MATCHED_BUDGET,86,RANDOM_COPY,0.1,0b1c0d932387dbcd886809eb38a6ca0640e6059fa3c6273caff041e1ad7d1f45,RANDOM_COPY:0.1:86:54,96a747f37e1f0b773b47628029fd1a47cf772f02eef81b8c22bd1554a5fc1c04,130,130,IMPORTANCE_MATCHED_BUDGET_V1_SHA256_ASCENDING,a5f87532bd95e924ce49d1750d8b3af83e1de93b9b08365c8e8c2d646de28b12,1.0,1.0,0.9444444444444444,0.75,130,119,110,11,9,3380,1547,4927,5132.291666666666,0.3,0.6076923076923076,0.09230769230769231,12,70,48,12,79,39
IMPORTANCE_MATCHED_BUDGET,87,RANDOM_COPY,0.1,d678298049b591612299f4bac2a5bdd1a82e9002ffa46e095edbde66273c27cf,RANDOM_COPY:0.1:87:54,2f5036f4785053bea8a4133bac780657bbb799b1963b093ea42f66b2b5a8aca8,116,116,IMPORTANCE_MATCHED_BUDGET_V1_SHA256_ASCENDING,ac471c01823d45e84a6a5f45ab077ab179740a6147e540ef7e4699883fcb622c,1.0,1.0,0.9444444444444444,0.75,116,107,101,9,6,3016,1391,4407,4590.625,0.33620689655172414,0.5603448275862069,0.10344827586206896,12,56,48,12,65,39
IMPORTANCE_MATCHED_BUDGET,88,RANDOM_COPY,0.1,955a0c19bd45db84ad62cd96df6c06c48355268daa9f2381f805a732ee51947c,RANDOM_COPY:0.1:88:54,c69de843ef0556431b89c9fd60aeecec387461f3265e3159a5d0559249ab7d44,120,120,IMPORTANCE_MATCHED_BUDGET_V1_SHA256_ASCENDING,6fe441c77562d88bbfff13a1614d9056adefd4fcda1218dfb07ca7cb8783812f,1.0,1.0,0.9444444444444444,0.75,120,108,100,12,8,3120,1404,4524,4712.5,0.325,0.575,0.1,12,60,48,12,69,39
IMPORTANCE_MATCHED_BUDGET,89,RANDOM_COPY,0.1,3d44c132f556d34c2bcb5fa4eb40e02758a17b2033155615540c43da524cc108,RANDOM_COPY:0.1:89:54,1d4181d03c77142fc55240b75c282dcfe3e172d7c23baa32dc70dcb774dc2c5f,127,127,IMPORTANCE_MATCHED_BUDGET_V1_SHA256_ASCENDING,2a70fb274a14e86634a6742447588d6fbef1007922ebb39accecc58c69b83b10,1.0,1.0,0.9629629629629629,0.8333333333333334,127,113,105,14,8,3302,1469,4771,4969.791666666667,0.30708661417322836,0.5984251968503937,0.09448818897637795,12,67,48,12,76,39
IMPORTANCE_MATCHED_BUDGET,90,RANDOM_COPY,0.1,dcd8e0b1ad679efe832bb46cd4b9216514b8127e9f6f81e893abed963d7cfffd,RANDOM_COPY:0.1:90:54,24d576e92106f0c0ee42b736376785a3e5cb097499c1f99a83988df5ac6cc263,139,139,IMPORTANCE_MATCHED_BUDGET_V1_SHA256_ASCENDING,f4c67e49b6b7e7ca40b308dd8009f094bb69c62e4ac30c767374061d242ddb7c,1.0,1.0,0.9629629629629629,0.8333333333333334,139,129,113,10,16,3614,1677,5291,5511.458333333334,0.2805755395683453,0.6258992805755396,0.09352517985611511,13,78,48,13,87,39
IMPORTANCE_MATCHED_BUDGET,91,RANDOM_COPY,0.1,c0c55f5195c401754b8e72e9ae7c90e3fdbbfb01dfacf08894bfdd5312e3d2f2,RANDOM_COPY:0.1:91:54,81b5fd4ed03e3c8b3887790a6b63a797a06cf29243cde8b984bef2142ac42218,137,137,IMPORTANCE_MATCHED_BUDGET_V1_SHA256_ASCENDING,7c108b74a763725f5ed224c44edcfe64dbc073bddc89c1107e199b6ecd2e91d1,1.0,1.0,0.9444444444444444,0.75,137,118,110,19,8,3562,1534,5096,5308.333333333334,0.2846715328467153,0.6277372262773723,0.08759124087591241,12,77,48,12,86,39
IMPORTANCE_MATCHED_BUDGET,92,RANDOM_COPY,0.1,363051f96af7049ff65b2ff329f49abc9147a2f82e2dddf6750f941d328766e6,RANDOM_COPY:0.1:92:54,9ade2352e46a0d191042941a6dee5de2c5b2d00a6f4dafe2af2e1de5c48cbfa2,140,140,IMPORTANCE_MATCHED_BUDGET_V1_SHA256_ASCENDING,eadb6c6dd9038237113295af53c3b8c200e4b51627be2f9acadb91e4f3a0d385,1.0,1.0,0.9814814814814815,0.9166666666666666,140,125,107,15,18,3640,1625,5265,5484.375,0.2785714285714286,0.6214285714285714,0.1,14,78,48,14,87,39
IMPORTANCE_MATCHED_BUDGET,93,RANDOM_COPY,0.1,04d787a1614f3be0da6fc8ec281b469daecad23bc8276d539a1d74dcfe8415d7,RANDOM_COPY:0.1:93:54,6ba2f29be4cdd315bc2606b164b245fa5a9125aca97b37764d2a7707e6daeae0,126,126,IMPORTANCE_MATCHED_BUDGET_V1_SHA256_ASCENDING,c65952a9669d8203ed3900837356203dc3694013dd2de709dcbbc35cffb2834d,1.0,0.9655172413793104,0.9814814814814815,1.0,126,114,104,12,10,3276,1482,4758,4956.25,0.30952380952380953,0.5952380952380952,0.09523809523809523,12,66,48,12,75,39
IMPORTANCE_MATCHED_BUDGET,94,RANDOM_COPY,0.1,f7fd0e6aa0f63bea3095f9bce79fbf6174cefc14981d3d9b45887fe74ab3d99b,RANDOM_COPY:0.1:94:54,b798511fe4dbd34259a41c4a088ed6015011c0416fad3cd96413cb1165494611,137,137,IMPORTANCE_MATCHED_BUDGET_V1_SHA256_ASCENDING,c712a36995fa0e7c253bb1910b94edb87539e9fb39d5e2190e18c7bf25c44028,1.0,1.0,0.9814814814814815,0.9166666666666666,137,126,109,11,17,3562,1638,5200,5416.666666666667,0.2846715328467153,0.6277372262773723,0.08759124087591241,12,77,48,12,86,39
IMPORTANCE_MATCHED_BUDGET,95,RANDOM_COPY,0.1,77394af5acd9c0d00c9eb8c0241b996eafff2893897f6cbba11a6853d679584c,RANDOM_COPY:0.1:95:54,5a1ca259279a59c1846db6f0829607ee0e601fb08e74805013d41903d7e82d2d,133,133,IMPORTANCE_MATCHED_BUDGET_V1_SHA256_ASCENDING,767136801a87725ff1f043bb298f2282a196aca4ca46a4e8dedf91c4322bd7be,1.0,1.0,0.9629629629629629,0.8333333333333334,133,121,114,12,7,3458,1573,5031,5240.625,0.2932330827067669,0.6165413533834586,0.09022556390977443,12,73,48,12,82,39
IMPORTANCE_MATCHED_BUDGET,96,RANDOM_COPY,0.1,2416e0bed50dbf4aed5006cff12c025592ce7143aec9d7408f1099e3c1ac7c4c,RANDOM_COPY:0.1:96:54,cbb8df3aec5a141131c1acf5f863a01f9b3839319fe38270da7f6bd33d7394b9,113,113,IMPORTANCE_MATCHED_BUDGET_V1_SHA256_ASCENDING,7ac8849081ccfbc119cb88dad2eb382a126d13b5b44bd54971f7f3388199d6ce,1.0,1.0,1.0,1.0,113,109,100,4,9,2938,1417,4355,4536.458333333333,0.34513274336283184,0.5486725663716814,0.10619469026548672,12,53,48,12,62,39
IMPORTANCE_MATCHED_BUDGET,97,RANDOM_COPY,0.1,04e878d69821f0c96880b1bd1ad24aee3313ecb7db7692a59ed425a7ec6d5a2e,RANDOM_COPY:0.1:97:54,4ffc91e2b0ddaac43c9ea9ae93a6491e4a530338018109f282f592845eec3913,122,122,IMPORTANCE_MATCHED_BUDGET_V1_SHA256_ASCENDING,66324486c5fc574d85e205401df250e9b2c62a3019ea4ea2fc1bfa7190e689af,1.0,1.0,1.0,1.0,122,110,99,12,11,3172,1430,4602,4793.75,0.319672131147541,0.5819672131147541,0.09836065573770492,12,62,48,12,71,39
IMPORTANCE_MATCHED_BUDGET,98,RANDOM_COPY,0.1,2af730ca2b5cc0b582c25a17d539e44c7bd507c01dec394c27e345473798ada2,RANDOM_COPY:0.1:98:54,0421164733f73b12b13420ed889b49064da687ed9c9af13e74e24c9c6a8310f9,129,129,IMPORTANCE_MATCHED_BUDGET_V1_SHA256_ASCENDING,73b0232ab961d08ce7eabb7db88c8e3c80420224835a1f71f7c4cd0fc389cf9b,1.0,1.0,0.9629629629629629,0.8333333333333334,129,117,107,12,10,3354,1521,4875,5078.125,0.3023255813953488,0.6046511627906976,0.09302325581395349,12,69,48,12,78,39
IMPORTANCE_MATCHED_BUDGET,99,RANDOM_COPY,0.1,574807d0bdf848ca5c8ab7bceca1f41babb1d589edd114a6fa11eec5d1138619,RANDOM_COPY:0.1:99:54,5d127293a49491be7f816b58de13b90b4279d8316080787ee27346c515c7f8bd,126,126,IMPORTANCE_MATCHED_BUDGET_V1_SHA256_ASCENDING,d56fdb7b392560d1209fa4a3c6a34014e35785044d2b5bee95eab92504da8eec,1.0,1.0,0.9814814814814815,0.9166666666666666,126,118,104,8,14,3276,1534,4810,5010.416666666667,0.30952380952380953,0.5952380952380952,0.09523809523809523,12,66,48,12,75,39
IMPORTANCE_MATCHED_BUDGET,100,RANDOM_COPY,0.1,2eac6314f94f5d0c84d65e6f2853e50b6046eee145b0e48ed484df1ffdb0c611,RANDOM_COPY:0.1:100:54,af053dfdc40e0695a1af65814c35a5ee1cb39d8c111564f305ba776826c5bcbe,122,122,IMPORTANCE_MATCHED_BUDGET_V1_SHA256_ASCENDING,93ea76a1038f374e088e2520d53f7039ed493d4ae528a0b978b376f75785c5aa,1.0,1.0,0.9814814814814815,0.9166666666666666,122,110,103,12,7,3172,1430,4602,4793.75,0.319672131147541,0.5819672131147541,0.09836065573770492,12,62,48,12,71,39
IMPORTANCE_MATCHED_BUDGET,101,RANDOM_COPY,0.1,19bb4e77673595b7177ee57ca45bf263faff014c183babe0c8a178141546073d,RANDOM_COPY:0.1:101:54,e3f52b05a453e6b3e053afcc97f160f21752676a9d95a0850670cf3188e8f9b6,140,140,IMPORTANCE_MATCHED_BUDGET_V1_SHA256_ASCENDING,7b97aa198a189a4c33c6c817988a4efb4b39cca8f29ad55f87986db6f9a462c2,1.0,1.0,0.9629629629629629,0.8333333333333334,140,125,108,15,17,3640,1625,5265,5484.375,0.2785714285714286,0.6214285714285714,0.1,14,78,48,14,87,39
IMPORTANCE_MATCHED_BUDGET,102,RANDOM_COPY,0.1,1f9fc7c38e0430ad559b5e7a416a7905cc043b6a17c92d7e615ef10a0af4611b,RANDOM_COPY:0.1:102:54,f8514556ee1709205d235260f738c1d9b8d3441fa0ade1ba336d7ebe5091b2f5,128,128,IMPORTANCE_MATCHED_BUDGET_V1_SHA256_ASCENDING,9154d5edacaa691307b9340c0c684e65f278ac226a36d0eccdf07c0bce9a87b3,1.0,1.0,0.9814814814814815,0.9166666666666666,128,118,103,10,15,3328,1534,4862,5064.583333333333,0.3046875,0.6015625,0.09375,12,68,48,12,77,39
IMPORTANCE_MATCHED_BUDGET,103,RANDOM_COPY,0.1,14b66f2b14edb57ea7ae60bda14bc957b1db1ee1da999be761eae18fd2e514ce,RANDOM_COPY:0.1:103:54,a7bf28b8d3d6e3e17411c124c2dd0f67a4218109768147aaa20fae2e84d81ce0,113,113,IMPORTANCE_MATCHED_BUDGET_V1_SHA256_ASCENDING,1fe02ba850ebffa149d544a3a2e8ecb723c11f959add6b5c500db002628b47f0,1.0,1.0,0.9814814814814815,0.9166666666666666,113,105,95,8,10,2938,1365,4303,4482.291666666667,0.34513274336283184,0.5486725663716814,0.10619469026548672,12,53,48,12,62,39
IMPORTANCE_MATCHED_BUDGET,104,RANDOM_COPY,0.1,a30a24ccc7aec26fa64384ea6adbd60d05db39f01a44254ea05582ddd4928854,RANDOM_COPY:0.1:104:54,eb7f6c02349f4c64dc20832b695f63c3888be68104e6ba699147dd5ae14ee2e2,147,147,IMPORTANCE_MATCHED_BUDGET_V1_SHA256_ASCENDING,969a4236c2b3a3826cb45bc63b8e575a1f36855fd0bd80f46172190fe9226cc1,1.0,1.0,0.9814814814814815,0.9166666666666666,147,131,115,16,16,3822,1703,5525,5755.208333333333,0.2653061224489796,0.5918367346938775,0.14285714285714285,21,78,48,21,87,39
IMPORTANCE_MATCHED_BUDGET,105,RANDOM_COPY,0.1,bb5efa1732957ab807c041cbe4f0b558279a08bc12a17ddc65d4699e081c651c,RANDOM_COPY:0.1:105:54,2796aaa8bd20176795c518051787586feaa85c7190642eb7b880f3601725c077,127,127,IMPORTANCE_MATCHED_BUDGET_V1_SHA256_ASCENDING,142ab9928c8c0480dc6d30cff72d27c3afd0f8ba38bb6fbb6d6171951faabcd2,1.0,1.0,1.0,1.0,127,118,107,9,11,3302,1534,4836,5037.5,0.30708661417322836,0.5984251968503937,0.09448818897637795,12,67,48,12,76,39
IMPORTANCE_MATCHED_BUDGET,106,RANDOM_COPY,0.1,34649d18b8f4ce0b5694742e0454c5de280b6ff21be4d37750b772135840b113,RANDOM_COPY:0.1:106:54,5771b6a8f8c77c2fab63fbe4d4585b4d46eed0000708802ea08e04d00b277289,134,134,IMPORTANCE_MATCHED_BUDGET_V1_SHA256_ASCENDING,e736784d5c1c95b4062d66aa86edb32047c5a7e0a7a062140123938964242060,1.0,1.0,0.9444444444444444,0.75,134,119,110,15,9,3484,1547,5031,5240.625,0.291044776119403,0.6194029850746269,0.08955223880597014,12,74,48,12,83,39
IMPORTANCE_MATCHED_BUDGET,107,RANDOM_COPY,0.1,e38844439e5537572ad161421f6ffa33a90a9b4abef40603c83ab19ba9ae7287,RANDOM_COPY:0.1:107:54,74e8a3e87b4aa02ed4cea24aaa751dfcb854058026048a92242db189de5533ea,128,128,IMPORTANCE_MATCHED_BUDGET_V1_SHA256_ASCENDING,6ede4b3231519f3a54385a8a4277de4c0730df5f47ab55ea3fb8caf8e79461c5,1.0,0.9655172413793104,0.9629629629629629,0.9166666666666666,128,112,105,16,7,3328,1456,4784,4983.333333333333,0.3046875,0.6015625,0.09375,12,68,48,12,77,39
IMPORTANCE_MATCHED_BUDGET,108,RANDOM_COPY,0.1,971438e41b339083e173e0e1872005c5d73e1d3752d9eb3659835da65be6c647,RANDOM_COPY:0.1:108:54,cbebdcc2161e1992cfc707db1fc0ef1980a1d117fa3d2ad38c596717ce77c208,115,115,IMPORTANCE_MATCHED_BUDGET_V1_SHA256_ASCENDING,720f154f33b222b18f9309b369a30348b5202ff0f52872d50d8b6a025ace20e7,1.0,1.0,0.9814814814814815,0.9166666666666666,115,107,99,8,8,2990,1391,4381,4563.541666666667,0.3391304347826087,0.5565217391304348,0.10434782608695652,12,55,48,12,64,39
IMPORTANCE_MATCHED_BUDGET,109,RANDOM_COPY,0.1,eb1bcb649f69adce8aef8dd4966648593bb6197bae290d9c22824021e7c5a2e5,RANDOM_COPY:0.1:109:54,fda12ef10a0508e151b7c7be6f7169a8e7af326dc2674a93c0f1ccd018fb3a8c,131,131,IMPORTANCE_MATCHED_BUDGET_V1_SHA256_ASCENDING,fd2dd0f30a6926a232cd3c93912af420620517e5fef24861096202f06abc733e,1.0,1.0,0.9444444444444444,0.75,131,117,106,14,11,3406,1521,4927,5132.291666666666,0.29770992366412213,0.6106870229007634,0.0916030534351145,12,71,48,12,80,39
IMPORTANCE_MATCHED_BUDGET,110,RANDOM_COPY,0.1,91abbdfc797279b817c85e6f0141ad9c7ef8eca8f5a3046f5fba4e3104bb3d9c,RANDOM_COPY:0.1:110:54,c7c3d923ff0c0e222e78ba78f85b50ad271a76aa427358951262873280661f14,126,126,IMPORTANCE_MATCHED_BUDGET_V1_SHA256_ASCENDING,b564a40d436bfe872d3651331b736e04fe1a589a46a6c4019f70786529b9b229,1.0,1.0,0.9629629629629629,0.8333333333333334,126,112,99,14,13,3276,1456,4732,4929.166666666666,0.30952380952380953,0.5952380952380952,0.09523809523809523,12,66,48,12,75,39
IMPORTANCE_MATCHED_BUDGET,111,RANDOM_COPY,0.1,d661f28922b74477cd2aaa20f1cf9de9dd1e6d1ece391e9a9b0f811b4432c87d,RANDOM_COPY:0.1:111:54,4cbf49ac456656940f951b4a363fac28027b22a3dcc070f0f8fdc3271c3fea30,131,131,IMPORTANCE_MATCHED_BUDGET_V1_SHA256_ASCENDING,f664dfeae0faaf08ca8bb47155ffdffe801edd1d1bc2d43dfddf271e7cecb5fc,1.0,1.0,1.0,1.0,131,122,105,9,17,3406,1586,4992,5200.0,0.29770992366412213,0.6106870229007634,0.0916030534351145,12,71,48,12,80,39
IMPORTANCE_MATCHED_BUDGET,112,RANDOM_COPY,0.1,a50011441f4b624cd18e8460cef6d9392af971f5e6e0cfaf4bdf838df5181302,RANDOM_COPY:0.1:112:54,76b4acdc6e27c3cb9275cccd987122cf00e7c4dbfe197c5157661dff2dac9ab9,143,143,IMPORTANCE_MATCHED_BUDGET_V1_SHA256_ASCENDING,7b88d73aa9942afc397f501608419762fcfd5d9df128d75177aac387689078d7,1.0,1.0,1.0,1.0,143,125,113,18,12,3718,1625,5343,5565.625,0.2727272727272727,0.6083916083916084,0.11888111888111888,17,78,48,17,87,39
IMPORTANCE_MATCHED_BUDGET,113,RANDOM_COPY,0.1,8d9a4abb49b0e310e50fe5f50cce879dbcd1173b84576085e3c84c93333b706f,RANDOM_COPY:0.1:113:54,7be9e34154f8d8f98f7cea31ce9fc66dee3c0586f1b7182f16b034fa39fb67fd,126,126,IMPORTANCE_MATCHED_BUDGET_V1_SHA256_ASCENDING,619c7bb974355be7c3c8c327f3bdbd4e9cc919fae0cddf0e8ffb9323bdd9bdcb,1.0,1.0,0.9629629629629629,0.8333333333333334,126,108,98,18,10,3276,1404,4680,4875.0,0.30952380952380953,0.5952380952380952,0.09523809523809523,12,66,48,12,75,39
IMPORTANCE_MATCHED_BUDGET,114,RANDOM_COPY,0.1,f29e14e965964064ef306f3c5038a5f4a73a38051f15808f8f1327a5c1b981c8,RANDOM_COPY:0.1:114:54,a591ccf7c0bc9839df3aedc61e21c0c3fbc506dcc42424b9ee60f1afbeffe924,133,133,IMPORTANCE_MATCHED_BUDGET_V1_SHA256_ASCENDING,f6f5f8a8065fa727e48fac57a637f218dbb93a65e72a6be9aed3bcf0ff6d598f,1.0,1.0,1.0,1.0,133,119,106,14,13,3458,1547,5005,5213.541666666667,0.2932330827067669,0.6165413533834586,0.09022556390977443,12,73,48,12,82,39
IMPORTANCE_MATCHED_BUDGET,115,RANDOM_COPY,0.1,d55619e45325ca3b418127600e4a7fec1c0dda4127afb22834aaa75b8adaf6c6,RANDOM_COPY:0.1:115:54,dca474d8d65f50282abe6fd018547efcd86f777f9aa0ac2079bafd5d9ea32f58,129,129,IMPORTANCE_MATCHED_BUDGET_V1_SHA256_ASCENDING,9768d1323cd466a3871e74b6f6c28f2b327f43f11cf4051a21b43f7550d59f92,1.0,1.0,0.9074074074074074,0.5833333333333334,129,112,106,17,6,3354,1456,4810,5010.416666666667,0.3023255813953488,0.6046511627906976,0.09302325581395349,12,69,48,12,78,39
IMPORTANCE_MATCHED_BUDGET,116,RANDOM_COPY,0.1,cba85ab730b3e3fc277eab306bccb783d2551fc7eb56349d724104a11e4bb162,RANDOM_COPY:0.1:116:54,8069f30d7b7c2c4615b1ed70e2acd8eac7f41e00861c6b2da1209693ddb71a26,132,132,IMPORTANCE_MATCHED_BUDGET_V1_SHA256_ASCENDING,0c7785527567fb5baa4d82dfae9a2c8e146838f62aa9fbb9265db060b8c43976,1.0,1.0,0.9814814814814815,0.9166666666666666,132,120,108,12,12,3432,1560,4992,5200.0,0.29545454545454547,0.6136363636363636,0.09090909090909091,12,72,48,12,81,39
IMPORTANCE_MATCHED_BUDGET,117,RANDOM_COPY,0.1,1c09a90254b8f746102434574193b5853713b10779ae59c4dc9fccc59fda5631,RANDOM_COPY:0.1:117:54,a1fe0ec16a719761fc418e5ad5d97869d89da0970de81d7558b8798d1b401e11,128,128,IMPORTANCE_MATCHED_BUDGET_V1_SHA256_ASCENDING,538d356c6aff48d59b1dfe957255d46577460e5310c4c02b5f56e378dbcdb72e,1.0,1.0,0.9814814814814815,0.9166666666666666,128,116,104,12,12,3328,1508,4836,5037.5,0.3046875,0.6015625,0.09375,12,68,48,12,77,39
IMPORTANCE_MATCHED_BUDGET,118,RANDOM_COPY,0.1,1b1315749101f110f22c8607a0ba7d624bf4a5a2e47ab9f90b925c589b0a7b42,RANDOM_COPY:0.1:118:54,db0f57059d8061fd9ce513a6dd8a6fea51fb8b793a73724397776a0311c2816c,131,131,IMPORTANCE_MATCHED_BUDGET_V1_SHA256_ASCENDING,002f540d9ca34dc90fc21a77b6198137bd36580de2954eef06f0add152995560,1.0,1.0,0.9629629629629629,0.8333333333333334,131,115,104,16,11,3406,1495,4901,5105.208333333334,0.29770992366412213,0.6106870229007634,0.0916030534351145,12,71,48,12,80,39
IMPORTANCE_MATCHED_BUDGET,119,RANDOM_COPY,0.1,bb0e660903d37d4a1d693ca6233b19aa9ddabd73aeebd1824d90176ee9461985,RANDOM_COPY:0.1:119:54,8c4867cc2638c22f43844f60204bd4eed823a630571bc544054a3faac37d16d5,139,139,IMPORTANCE_MATCHED_BUDGET_V1_SHA256_ASCENDING,ae8a9531f7e202e50d15df90ea18eccad5e5e405e7b1deebde26913a98ed9361,1.0,1.0,0.9629629629629629,0.8333333333333334,139,126,110,13,16,3614,1638,5252,5470.833333333333,0.2805755395683453,0.6258992805755396,0.09352517985611511,13,78,48,13,87,39
IMPORTANCE_MATCHED_BUDGET,120,RANDOM_COPY,0.1,3b95b32ddfbe7d850a599109a02dfb1b69f33aacde61cc29729ec290aebb2fdf,RANDOM_COPY:0.1:120:54,2360dc1ab055527e92e6269309e0095b9cd1795b7e5026380a54387e0f356d3c,141,141,IMPORTANCE_MATCHED_BUDGET_V1_SHA256_ASCENDING,d7f23f25f01a052c04c77d56b4bb485c844004acdbef6609fe8f2155f1871376,1.0,1.0,0.9444444444444444,0.75,141,124,109,17,15,3666,1612,5278,5497.916666666667,0.2765957446808511,0.6170212765957447,0.10638297872340426,15,78,48,15,87,39
IMPORTANCE_MATCHED_BUDGET,121,RANDOM_COPY,0.1,aba1df268a7c7cf48399c03e9852dd81eaa562442005375cee95c6729c48dd52,RANDOM_COPY:0.1:121:54,69ecd89cf87d60c69ca6c06b71c28d2b229ce049208d6208c77e9c2568db68f9,123,123,IMPORTANCE_MATCHED_BUDGET_V1_SHA256_ASCENDING,69a1d4c07c263461a5350760aff4837d7706324e65a1e34ebfe53198d505a334,1.0,1.0,1.0,1.0,123,111,104,12,7,3198,1443,4641,4834.375,0.3170731707317073,0.5853658536585366,0.0975609756097561,12,63,48,12,72,39
IMPORTANCE_MATCHED_BUDGET,122,RANDOM_COPY,0.1,0a8f52e0c805a30877639eca524e54fdd24ae531739ce977b29665a658fd6ffe,RANDOM_COPY:0.1:122:54,9d96e204cbdf6a7177acafaf9aa60f833fd405d785e3d0433a27b4b7d40b7a8c,137,137,IMPORTANCE_MATCHED_BUDGET_V1_SHA256_ASCENDING,61321f76902ae4f13b8819976f1d26b62ce450670be59517df692057cbe07226,1.0,1.0,0.9444444444444444,0.75,137,126,110,11,16,3562,1638,5200,5416.666666666667,0.2846715328467153,0.6277372262773723,0.08759124087591241,12,77,48,12,86,39
IMPORTANCE_MATCHED_BUDGET,123,RANDOM_COPY,0.1,589d020230962085cc0f48fe27022adc1ec4c2006eaaa718bf8d51da24462631,RANDOM_COPY:0.1:123:54,d000acc627d0355c056f78e660930130972e05cd1fe7a4301cfe8e15b93930aa,133,133,IMPORTANCE_MATCHED_BUDGET_V1_SHA256_ASCENDING,07352c7d2c571034b8572576378fca9a14ffaf460e5adea6e99807147efdb3a9,1.0,0.9655172413793104,0.9814814814814815,1.0,133,119,106,14,13,3458,1547,5005,5213.541666666667,0.2932330827067669,0.6165413533834586,0.09022556390977443,12,73,48,12,82,39
IMPORTANCE_MATCHED_BUDGET,124,RANDOM_COPY,0.1,b62843363f93fed77b482cb6dcb53522a1044400c139247ea17e86915a1e01d4,RANDOM_COPY:0.1:124:54,47a0fd0275cee6688435cd0b422dcbaf987888301c416d4e32b8ddcea73c89f4,136,136,IMPORTANCE_MATCHED_BUDGET_V1_SHA256_ASCENDING,976a3f27e8452158788b3ee27121e4d207cc23d3dc049a09b528fb686a1d40a2,1.0,1.0,0.9629629629629629,0.8333333333333334,136,114,103,22,11,3536,1482,5018,5227.083333333334,0.2867647058823529,0.625,0.08823529411764706,12,76,48,12,85,39
IMPORTANCE_MATCHED_BUDGET,125,RANDOM_COPY,0.1,bcc6f7f6901f99e9a05603a1a40887b24fb897942a01f664afcb3459da7ca348,RANDOM_COPY:0.1:125:54,a973679085a3677bfe04f2fedc7919a128792193d1883eb3fa032f690f5a3827,130,130,IMPORTANCE_MATCHED_BUDGET_V1_SHA256_ASCENDING,52c152525260f0ea5a3235d50db6d184f08a79152b769b7ae1f52d6f257955d9,1.0,1.0,0.9814814814814815,0.9166666666666666,130,118,100,12,18,3380,1534,4914,5118.75,0.3,0.6076923076923076,0.09230769230769231,12,70,48,12,79,39
IMPORTANCE_MATCHED_BUDGET,126,RANDOM_COPY,0.1,af2e55053f11bfb40fba4385fb92957e17d137009dcebbf92ec207f5d089e25a,RANDOM_COPY:0.1:126:54,4cf5e17d8d79ce9eb343c0bf67936e42ae434f39c2b6f7229ea544fcab55e287,117,117,IMPORTANCE_MATCHED_BUDGET_V1_SHA256_ASCENDING,5d9706281f5ce126408fb31bfceb52f7eb9be67dcc423cf8857fc320b8a3e408,1.0,1.0,0.9814814814814815,0.9166666666666666,117,110,105,7,5,3042,1430,4472,4658.333333333333,0.3333333333333333,0.5641025641025641,0.10256410256410256,12,57,48,12,66,39
IMPORTANCE_MATCHED_BUDGET,127,RANDOM_COPY,0.1,65c83068ae3ae0aa13476c25fd6b1ba2658993c1b0cfffe6a16d395a3a618dda,RANDOM_COPY:0.1:127:54,3182040d586e489ce1b99b8391de322f02201e1a12c991586e1cf53eca081544,119,119,IMPORTANCE_MATCHED_BUDGET_V1_SHA256_ASCENDING,5c2e0e438216f508909b615135ab038ab4ac9c0b9152e5b37629607bde0eb428,1.0,1.0,0.9814814814814815,0.9166666666666666,119,110,104,9,6,3094,1430,4524,4712.5,0.3277310924369748,0.5714285714285714,0.10084033613445378,12,59,48,12,68,39
IMPORTANCE_MATCHED_BUDGET,128,RANDOM_COPY,0.1,fbc95a580f3711e0198d472dd2a4b2e773ed5d69fff47d47725f440b5fadb6e8,RANDOM_COPY:0.1:128:54,a4baacbe6e7ec9741202ae29b750bd0514e20bcfe8f9d226b7be5b76413e4924,129,129,IMPORTANCE_MATCHED_BUDGET_V1_SHA256_ASCENDING,f01efbfcf6e985f9cb14bfce9372933e5aaecbd8c3b4496363ec934dea4912a7,1.0,1.0,0.9814814814814815,0.9166666666666666,129,118,102,11,16,3354,1534,4888,5091.666666666667,0.3023255813953488,0.6046511627906976,0.09302325581395349,12,69,48,12,78,39
IMPORTANCE_MATCHED_BUDGET,129,RANDOM_COPY,0.1,27991da4783c6b9f9f9222e80d1c337bdd75cf47eb641d71b0b17468fd64f7be,RANDOM_COPY:0.1:129:54,3e7fabadc00e4b34be856d3ca2946c60f59887cad924f41eeff7345d0c927bf9,135,135,IMPORTANCE_MATCHED_BUDGET_V1_SHA256_ASCENDING,5b0bd865fcd953d5ec113b47914c72e9dfaedd46d8253145f42d84a960ec9fcb,1.0,0.9655172413793104,0.9629629629629629,0.9166666666666666,135,119,100,16,19,3510,1547,5057,5267.708333333333,0.28888888888888886,0.6222222222222222,0.08888888888888889,12,75,48,12,84,39
IMPORTANCE_MATCHED_BUDGET,130,RANDOM_COPY,0.1,9bd39ae110f78a334bc3e8a559950809ece52d4b4fec28fe8a1d24ffd9421ac5,RANDOM_COPY:0.1:130:54,f3be426641a731fe9fc381ee50c8748884a2a87a1c822ad472e2e7ba2727a609,139,139,IMPORTANCE_MATCHED_BUDGET_V1_SHA256_ASCENDING,8a02c7879748980861a1a87f0a1708189af1ef8b78fdbb720ffabb87b7e557d2,1.0,1.0,0.9444444444444444,0.75,139,120,112,19,8,3614,1560,5174,5389.583333333333,0.2805755395683453,0.6258992805755396,0.09352517985611511,13,78,48,13,87,39
IMPORTANCE_MATCHED_BUDGET,31,RANDOM_COPY,0.2,73d9ff14aa406239cc54fc6052f86d6589142d00af93eae773d64a41cfd38901,RANDOM_COPY:0.2:31:54,edf01eb778992a4b4b0144af5df82fa2fa9d3373141e21ea19e5624450d83776,144,144,IMPORTANCE_MATCHED_BUDGET_V1_SHA256_ASCENDING,f98d86bc032bb625921f6ca94c0617c75bac24d7fc0446dd1a94b9db9bcc9823,1.0,1.0,1.0,1.0,144,112,79,32,33,3744,1456,5200,5416.666666666667,0.2708333333333333,0.6041666666666666,0.125,18,78,48,18,87,39
IMPORTANCE_MATCHED_BUDGET,32,RANDOM_COPY,0.2,6119e7089b0af0e9dd68c482fb71ece1f09122f81807a2ccc71010aa4cade86f,RANDOM_COPY:0.2:32:54,1841d1ca305b8d1af55d0add49bee64dada50c33bd5f225226996cebe061f172,142,142,IMPORTANCE_MATCHED_BUDGET_V1_SHA256_ASCENDING,8168bd7af2cb3438c6eb80c73db0d93d8be2cf9cfaaafd33226e4673e4087ab8,1.0,1.0,0.9814814814814815,0.9166666666666666,142,111,91,31,20,3692,1443,5135,5348.958333333333,0.2746478873239437,0.6126760563380281,0.11267605633802817,16,78,48,16,87,39
IMPORTANCE_MATCHED_BUDGET,33,RANDOM_COPY,0.2,81de3b48689a54bac849bcf0dbe81e7c12b28d260f7a3f4dd8110beec101cfbb,RANDOM_COPY:0.2:33:54,e1b26f1fb75d7e6b18ef7f11d132bd5f1362f9f92de98206a112c4bad2d0ea03,143,143,IMPORTANCE_MATCHED_BUDGET_V1_SHA256_ASCENDING,6ec5b7fe8a6b2e80cf96f7f498052ceca9bc39ec3a8a3fd092195b6813f31404,0.9230769230769231,1.0,0.9259259259259259,0.75,143,112,84,31,28,3718,1456,5174,5389.583333333333,0.2727272727272727,0.6083916083916084,0.11888111888111888,17,78,48,17,87,39
IMPORTANCE_MATCHED_BUDGET,34,RANDOM_COPY,0.2,3311278d0a1da75c7db630963f14ab90c2d0761099a18366d1464945dddd9c3b,RANDOM_COPY:0.2:34:54,8f33616b7c56cb9a58d51745b58e77612276e052fdb5c363b93eb61313f16f3e,144,144,IMPORTANCE_MATCHED_BUDGET_V1_SHA256_ASCENDING,b861f8634fc1d182fbeafb944988b0d145b3607b05a6039ed05068365b465736,1.0,1.0,0.9444444444444444,0.75,144,122,95,22,27,3744,1586,5330,5552.083333333333,0.2708333333333333,0.6041666666666666,0.125,18,78,48,18,87,39
IMPORTANCE_MATCHED_BUDGET,35,RANDOM_COPY,0.2,f250c5873604ee96db60e34131c830b5e62e5eaacded034746890f6fa0985c21,RANDOM_COPY:0.2:35:54,aac4295dbf652860e4ed2283fe0c27b1090012952fbe63ab829d78566d8cb88a,148,148,IMPORTANCE_MATCHED_BUDGET_V1_SHA256_ASCENDING,99cfc1f6f09b02e71fab780e417c11e35e4ecbb5f7743f7e2c9f21144f6f92d6,0.9230769230769231,0.9655172413793104,0.9444444444444444,0.9166666666666666,148,103,87,45,16,3848,1339,5187,5403.125,0.2635135135135135,0.5878378378378378,0.14864864864864866,22,78,48,22,87,39
IMPORTANCE_MATCHED_BUDGET,36,RANDOM_COPY,0.2,60ce6e544b21f1e8134e2af61817152ff93a013a5a7898e2614c90c9a9cbb846,RANDOM_COPY:0.2:36:54,4b0c9a4773ef38c5385b776191b4bf92dd7923d5bee478a6bf786ea1acbcda97,134,134,IMPORTANCE_MATCHED_BUDGET_V1_SHA256_ASCENDING,c000f6000807f5da9557520f3a76816bc404f02b91135522553cb486d60518c4,1.0,1.0,0.9814814814814815,0.9166666666666666,134,111,94,23,17,3484,1443,4927,5132.291666666666,0.291044776119403,0.6194029850746269,0.08955223880597014,12,74,48,12,83,39
IMPORTANCE_MATCHED_BUDGET,37,RANDOM_COPY,0.2,f159dbf46962caa6bc856247e0f649a66f15e527ebc710b9b7417e03cd762244,RANDOM_COPY:0.2:37:54,1ac82bb3cb4a3da279dd6b681f7ac7568f834862aa5efee0d658858d4c5b9d77,146,146,IMPORTANCE_MATCHED_BUDGET_V1_SHA256_ASCENDING,717f4335e09708073b0c514676eb61e3b4c9ef3148ff597d9466be5e5b4dd5fe,1.0,1.0,0.9814814814814815,0.9166666666666666,146,121,98,25,23,3796,1573,5369,5592.708333333333,0.2671232876712329,0.5958904109589042,0.136986301369863,20,78,48,20,87,39
IMPORTANCE_MATCHED_BUDGET,38,RANDOM_COPY,0.2,c5e010f16d66360b7deeea8c3dbaa867bebf739e304ea32fa67954c3b2e97f64,RANDOM_COPY:0.2:38:54,678387a8dd497f1b75f61d98686bf177c6f1a85be37b7f593c490de831494652,147,147,IMPORTANCE_MATCHED_BUDGET_V1_SHA256_ASCENDING,764fd1a3714e0e08071ebf7a8eac7980df1c462a34ea4ed5984f874c757d00ed,1.0,1.0,0.9814814814814815,0.9166666666666666,147,118,93,29,25,3822,1534,5356,5579.166666666667,0.2653061224489796,0.5918367346938775,0.14285714285714285,21,78,48,21,87,39
IMPORTANCE_MATCHED_BUDGET,39,RANDOM_COPY,0.2,51c5feb51f91575a44a4d4424377fe2549ccecf5b0d856676f0db557bc64e833,RANDOM_COPY:0.2:39:54,6ea754bba0f5a8ae93e51c1c7554a09a58b564ddff7350ff542fa40a641a0f77,139,139,IMPORTANCE_MATCHED_BUDGET_V1_SHA256_ASCENDING,328841810991f18474d6e2c557477d33f56e5ab94e272898de40b2f363fb43c1,1.0,1.0,0.9629629629629629,0.8333333333333334,139,110,100,29,10,3614,1430,5044,5254.166666666666,0.2805755395683453,0.6258992805755396,0.09352517985611511,13,78,48,13,87,39
IMPORTANCE_MATCHED_BUDGET,40,RANDOM_COPY,0.2,4f2d772a48f0466f3317f2a3d1c39bfdf29217e297af7af3ee474d69b90adef1,RANDOM_COPY:0.2:40:54,f45fb88a05efba6edc8ff749a46a55fb9ccead913a75bab44e3f71fbaa7a3ec1,137,137,IMPORTANCE_MATCHED_BUDGET_V1_SHA256_ASCENDING,01281c3b2aa5c7ed9590599a3cc04f6dee57bc732b7da4f07cf7d56b4041cce1,1.0,0.9310344827586207,0.8888888888888888,0.6666666666666666,137,107,88,30,19,3562,1391,4953,5159.375,0.2846715328467153,0.6277372262773723,0.08759124087591241,12,77,48,12,86,39
IMPORTANCE_MATCHED_BUDGET,41,RANDOM_COPY,0.2,e6cd8c02f3331b258d96deda8de88913d9f67d741fd44b281758bffd4b22d236,RANDOM_COPY:0.2:41:54,68af158884514406fb8bd536dc09003f25778a480e4a4be15206fb29819b0704,145,145,IMPORTANCE_MATCHED_BUDGET_V1_SHA256_ASCENDING,09eaeeec4f3813a42ee3e364d27b90c8fb0ba4ad6e05cf07468326b568985dd7,0.9230769230769231,1.0,0.9814814814814815,1.0,145,111,86,34,25,3770,1443,5213,5430.208333333334,0.2689655172413793,0.6,0.1310344827586207,19,78,48,19,87,39
IMPORTANCE_MATCHED_BUDGET,42,RANDOM_COPY,0.2,4529192cd06c270fe793380af4649b462f4ff40d4266120b6847c82e730bcd7b,RANDOM_COPY:0.2:42:54,0f94530d44f747536fcc589303b996230cf07d277d5a08fb245949e485a5c177,145,145,IMPORTANCE_MATCHED_BUDGET_V1_SHA256_ASCENDING,4d9db7e75b543aef7159c96a4b4600a8faff95cdf82950ec5f1bb3b987cb2e36,1.0,1.0,0.9814814814814815,0.9166666666666666,145,116,84,29,32,3770,1508,5278,5497.916666666667,0.2689655172413793,0.6,0.1310344827586207,19,78,48,19,87,39
IMPORTANCE_MATCHED_BUDGET,43,RANDOM_COPY,0.2,236449ba249350dd8c50595fb211c6a373de61cdcba704f44dfe7a369188ac72,RANDOM_COPY:0.2:43:54,c48515406b310f74c931fdec272b78a1737da229d5014906769e74f812ee869e,143,143,IMPORTANCE_MATCHED_BUDGET_V1_SHA256_ASCENDING,a57ba9d327165d783fc62bf3a14201ffb349ddaf628debdf4af5ff146cef54f9,1.0,1.0,0.9814814814814815,0.9166666666666666,143,120,98,23,22,3718,1560,5278,5497.916666666667,0.2727272727272727,0.6083916083916084,0.11888111888111888,17,78,48,17,87,39
IMPORTANCE_MATCHED_BUDGET,44,RANDOM_COPY,0.2,09f3d575b5be45679a9d14896c2fc1363339b7f05b141eefb3ecf3d94191f50c,RANDOM_COPY:0.2:44:54,5d8b8557e7e295da9f0825fdd885cbbabb87f6d604278017e569f5124ebd6331,132,132,IMPORTANCE_MATCHED_BUDGET_V1_SHA256_ASCENDING,5e3fbb97a56e21802322811c65d391294053743cbafdb75e33c9d53563b91b0a,1.0,1.0,0.9259259259259259,0.6666666666666666,132,112,97,20,15,3432,1456,4888,5091.666666666667,0.29545454545454547,0.6136363636363636,0.09090909090909091,12,72,48,12,81,39
IMPORTANCE_MATCHED_BUDGET,45,RANDOM_COPY,0.2,48cbaa8d58ab894ebc9fd1dcadd67f73d87ba8bcf5314779a8684a1251803bf9,RANDOM_COPY:0.2:45:54,00638aa2ec5bef109aed21138fcf9a55a32407228d41d75ddc4fad994dbee22d,140,140,IMPORTANCE_MATCHED_BUDGET_V1_SHA256_ASCENDING,7a6d778836e28a371cf9f86f4dc874e02d6c052c3c3c34641d309267bfed503c,1.0,0.9310344827586207,0.9444444444444444,0.9166666666666666,140,113,91,27,22,3640,1469,5109,5321.875,0.2785714285714286,0.6214285714285714,0.1,14,78,48,14,87,39
IMPORTANCE_MATCHED_BUDGET,46,RANDOM_COPY,0.2,1e18a4f187e48c688884c5338497c53c85c83c6b2d2e7e7e589f6eeed1939cc8,RANDOM_COPY:0.2:46:54,e6b532afad8f9463e34f6bd4e5bd4af6319ff5e962bd356b148ce6cd1f1d0d14,146,146,IMPORTANCE_MATCHED_BUDGET_V1_SHA256_ASCENDING,b324172f07f841620de3bdde8db3bb2e44a6529f12ef36f406df5fcf0704b436,0.9230769230769231,0.9655172413793104,0.9629629629629629,1.0,146,115,87,31,28,3796,1495,5291,5511.458333333334,0.2671232876712329,0.5958904109589042,0.136986301369863,20,78,48,20,87,39
IMPORTANCE_MATCHED_BUDGET,47,RANDOM_COPY,0.2,b9136d0c5b6f6e35050d9198937c6bb31962dbcb04fcf7e1cc4654102f4f1a0e,RANDOM_COPY:0.2:47:54,7fe0b70f1116f0adf1c919aeea208bc6ecf55c96060c3addad1d6d012085e8ac,142,142,IMPORTANCE_MATCHED_BUDGET_V1_SHA256_ASCENDING,1aee9d22e97536f5b12d338eb20c4c02476245f8c9ffe5428630a7b129b94fab,1.0,1.0,0.9629629629629629,0.8333333333333334,142,104,78,38,26,3692,1352,5044,5254.166666666666,0.2746478873239437,0.6126760563380281,0.11267605633802817,16,78,48,16,87,39
IMPORTANCE_MATCHED_BUDGET,48,RANDOM_COPY,0.2,37207e5917ddae4ebbb1aa053dee9168acd0287668097e99f1c0c2e7804e9c18,RANDOM_COPY:0.2:48:54,550acf5f155e1209eeda1dcb1f8bf2fd0e63e0e4141587e299f5a2f9a4234b99,138,138,IMPORTANCE_MATCHED_BUDGET_V1_SHA256_ASCENDING,fbfa68229db42ae895d987fafd4d3c6fe7de046bbad015034d91490bc75a76f1,1.0,0.9655172413793104,0.9074074074074074,0.6666666666666666,138,107,87,31,20,3588,1391,4979,5186.458333333333,0.2826086956521739,0.6304347826086957,0.08695652173913043,12,78,48,12,87,39
IMPORTANCE_MATCHED_BUDGET,49,RANDOM_COPY,0.2,3f51b9829e76334604c6e214aca57fd7b2135b7273fd421c14cf37c2e25a4dd3,RANDOM_COPY:0.2:49:54,38f447660145ad94ed60a7354fca06c3572866b31881f3eec84db824e50f55ca,143,143,IMPORTANCE_MATCHED_BUDGET_V1_SHA256_ASCENDING,8aa9cfd45161cccc49f412800b0fb486e6968c835af06a0482181edaaaa0d699,1.0,1.0,0.9444444444444444,0.75,143,123,100,20,23,3718,1599,5317,5538.541666666666,0.2727272727272727,0.6083916083916084,0.11888111888111888,17,78,48,17,87,39
IMPORTANCE_MATCHED_BUDGET,50,RANDOM_COPY,0.2,5775e99ef6f4e193f38db7d0d0cf63e6dbc02a2ea1253e3fc0cdf18ef463b487,RANDOM_COPY:0.2:50:54,97b4223005ad7ff4f19d4adfd145910db6fb6a4d2f4e68e8838c5189b0c64ab7,143,143,IMPORTANCE_MATCHED_BUDGET_V1_SHA256_ASCENDING,d468e7897c89b1b08316836be060dd647a365875d61ee8871692b9f984097be7,0.9230769230769231,1.0,0.9444444444444444,0.8333333333333334,143,109,90,34,19,3718,1417,5135,5348.958333333333,0.2727272727272727,0.6083916083916084,0.11888111888111888,17,78,48,17,87,39
IMPORTANCE_MATCHED_BUDGET,51,RANDOM_COPY,0.2,0b7d6bf414e729ce46ea354fb821e839b55bbb89b53570a80eec1df3c17d575a,RANDOM_COPY:0.2:51:54,f0de5d1448ab5f5c9fabfc2aaf129ce02a02cc178407cb58f04fcbf214835fee,142,142,IMPORTANCE_MATCHED_BUDGET_V1_SHA256_ASCENDING,b3272309a6e156e9c3c807923dd3783a560de3e10510873bac8366fffae5b04a,1.0,1.0,0.9814814814814815,0.9166666666666666,142,110,88,32,22,3692,1430,5122,5335.416666666666,0.2746478873239437,0.6126760563380281,0.11267605633802817,16,78,48,16,87,39
IMPORTANCE_MATCHED_BUDGET,52,RANDOM_COPY,0.2,3acbc5808db6370eec7f9f93ddd0c17095cbcca95fff7ad9e5a2971892b54c24,RANDOM_COPY:0.2:52:54,8b6691db5461549206025eb1e4dd893fef8763ea070203dc2234aba7d369345c,142,142,IMPORTANCE_MATCHED_BUDGET_V1_SHA256_ASCENDING,c1c9f229294ebc9d228c398cc32f0f28d1984075c5850a46f0d6d4f93744879f,1.0,0.9655172413793104,0.9444444444444444,0.8333333333333334,142,109,96,33,13,3692,1417,5109,5321.875,0.2746478873239437,0.6126760563380281,0.11267605633802817,16,78,48,16,87,39
IMPORTANCE_MATCHED_BUDGET,53,RANDOM_COPY,0.2,3e742f49e26551b32b3e4cfee72a8b1a397d953f44b4c21bd4a3beade216c9ed,RANDOM_COPY:0.2:53:54,742ee7119c7e7520b4df93b2bd3de15acb5ad82b121b1eadad7da21de9c986c1,123,123,IMPORTANCE_MATCHED_BUDGET_V1_SHA256_ASCENDING,2de0998dc0ad2a68a78287ff951df736c7f6fa36f182d90c45d77d8a14ecf523,1.0,0.896551724137931,0.9444444444444444,1.0,123,102,88,21,14,3198,1326,4524,4712.5,0.3170731707317073,0.5853658536585366,0.0975609756097561,12,63,48,12,72,39
IMPORTANCE_MATCHED_BUDGET,54,RANDOM_COPY,0.2,8d997c6008ed844018d029cc8b30b9e54faa7ad6779958f4a10af07f53a1fd8a,RANDOM_COPY:0.2:54:54,6195374e328fa45323283b337a2bfb9dc4a1b63c2144cdc102cc91c07a7fe42c,140,140,IMPORTANCE_MATCHED_BUDGET_V1_SHA256_ASCENDING,132c2e6ae65dc5dd5631d6e70538241871e09b61c0ab033243d95aa7e2aa8ca0,1.0,0.9655172413793104,0.9629629629629629,0.9166666666666666,140,114,88,26,26,3640,1482,5122,5335.416666666666,0.2785714285714286,0.6214285714285714,0.1,14,78,48,14,87,39
IMPORTANCE_MATCHED_BUDGET,55,RANDOM_COPY,0.2,9a389bb940b3a109f59b48f26c84f05a9b08dab7fc6527f41590f20d4537f247,RANDOM_COPY:0.2:55:54,a1fd19ad6059f9f20cda80028d649b433b14e2d38bc440eb5a68a2ff95aa34fe,147,147,IMPORTANCE_MATCHED_BUDGET_V1_SHA256_ASCENDING,e49e9836c801d4e2f1eddba42344d6c516fa48d1db67731a6c58d146faba4ba5,1.0,1.0,1.0,1.0,147,114,92,33,22,3822,1482,5304,5525.0,0.2653061224489796,0.5918367346938775,0.14285714285714285,21,78,48,21,87,39
IMPORTANCE_MATCHED_BUDGET,56,RANDOM_COPY,0.2,cc4ee46b3195a07bf1d7019ff92ff7351b7ad6bcb61bc5ba00f4a1149939fa10,RANDOM_COPY:0.2:56:54,4704482a4af2b238fa5dc3a348c19da0364e0110e3798c968a7663585142a09e,132,132,IMPORTANCE_MATCHED_BUDGET_V1_SHA256_ASCENDING,722d334448ad13c1b5069b66503581cc821a37b54bf2318aa461c6f66ab5c22e,1.0,1.0,0.9629629629629629,0.8333333333333334,132,110,89,22,21,3432,1430,4862,5064.583333333333,0.29545454545454547,0.6136363636363636,0.09090909090909091,12,72,48,12,81,39
IMPORTANCE_MATCHED_BUDGET,57,RANDOM_COPY,0.2,c4953acd4bff8aa7e38e17aedddf54b4f2076f77112d871697c31f7099448c56,RANDOM_COPY:0.2:57:54,b011d57b440629479b6e3e8fb7332a880b03a31742a58a58c88e9ee78a2489f0,141,141,IMPORTANCE_MATCHED_BUDGET_V1_SHA256_ASCENDING,ff23d7712218fab64566a9ffb6e7771931c1c425eafa470c3d7d74bcfd178f29,1.0,1.0,0.9444444444444444,0.75,141,120,94,21,26,3666,1560,5226,5443.75,0.2765957446808511,0.6170212765957447,0.10638297872340426,15,78,48,15,87,39
IMPORTANCE_MATCHED_BUDGET,58,RANDOM_COPY,0.2,40e3c8ccdf11bea273c67c481c0a721fee465cf0e131f4282107dc49559ff410,RANDOM_COPY:0.2:58:54,4393eb6de0c7a0ecc3c8605921b1d05bbd6f50780b2fa562ee9139fa3ca43127,134,134,IMPORTANCE_MATCHED_BUDGET_V1_SHA256_ASCENDING,8bbcabfdd731394b2d654b7bfe3c63c9a2ad951442eed292dceeb8978d7dbdd9,1.0,1.0,0.9444444444444444,0.75,134,106,90,28,16,3484,1378,4862,5064.583333333333,0.291044776119403,0.6194029850746269,0.08955223880597014,12,74,48,12,83,39
IMPORTANCE_MATCHED_BUDGET,59,RANDOM_COPY,0.2,d9fcd7cca570ac4fadcad587ee4db6b68d120230ae32c0e844c0825b05597246,RANDOM_COPY:0.2:59:54,1a42e610796ba09a818af9d81c6091180c1fd276706c05cf0c39779bd4377e11,143,143,IMPORTANCE_MATCHED_BUDGET_V1_SHA256_ASCENDING,f3db6e47b574e020ca2b4577090b5d5a70b28ba377461c373e3199283a17ab7c,1.0,1.0,1.0,1.0,143,114,94,29,20,3718,1482,5200,5416.666666666667,0.2727272727272727,0.6083916083916084,0.11888111888111888,17,78,48,17,87,39
IMPORTANCE_MATCHED_BUDGET,60,RANDOM_COPY,0.2,098bf99f32c0f711f965b8aed61f1c2684c9bff2908677244e50ef39a6cecbb8,RANDOM_COPY:0.2:60:54,265271fff5ef079ff5f9474b154a1b77806f581b1325adf587879fcbd4437b17,136,136,IMPORTANCE_MATCHED_BUDGET_V1_SHA256_ASCENDING,872879b9d51123ddf3d1eee3aa1cf4e16b470fe63b715f4d2531b423d9f2d836,0.9230769230769231,1.0,0.9444444444444444,0.8333333333333334,136,109,92,27,17,3536,1417,4953,5159.375,0.2867647058823529,0.625,0.08823529411764706,12,76,48,12,85,39
IMPORTANCE_MATCHED_BUDGET,61,RANDOM_COPY,0.2,cf84f96fa655d68fea4cdeddfe9b1065d95110760501f563d4e60d8ffde9a2d3,RANDOM_COPY:0.2:61:54,d8fa8e53048e360aeab4275f46444f1b16b1b4f5122cdafbfd7e312bd5b8c8b0,141,141,IMPORTANCE_MATCHED_BUDGET_V1_SHA256_ASCENDING,b866b6195f4615aa94bf953a64ef957147b0e8af84c168b148067b4882d7603a,0.9230769230769231,1.0,0.9444444444444444,0.8333333333333334,141,108,82,33,26,3666,1404,5070,5281.25,0.2765957446808511,0.6170212765957447,0.10638297872340426,15,78,48,15,87,39
IMPORTANCE_MATCHED_BUDGET,62,RANDOM_COPY,0.2,d6ce191eddde49a8515b856101cc57bcc28460b1b3bd7ec88f4b957c42501e28,RANDOM_COPY:0.2:62:54,7e38053342bbffbe4bf9f823350be4eee281a6c2b5a5f376fcd69f2c73204171,145,145,IMPORTANCE_MATCHED_BUDGET_V1_SHA256_ASCENDING,54f46231b1efd82326130925aafccbe649b8afa2df4f82a7914b18d2d2c91fb0,1.0,1.0,1.0,1.0,145,118,82,27,36,3770,1534,5304,5525.0,0.2689655172413793,0.6,0.1310344827586207,19,78,48,19,87,39
IMPORTANCE_MATCHED_BUDGET,63,RANDOM_COPY,0.2,dc7f71dcb9bc660fe5891b77a026b24d757bd6a682fee3df50277a1e7b4e3c95,RANDOM_COPY:0.2:63:54,88999febee3706aae22809ca1908bc83300b0276c46f246c0dc409f5bb71da52,135,135,IMPORTANCE_MATCHED_BUDGET_V1_SHA256_ASCENDING,410426963ae9590f683dd870cfd6cce8b31f063c5628f64842fe20c9beb07a9e,1.0,1.0,0.9074074074074074,0.5833333333333334,135,103,84,32,19,3510,1339,4849,5051.041666666666,0.28888888888888886,0.6222222222222222,0.08888888888888889,12,75,48,12,84,39
IMPORTANCE_MATCHED_BUDGET,64,RANDOM_COPY,0.2,ca7040eb36fef99fd228c901a9459b0ced7f5f0f6ffc36f1634524d315e34210,RANDOM_COPY:0.2:64:54,16c361d1accfaf47f771e63eae3a5f5431b9846cfd0eae12bd34ac2ff7c51f45,143,143,IMPORTANCE_MATCHED_BUDGET_V1_SHA256_ASCENDING,9c382f8b9a13e2fcedad08043e56a4ca3cef737a3d52f8130c7969c2f4089bdf,1.0,0.9655172413793104,0.9444444444444444,0.8333333333333334,143,109,87,34,22,3718,1417,5135,5348.958333333333,0.2727272727272727,0.6083916083916084,0.11888111888111888,17,78,48,17,87,39
IMPORTANCE_MATCHED_BUDGET,65,RANDOM_COPY,0.2,c5696372e28eda944d111d811fcca5ad05e59b3169009a337a147887bf942064,RANDOM_COPY:0.2:65:54,d52b3ef2e329445d2ae175d45bb9906529be39a88f4988154f7d9ac929dc3cb8,145,145,IMPORTANCE_MATCHED_BUDGET_V1_SHA256_ASCENDING,2f61e623cf21d0d19f6815dac4b839466e8a4c187bb3511381fbdf1631413d95,1.0,1.0,0.9814814814814815,0.9166666666666666,145,115,95,30,20,3770,1495,5265,5484.375,0.2689655172413793,0.6,0.1310344827586207,19,78,48,19,87,39
IMPORTANCE_MATCHED_BUDGET,66,RANDOM_COPY,0.2,b6db333a9c9ee5b5c3a33e25217ecd21db38119ab4996e7f94c72eafd4de4a21,RANDOM_COPY:0.2:66:54,522fee016480e27ad08f60f618924af36fa948ace37228c722fcfacce278c9b4,135,135,IMPORTANCE_MATCHED_BUDGET_V1_SHA256_ASCENDING,d97a3ccf1cdfd5b65ebb8613a8a217c52754071294a4b784dd62795ddec5b941,1.0,1.0,0.9814814814814815,0.9166666666666666,135,110,92,25,18,3510,1430,4940,5145.833333333333,0.28888888888888886,0.6222222222222222,0.08888888888888889,12,75,48,12,84,39
IMPORTANCE_MATCHED_BUDGET,67,RANDOM_COPY,0.2,9cbc700fce522598dd4101afe27b6cbb4b9a59e84418e8ea3ef95e83d6d5f0ca,RANDOM_COPY:0.2:67:54,550275bd8a4ce6458d4b77ce94599b5b9288b345ed40be15ab09786d20db75ff,126,126,IMPORTANCE_MATCHED_BUDGET_V1_SHA256_ASCENDING,0555078c01cc10b715ebea66e6d16145327ca04583a5d9a3f980961beb55feea,1.0,0.9655172413793104,0.9814814814814815,1.0,126,104,85,22,19,3276,1352,4628,4820.833333333334,0.30952380952380953,0.5952380952380952,0.09523809523809523,12,66,48,12,75,39
IMPORTANCE_MATCHED_BUDGET,68,RANDOM_COPY,0.2,88fabb0364ce1e5891902cf5f319a3fb04a8448209903ab8dd35891948d62fbc,RANDOM_COPY:0.2:68:54,916685348bc63ef12ca12da3eb5f2cbcca8b2f55b98b2f8bbf5c02b9cd676d00,144,144,IMPORTANCE_MATCHED_BUDGET_V1_SHA256_ASCENDING,7ca2cc647ece59c80558a821c10862b2a65e748510dc3086e965a4f8f7d7a6c4,1.0,1.0,1.0,1.0,144,119,87,25,32,3744,1547,5291,5511.458333333334,0.2708333333333333,0.6041666666666666,0.125,18,78,48,18,87,39
IMPORTANCE_MATCHED_BUDGET,69,RANDOM_COPY,0.2,27d3f0a3fd57600aa06acb458c34cd01d8342c30de5f50d966c17e2cde00c0a9,RANDOM_COPY:0.2:69:54,692446a174c62e8e4fe7d91b6c8c347628130ad0490d38a9beaeb8ed3d9b8bb9,142,142,IMPORTANCE_MATCHED_BUDGET_V1_SHA256_ASCENDING,0e62160897acd95bc5b70be1111480141894908e99ab2058c1f54c4fbfdfa25d,1.0,1.0,0.9629629629629629,0.8333333333333334,142,110,86,32,24,3692,1430,5122,5335.416666666666,0.2746478873239437,0.6126760563380281,0.11267605633802817,16,78,48,16,87,39
IMPORTANCE_MATCHED_BUDGET,70,RANDOM_COPY,0.2,f3a49e1cdaf8f516d725f287051292e509bb25a3617cf655501e63bc740f3abe,RANDOM_COPY:0.2:70:54,b3738c138a04ad1bfee32e6ad0224a3eb6267c927247ec4e8db77067b84854a1,139,139,IMPORTANCE_MATCHED_BUDGET_V1_SHA256_ASCENDING,8a02c7879748980861a1a87f0a1708189af1ef8b78fdbb720ffabb87b7e557d2,1.0,1.0,1.0,1.0,139,109,90,30,19,3614,1417,5031,5240.625,0.2805755395683453,0.6258992805755396,0.09352517985611511,13,78,48,13,87,39
IMPORTANCE_MATCHED_BUDGET,71,RANDOM_COPY,0.2,daa94560d3ed19707d0917a93fc3484be768efdacea2e37f31a5e0aceb6bc9f0,RANDOM_COPY:0.2:71:54,d85756e8e6dd7ddd553bfb7d422e9fd7cc2e30eb994c75817d7b2810ce0e7e99,139,139,IMPORTANCE_MATCHED_BUDGET_V1_SHA256_ASCENDING,8c4bf2559764bc7e65a3635534936f3691e5d6141eca54b129b4281680cdfafc,1.0,0.9655172413793104,0.9444444444444444,0.8333333333333334,139,109,92,30,17,3614,1417,5031,5240.625,0.2805755395683453,0.6258992805755396,0.09352517985611511,13,78,48,13,87,39
IMPORTANCE_MATCHED_BUDGET,72,RANDOM_COPY,0.2,c87611b61bcbcfd491dcab5f7df40a394762999a2d2d205b627eda6932c9f5e6,RANDOM_COPY:0.2:72:54,a6f210fe484c56cc0601214b738f3aa607051641c2a9ec225c0db7b79aad3abb,137,137,IMPORTANCE_MATCHED_BUDGET_V1_SHA256_ASCENDING,1fa503587038d350f3dd521fabe69cf1af2125e817c5e3e22f8ca3442b2f1d68,1.0,1.0,0.9814814814814815,0.9166666666666666,137,114,91,23,23,3562,1482,5044,5254.166666666666,0.2846715328467153,0.6277372262773723,0.08759124087591241,12,77,48,12,86,39
IMPORTANCE_MATCHED_BUDGET,73,RANDOM_COPY,0.2,d2b13b4a87bbdab2e9933b6d7dac2d640a845846c4a1cc169aa3b68c997d62ef,RANDOM_COPY:0.2:73:54,89a37998e4b248d032a6556e2271992daed33a6a65402bd57b1a62543dfb621b,143,143,IMPORTANCE_MATCHED_BUDGET_V1_SHA256_ASCENDING,2135df8c700bb0fa6e250a00591e16e9db5e4badc1f646e6151a80dcaaaded0c,0.9230769230769231,0.9655172413793104,0.9444444444444444,0.9166666666666666,143,105,87,38,18,3718,1365,5083,5294.791666666667,0.2727272727272727,0.6083916083916084,0.11888111888111888,17,78,48,17,87,39
IMPORTANCE_MATCHED_BUDGET,74,RANDOM_COPY,0.2,765a1156611b17d598704e615ad0eec00715e9944b72db5a33e0062e47f14494,RANDOM_COPY:0.2:74:54,459d962f9c653d8d801c85623069523dc9edd40b12e3e606909b1f5cbdcf2837,136,136,IMPORTANCE_MATCHED_BUDGET_V1_SHA256_ASCENDING,482091ed74423fde4fc95c671d0e52f33d827df087df11dc5164fd0442dbdec5,1.0,1.0,0.9259259259259259,0.6666666666666666,136,105,81,31,24,3536,1365,4901,5105.208333333334,0.2867647058823529,0.625,0.08823529411764706,12,76,48,12,85,39
IMPORTANCE_MATCHED_BUDGET,75,RANDOM_COPY,0.2,025e305327943c3c3cd5ae73353c988456796ffee9a1f7f55bc60f3a777006a8,RANDOM_COPY:0.2:75:54,217b071f81cf24fb430921c93067cfd49ddeea334cc728c3530e1846f8b191bb,139,139,IMPORTANCE_MATCHED_BUDGET_V1_SHA256_ASCENDING,df2e4295d01ab6952ae01887331246179b696b0dffd4c246236213eeb0229de4,1.0,1.0,0.9814814814814815,0.9166666666666666,139,119,101,20,18,3614,1547,5161,5376.041666666667,0.2805755395683453,0.6258992805755396,0.09352517985611511,13,78,48,13,87,39
IMPORTANCE_MATCHED_BUDGET,76,RANDOM_COPY,0.2,10a0d3b832ef3f12bb9bab286bdf5f06b73929cee9b6a1eb0b57c6dc333b4dbc,RANDOM_COPY:0.2:76:54,40d5c66076a35e9ae59975cf6e2933f8d1a139324bca394c25fcd100b946a206,141,141,IMPORTANCE_MATCHED_BUDGET_V1_SHA256_ASCENDING,73846c1f4b1eab07eb3e812df2c171bcd87277a377bf55f4513ea082413089a6,1.0,0.9655172413793104,0.9814814814814815,1.0,141,122,99,19,23,3666,1586,5252,5470.833333333333,0.2765957446808511,0.6170212765957447,0.10638297872340426,15,78,48,15,87,39
IMPORTANCE_MATCHED_BUDGET,77,RANDOM_COPY,0.2,389abbe3135b398a079c793eb32ce6b0c704d4195986fd54b2e2a9d176107f0c,RANDOM_COPY:0.2:77:54,afa5496e244ad098b8a9cb763d0bab51178ddfe6a8b6ea7a8da2a309a10de83d,147,147,IMPORTANCE_MATCHED_BUDGET_V1_SHA256_ASCENDING,e3288a63802986cd3d417b130ea7c7086b441c09ae88d99009eaed9c589c46e3,1.0,0.9655172413793104,0.9814814814814815,1.0,147,114,81,33,33,3822,1482,5304,5525.0,0.2653061224489796,0.5918367346938775,0.14285714285714285,21,78,48,21,87,39
IMPORTANCE_MATCHED_BUDGET,78,RANDOM_COPY,0.2,9bbe1983f865ab60e06edf77f51a61a6046126c35efd435183d8de74d541b455,RANDOM_COPY:0.2:78:54,36ef009cc87754b5bb7f447b0ae13937cacdf191e505281c75f866d9dd9c65a2,142,142,IMPORTANCE_MATCHED_BUDGET_V1_SHA256_ASCENDING,d78167c09e6b14a83b8b8fd18d962dc979eac785186d63f756d312ef470e5c09,1.0,0.9655172413793104,0.9814814814814815,1.0,142,110,83,32,27,3692,1430,5122,5335.416666666666,0.2746478873239437,0.6126760563380281,0.11267605633802817,16,78,48,16,87,39
IMPORTANCE_MATCHED_BUDGET,79,RANDOM_COPY,0.2,9530cd73487a1b6b88f7e054177f22af409edd63efa2334d5fb5a616bf327e78,RANDOM_COPY:0.2:79:54,027d514ac6725bc14765a610c0e1d4afc53bede9d9c50c00b3fa49161e0748f7,129,129,IMPORTANCE_MATCHED_BUDGET_V1_SHA256_ASCENDING,9c35b94a97c7dabfe0df0d3d8d5ea05d40c429ab31045485844b961acfc2fce5,1.0,1.0,0.9629629629629629,0.8333333333333334,129,112,93,17,19,3354,1456,4810,5010.416666666667,0.3023255813953488,0.6046511627906976,0.09302325581395349,12,69,48,12,78,39
IMPORTANCE_MATCHED_BUDGET,80,RANDOM_COPY,0.2,174b9e3972cc278e894c9e10db276b31c0b5cd5fdfe74d58188ed8d1556f092f,RANDOM_COPY:0.2:80:54,67ad9c02dbfdb5152b53f3144654293850b5cc64716d3d6929cdabf4bfb6e600,145,145,IMPORTANCE_MATCHED_BUDGET_V1_SHA256_ASCENDING,f128fe58ff0b1958b4228b21a8186c88c908ee1527f37a6c201590771bdf8dd4,1.0,1.0,1.0,1.0,145,112,84,33,28,3770,1456,5226,5443.75,0.2689655172413793,0.6,0.1310344827586207,19,78,48,19,87,39
IMPORTANCE_MATCHED_BUDGET,81,RANDOM_COPY,0.2,1d69f431c4871ac159848f7e121a8d80bff37f533fb3c20eb48f024b12d5aeb0,RANDOM_COPY:0.2:81:54,45fa1478c2f0f721a0e315099a1e372494812ca997b445af51b0d726508b31f6,137,137,IMPORTANCE_MATCHED_BUDGET_V1_SHA256_ASCENDING,bde555c453c0c3ad88b441bf7ac453bb8391af025e48b0b76ef15bc0fa164fff,1.0,1.0,0.9444444444444444,0.75,137,118,96,19,22,3562,1534,5096,5308.333333333334,0.2846715328467153,0.6277372262773723,0.08759124087591241,12,77,48,12,86,39
IMPORTANCE_MATCHED_BUDGET,82,RANDOM_COPY,0.2,57e62d849bedc78fc99bc69665966860245864cc1e3e4e45269848535c069791,RANDOM_COPY:0.2:82:54,7f77f3483b079d04cffbc94dcc41ee9758be4f06750db90fbee38892d2e723e7,147,147,IMPORTANCE_MATCHED_BUDGET_V1_SHA256_ASCENDING,3c520e8b8d345172f6a62970af58de1d633df93faa29676a249d40320ef4a4ce,0.9230769230769231,0.9310344827586207,0.9259259259259259,0.9166666666666666,147,105,85,42,20,3822,1365,5187,5403.125,0.2653061224489796,0.5918367346938775,0.14285714285714285,21,78,48,21,87,39
IMPORTANCE_MATCHED_BUDGET,83,RANDOM_COPY,0.2,a515ad0185903e385ac6996bc77536ad2f96ad7fbe80191c26506648ec8615dd,RANDOM_COPY:0.2:83:54,078d50315a67860d3dbf2f2976cf297d0e89f14fee0993faedd9fae39c7272a6,147,147,IMPORTANCE_MATCHED_BUDGET_V1_SHA256_ASCENDING,50d43c4d2773aab73ed993571ffb821055bbe7666356ebec1552541444ec8fd3,1.0,1.0,1.0,1.0,147,121,96,26,25,3822,1573,5395,5619.791666666667,0.2653061224489796,0.5918367346938775,0.14285714285714285,21,78,48,21,87,39
IMPORTANCE_MATCHED_BUDGET,84,RANDOM_COPY,0.2,21d6f93ac0d82eea05f72cb67f2f3809694156a444db11cc8b37f37e0162d866,RANDOM_COPY:0.2:84:54,ffb093e08c660abccbb4068615d8b67b3fd6f365e8cd786f0422a7394231687a,136,136,IMPORTANCE_MATCHED_BUDGET_V1_SHA256_ASCENDING,9494859f0ed1deec4c883a0bcebc195a8edd64ce8b53621d9e7c711b5c038c33,1.0,1.0,0.9074074074074074,0.5833333333333334,136,116,88,20,28,3536,1508,5044,5254.166666666666,0.2867647058823529,0.625,0.08823529411764706,12,76,48,12,85,39
IMPORTANCE_MATCHED_BUDGET,85,RANDOM_COPY,0.2,080bbb6a467c23b8925b449022be667c07b04c11f08e828f6a725b3da96ef476,RANDOM_COPY:0.2:85:54,ab9a4f5dcac720d98c1083bf94ddc815c2da7d0cd87e271fdf2ae30ff9b17910,120,120,IMPORTANCE_MATCHED_BUDGET_V1_SHA256_ASCENDING,000217350f1a90914ae31ee95446c6d9dbbb794cb303896eb9e668e85e5e7808,1.0,1.0,0.9444444444444444,0.75,120,100,75,20,25,3120,1300,4420,4604.166666666667,0.325,0.575,0.1,12,60,48,12,69,39
IMPORTANCE_MATCHED_BUDGET,86,RANDOM_COPY,0.2,0b1c0d932387dbcd886809eb38a6ca0640e6059fa3c6273caff041e1ad7d1f45,RANDOM_COPY:0.2:86:54,593d4a26482ad11a63d72f90fff5e2d7990f775fcb51072ba0e5c4033fc2b1c4,134,134,IMPORTANCE_MATCHED_BUDGET_V1_SHA256_ASCENDING,954b6630906197d0cf11320ccd58460026c54173a88888e89c3e7f63a116d0ff,1.0,0.9655172413793104,0.8888888888888888,0.5833333333333334,134,109,88,25,21,3484,1417,4901,5105.208333333334,0.291044776119403,0.6194029850746269,0.08955223880597014,12,74,48,12,83,39
IMPORTANCE_MATCHED_BUDGET,87,RANDOM_COPY,0.2,d678298049b591612299f4bac2a5bdd1a82e9002ffa46e095edbde66273c27cf,RANDOM_COPY:0.2:87:54,b84095cfbe6363c25eb289735cf16fe82ab78177f41150b61aebc187b9f0b526,141,141,IMPORTANCE_MATCHED_BUDGET_V1_SHA256_ASCENDING,e2f67e06353ff8e560379c98bab8e68d50326e0d3f715fcd8e4f94ccd88cf0d2,1.0,1.0,0.9444444444444444,0.75,141,115,96,26,19,3666,1495,5161,5376.041666666667,0.2765957446808511,0.6170212765957447,0.10638297872340426,15,78,48,15,87,39
IMPORTANCE_MATCHED_BUDGET,88,RANDOM_COPY,0.2,955a0c19bd45db84ad62cd96df6c06c48355268daa9f2381f805a732ee51947c,RANDOM_COPY:0.2:88:54,6990c7b864cedc0a0808f2e281a65eabc8f6964d7b71292e397710eefc31865e,142,142,IMPORTANCE_MATCHED_BUDGET_V1_SHA256_ASCENDING,75648172a3b974aa166835b2f0ff29779b1316952eadced103fa7bb0a404c553,1.0,1.0,0.9259259259259259,0.6666666666666666,142,110,94,32,16,3692,1430,5122,5335.416666666666,0.2746478873239437,0.6126760563380281,0.11267605633802817,16,78,48,16,87,39
IMPORTANCE_MATCHED_BUDGET,89,RANDOM_COPY,0.2,3d44c132f556d34c2bcb5fa4eb40e02758a17b2033155615540c43da524cc108,RANDOM_COPY:0.2:89:54,9467026e9b20195bdf851db65fdd0038b4366c83a45d1d75cc4b816dafe1770e,136,136,IMPORTANCE_MATCHED_BUDGET_V1_SHA256_ASCENDING,d367386c69f88695dd9002288376af0e3cec6ef5eb253555bb7c3a356b296eb5,1.0,0.9655172413793104,0.9444444444444444,0.8333333333333334,136,108,91,28,17,3536,1404,4940,5145.833333333333,0.2867647058823529,0.625,0.08823529411764706,12,76,48,12,85,39
IMPORTANCE_MATCHED_BUDGET,90,RANDOM_COPY,0.2,dcd8e0b1ad679efe832bb46cd4b9216514b8127e9f6f81e893abed963d7cfffd,RANDOM_COPY:0.2:90:54,18ca4d45c2dfc3919fa593fa4731c9e9f9a36de69f33ae57b922dd5c62d3a4cd,141,141,IMPORTANCE_MATCHED_BUDGET_V1_SHA256_ASCENDING,6b27a60cebcf94cc47c8c35d7a6989338fc730ee9eb7038599d1dba0076c8d6e,1.0,1.0,0.9444444444444444,0.75,141,114,84,27,30,3666,1482,5148,5362.5,0.2765957446808511,0.6170212765957447,0.10638297872340426,15,78,48,15,87,39
IMPORTANCE_MATCHED_BUDGET,91,RANDOM_COPY,0.2,c0c55f5195c401754b8e72e9ae7c90e3fdbbfb01dfacf08894bfdd5312e3d2f2,RANDOM_COPY:0.2:91:54,a319cc064936f2d5b4abba6152b55126c406c00bddf3657bfc5c7bbeea7142a2,147,147,IMPORTANCE_MATCHED_BUDGET_V1_SHA256_ASCENDING,282ef9a82c5d167ea956318b4f9a25a542986725fa8f09b79f29b78eeb242b22,1.0,1.0,0.9629629629629629,0.8333333333333334,147,116,92,31,24,3822,1508,5330,5552.083333333333,0.2653061224489796,0.5918367346938775,0.14285714285714285,21,78,48,21,87,39
IMPORTANCE_MATCHED_BUDGET,92,RANDOM_COPY,0.2,363051f96af7049ff65b2ff329f49abc9147a2f82e2dddf6750f941d328766e6,RANDOM_COPY:0.2:92:54,7a329c732bf37db805d80197331c7cd0f364fcce41b91070fc868f33611f5c12,145,145,IMPORTANCE_MATCHED_BUDGET_V1_SHA256_ASCENDING,2f92b227a23cc1587ec73d0fc4d694174ce90006f4e6eb9a402c46f88f1d05b7,1.0,0.9655172413793104,0.9259259259259259,0.75,145,113,83,32,30,3770,1469,5239,5457.291666666666,0.2689655172413793,0.6,0.1310344827586207,19,78,48,19,87,39
IMPORTANCE_MATCHED_BUDGET,93,RANDOM_COPY,0.2,04d787a1614f3be0da6fc8ec281b469daecad23bc8276d539a1d74dcfe8415d7,RANDOM_COPY:0.2:93:54,e8581d67fc1ed01b4684957d212f7f83c0c84859d5cfee43878c15fb8b0a9478,140,140,IMPORTANCE_MATCHED_BUDGET_V1_SHA256_ASCENDING,1b6b1956d0fbfe13f28d358d36ed6bf9b2f9cbfe2ec0ff4e890c5cc448803d2e,1.0,1.0,0.9444444444444444,0.75,140,110,87,30,23,3640,1430,5070,5281.25,0.2785714285714286,0.6214285714285714,0.1,14,78,48,14,87,39
IMPORTANCE_MATCHED_BUDGET,94,RANDOM_COPY,0.2,f7fd0e6aa0f63bea3095f9bce79fbf6174cefc14981d3d9b45887fe74ab3d99b,RANDOM_COPY:0.2:94:54,b95b3bf9f9e7703b2b0ca44bdbd9d925930b1eabd357c4bf5f0c6422615a73c4,145,145,IMPORTANCE_MATCHED_BUDGET_V1_SHA256_ASCENDING,9ac143d58a01ae0793322b56836fb7d2763e8ea2615dd5d00f024224b8dcc82b,1.0,1.0,0.9629629629629629,0.8333333333333334,145,117,93,28,24,3770,1521,5291,5511.458333333334,0.2689655172413793,0.6,0.1310344827586207,19,78,48,19,87,39
IMPORTANCE_MATCHED_BUDGET,95,RANDOM_COPY,0.2,77394af5acd9c0d00c9eb8c0241b996eafff2893897f6cbba11a6853d679584c,RANDOM_COPY:0.2:95:54,0f661136c3110e1f6bdd5fe337b2eacf54b5707d89a442a0c690d8972b124cf8,134,134,IMPORTANCE_MATCHED_BUDGET_V1_SHA256_ASCENDING,4e94d6e41ec74230f9d88c62c7ab04e47ec5d0a9d534fa75284173f4304efce4,1.0,0.9655172413793104,0.9259259259259259,0.75,134,105,87,29,18,3484,1365,4849,5051.041666666666,0.291044776119403,0.6194029850746269,0.08955223880597014,12,74,48,12,83,39
IMPORTANCE_MATCHED_BUDGET,96,RANDOM_COPY,0.2,2416e0bed50dbf4aed5006cff12c025592ce7143aec9d7408f1099e3c1ac7c4c,RANDOM_COPY:0.2:96:54,1e89ad681872eb61013a29d7d5d08d08577b4c52b41e6a91d2dbaf732e7845c4,144,144,IMPORTANCE_MATCHED_BUDGET_V1_SHA256_ASCENDING,fcc997755e490c44df3568c1d7f5a3c3d31bf23220f2024c5ca63cf05b0092d6,1.0,0.9655172413793104,0.9444444444444444,0.8333333333333334,144,122,102,22,20,3744,1586,5330,5552.083333333333,0.2708333333333333,0.6041666666666666,0.125,18,78,48,18,87,39
IMPORTANCE_MATCHED_BUDGET,97,RANDOM_COPY,0.2,04e878d69821f0c96880b1bd1ad24aee3313ecb7db7692a59ed425a7ec6d5a2e,RANDOM_COPY:0.2:97:54,35f25753fc16efcd0e7ceeb881f7c1b0ce0e5fcb1033887119630f792d0d48bd,146,146,IMPORTANCE_MATCHED_BUDGET_V1_SHA256_ASCENDING,bd0513605b5b88c3f30bfe74df071790f13cb20b1fecc1f2211b3afb07646a7b,1.0,1.0,0.9814814814814815,0.9166666666666666,146,117,99,29,18,3796,1521,5317,5538.541666666666,0.2671232876712329,0.5958904109589042,0.136986301369863,20,78,48,20,87,39
IMPORTANCE_MATCHED_BUDGET,98,RANDOM_COPY,0.2,2af730ca2b5cc0b582c25a17d539e44c7bd507c01dec394c27e345473798ada2,RANDOM_COPY:0.2:98:54,4e937bc85e7d1846472449b95f9af75b8e05c9fa2d446b2c25103b4b1c557937,145,145,IMPORTANCE_MATCHED_BUDGET_V1_SHA256_ASCENDING,774bdf18bca4f003677c6c308481f719fea6ccbcdbd89958b5cf8b8e840a1815,1.0,0.9310344827586207,0.9444444444444444,0.9166666666666666,145,110,90,35,20,3770,1430,5200,5416.666666666667,0.2689655172413793,0.6,0.1310344827586207,19,78,48,19,87,39
IMPORTANCE_MATCHED_BUDGET,99,RANDOM_COPY,0.2,574807d0bdf848ca5c8ab7bceca1f41babb1d589edd114a6fa11eec5d1138619,RANDOM_COPY:0.2:99:54,d4e9591cef90352680b6c5ba69577b5b50d6c9c49df0e08de1f52649c6c0529d,144,144,IMPORTANCE_MATCHED_BUDGET_V1_SHA256_ASCENDING,2a126275391bdf1509c3f6c5fa05c80c736f2ed25ddb6a5c92bebfd51f81093b,1.0,1.0,0.9814814814814815,0.9166666666666666,144,120,99,24,21,3744,1560,5304,5525.0,0.2708333333333333,0.6041666666666666,0.125,18,78,48,18,87,39
IMPORTANCE_MATCHED_BUDGET,100,RANDOM_COPY,0.2,2eac6314f94f5d0c84d65e6f2853e50b6046eee145b0e48ed484df1ffdb0c611,RANDOM_COPY:0.2:100:54,53b9d3b833019ad643ed4dd279c18d979f76e6e71766421e504b7e925055d880,143,143,IMPORTANCE_MATCHED_BUDGET_V1_SHA256_ASCENDING,713c826a9e4e6f85a164a846935a2c827a3fbd250ac258c2df1aee1e3de543f4,1.0,1.0,0.9814814814814815,0.9166666666666666,143,108,91,35,17,3718,1404,5122,5335.416666666666,0.2727272727272727,0.6083916083916084,0.11888111888111888,17,78,48,17,87,39
IMPORTANCE_MATCHED_BUDGET,101,RANDOM_COPY,0.2,19bb4e77673595b7177ee57ca45bf263faff014c183babe0c8a178141546073d,RANDOM_COPY:0.2:101:54,13cabceaea603110f9d1e5b0d565082b363ca4fbcaf2052a54ba45a1392ee626,144,144,IMPORTANCE_MATCHED_BUDGET_V1_SHA256_ASCENDING,07ad11dbfc3fce530ab8ca4afe2af52f56e9c3a26b90b232e84df1e9deacfab5,1.0,0.9655172413793104,0.9259259259259259,0.75,144,117,83,27,34,3744,1521,5265,5484.375,0.2708333333333333,0.6041666666666666,0.125,18,78,48,18,87,39
IMPORTANCE_MATCHED_BUDGET,102,RANDOM_COPY,0.2,1f9fc7c38e0430ad559b5e7a416a7905cc043b6a17c92d7e615ef10a0af4611b,RANDOM_COPY:0.2:102:54,3127298b07d273eadb8c78d098676f35b2eda7d3af6e40b587c5efdfa7824caf,144,144,IMPORTANCE_MATCHED_BUDGET_V1_SHA256_ASCENDING,9844d62f3dc2828c78760a97b422e217cc8a48f18f02b938d303143dce3f65ac,1.0,1.0,0.9814814814814815,0.9166666666666666,144,121,88,23,33,3744,1573,5317,5538.541666666666,0.2708333333333333,0.6041666666666666,0.125,18,78,48,18,87,39
IMPORTANCE_MATCHED_BUDGET,103,RANDOM_COPY,0.2,14b66f2b14edb57ea7ae60bda14bc957b1db1ee1da999be761eae18fd2e514ce,RANDOM_COPY:0.2:103:54,3e87835c774bfbd13b43e7018f18ff47f971e60ca33e2ad18560a74fec7434f3,145,145,IMPORTANCE_MATCHED_BUDGET_V1_SHA256_ASCENDING,82e86ea2d8fba143da7c44dd3a0ad78ad956c2952e5950bd358094f83587a729,1.0,1.0,1.0,1.0,145,125,100,20,25,3770,1625,5395,5619.791666666667,0.2689655172413793,0.6,0.1310344827586207,19,78,48,19,87,39
IMPORTANCE_MATCHED_BUDGET,104,RANDOM_COPY,0.2,a30a24ccc7aec26fa64384ea6adbd60d05db39f01a44254ea05582ddd4928854,RANDOM_COPY:0.2:104:54,52ff5b162b786386e6efd729434ce98ad4ca6896836af452760184d2ceb695e8,146,146,IMPORTANCE_MATCHED_BUDGET_V1_SHA256_ASCENDING,4e036cebcc5a25c6af8c172100d6ce8a64aad9975473377c2692182c31fdb50c,1.0,0.9655172413793104,0.9629629629629629,0.9166666666666666,146,114,91,32,23,3796,1482,5278,5497.916666666667,0.2671232876712329,0.5958904109589042,0.136986301369863,20,78,48,20,87,39
IMPORTANCE_MATCHED_BUDGET,105,RANDOM_COPY,0.2,bb5efa1732957ab807c041cbe4f0b558279a08bc12a17ddc65d4699e081c651c,RANDOM_COPY:0.2:105:54,b3d8e78d95838e2150b6c02b7809c41796acd4fc1646773ea414fd5f0c951d27,142,142,IMPORTANCE_MATCHED_BUDGET_V1_SHA256_ASCENDING,cb7ae13dfef8e28b079f02f7b39d0167f5d872497657e3f92ef281ac682c0041,0.9230769230769231,1.0,0.9814814814814815,1.0,142,112,96,30,16,3692,1456,5148,5362.5,0.2746478873239437,0.6126760563380281,0.11267605633802817,16,78,48,16,87,39
IMPORTANCE_MATCHED_BUDGET,106,RANDOM_COPY,0.2,34649d18b8f4ce0b5694742e0454c5de280b6ff21be4d37750b772135840b113,RANDOM_COPY:0.2:106:54,bf6600a7615d2321380c3b2d75f04e54229840488277f7c9f11fc33110b1f9b5,135,135,IMPORTANCE_MATCHED_BUDGET_V1_SHA256_ASCENDING,853a4ab5cea79aa21732e5518e32a34e1ba9e06fe191392885af5d17ee12885c,1.0,1.0,0.8888888888888888,0.5,135,98,78,37,20,3510,1274,4784,4983.333333333333,0.28888888888888886,0.6222222222222222,0.08888888888888889,12,75,48,12,84,39
IMPORTANCE_MATCHED_BUDGET,107,RANDOM_COPY,0.2,e38844439e5537572ad161421f6ffa33a90a9b4abef40603c83ab19ba9ae7287,RANDOM_COPY:0.2:107:54,aaa49cf2627f95cb06096e88f9f7c2ba65cffdca54650aa459c78ff957f1e983,145,145,IMPORTANCE_MATCHED_BUDGET_V1_SHA256_ASCENDING,ab1b6dce610f48a6d74316b1dd716c86fc9c09d6b7033e2b240f26b568497eff,1.0,0.9655172413793104,0.9444444444444444,0.8333333333333334,145,102,85,43,17,3770,1326,5096,5308.333333333334,0.2689655172413793,0.6,0.1310344827586207,19,78,48,19,87,39
IMPORTANCE_MATCHED_BUDGET,108,RANDOM_COPY,0.2,971438e41b339083e173e0e1872005c5d73e1d3752d9eb3659835da65be6c647,RANDOM_COPY:0.2:108:54,f5d88eb406f6fe08e0809b40b07ad850820b4f203ef980d4ea98ad154e35d52a,125,125,IMPORTANCE_MATCHED_BUDGET_V1_SHA256_ASCENDING,32d4397a5635786cabfa4dfc50116cbff04cd8064aaeb0e9745d536e1681b546,1.0,1.0,0.9814814814814815,0.9166666666666666,125,110,89,15,21,3250,1430,4680,4875.0,0.312,0.592,0.096,12,65,48,12,74,39
IMPORTANCE_MATCHED_BUDGET,109,RANDOM_COPY,0.2,eb1bcb649f69adce8aef8dd4966648593bb6197bae290d9c22824021e7c5a2e5,RANDOM_COPY:0.2:109:54,dbaa19b9ebb99f30ec9bdfe4eaed05d6b986c0f90befcb641b1779d48b3bbe96,142,142,IMPORTANCE_MATCHED_BUDGET_V1_SHA256_ASCENDING,501f3d762e169b760ea5868aea73f23174a567f841e613265de0c8d9b8c3e4e7,1.0,1.0,0.9259259259259259,0.6666666666666666,142,116,95,26,21,3692,1508,5200,5416.666666666667,0.2746478873239437,0.6126760563380281,0.11267605633802817,16,78,48,16,87,39
IMPORTANCE_MATCHED_BUDGET,110,RANDOM_COPY,0.2,91abbdfc797279b817c85e6f0141ad9c7ef8eca8f5a3046f5fba4e3104bb3d9c,RANDOM_COPY:0.2:110:54,f2187d8d1f4b7c179adfd45f03d3ebb14da25f9a5b7988a7cd20119b958841e5,142,142,IMPORTANCE_MATCHED_BUDGET_V1_SHA256_ASCENDING,6ecceb00c8b4708eaf55b5c7d3f16183fdea30ebf4f2f28a20dc718c02663c93,1.0,0.9655172413793104,0.9444444444444444,0.8333333333333334,142,116,84,26,32,3692,1508,5200,5416.666666666667,0.2746478873239437,0.6126760563380281,0.11267605633802817,16,78,48,16,87,39
IMPORTANCE_MATCHED_BUDGET,111,RANDOM_COPY,0.2,d661f28922b74477cd2aaa20f1cf9de9dd1e6d1ece391e9a9b0f811b4432c87d,RANDOM_COPY:0.2:111:54,11b1b52dc6c5ed71332251c2b6f524bc6e8f253cff9fa7cd4af307d583b82c21,145,145,IMPORTANCE_MATCHED_BUDGET_V1_SHA256_ASCENDING,f2bb0a1a3215504690ebb1682e0af0849bf9e938a83b06093ef1d55fe2d7d978,0.9230769230769231,1.0,0.9629629629629629,0.9166666666666666,145,118,84,27,34,3770,1534,5304,5525.0,0.2689655172413793,0.6,0.1310344827586207,19,78,48,19,87,39
IMPORTANCE_MATCHED_BUDGET,112,RANDOM_COPY,0.2,a50011441f4b624cd18e8460cef6d9392af971f5e6e0cfaf4bdf838df5181302,RANDOM_COPY:0.2:112:54,f64d3ec31f5e7375f17c4045a551b313105729f263e81ed6ae68eb55ac4e2c8e,146,146,IMPORTANCE_MATCHED_BUDGET_V1_SHA256_ASCENDING,bffd42067612f2e30b651dac1199c6f2dd1abea5fabb0bb5ae731cd5640ef680,1.0,1.0,0.9629629629629629,0.8333333333333334,146,111,90,35,21,3796,1443,5239,5457.291666666666,0.2671232876712329,0.5958904109589042,0.136986301369863,20,78,48,20,87,39
IMPORTANCE_MATCHED_BUDGET,113,RANDOM_COPY,0.2,8d9a4abb49b0e310e50fe5f50cce879dbcd1173b84576085e3c84c93333b706f,RANDOM_COPY:0.2:113:54,e362c527cf9fc1984a935f00b97894def8ec83d5e31da024300b0b2cce1a9abb,131,131,IMPORTANCE_MATCHED_BUDGET_V1_SHA256_ASCENDING,8369c91baa50b5fbf749d176e0a4047838010c8946d270c347975b5a37ce38d9,1.0,1.0,0.9629629629629629,0.8333333333333334,131,98,77,33,21,3406,1274,4680,4875.0,0.29770992366412213,0.6106870229007634,0.0916030534351145,12,71,48,12,80,39
IMPORTANCE_MATCHED_BUDGET,114,RANDOM_COPY,0.2,f29e14e965964064ef306f3c5038a5f4a73a38051f15808f8f1327a5c1b981c8,RANDOM_COPY:0.2:114:54,317fa959c5106acf1c50907fb65f24c7c4a8704dcefe8780655300f0d352998f,140,140,IMPORTANCE_MATCHED_BUDGET_V1_SHA256_ASCENDING,28aa80251902c5a605a59c312b7cbed7b50e19baa534153fa2dca1057407deef,1.0,1.0,1.0,1.0,140,112,93,28,19,3640,1456,5096,5308.333333333334,0.2785714285714286,0.6214285714285714,0.1,14,78,48,14,87,39
IMPORTANCE_MATCHED_BUDGET,115,RANDOM_COPY,0.2,d55619e45325ca3b418127600e4a7fec1c0dda4127afb22834aaa75b8adaf6c6,RANDOM_COPY:0.2:115:54,2a2e6c114eb1c1cdbf63def3aa234753d5af8d8034b1d4089acc7d6a01e0065a,144,144,IMPORTANCE_MATCHED_BUDGET_V1_SHA256_ASCENDING,ff97b0f4561dbc278a68baa74269a4bd0b086967ce54502342024a82662badd7,1.0,1.0,0.9444444444444444,0.75,144,115,93,29,22,3744,1495,5239,5457.291666666666,0.2708333333333333,0.6041666666666666,0.125,18,78,48,18,87,39
IMPORTANCE_MATCHED_BUDGET,116,RANDOM_COPY,0.2,cba85ab730b3e3fc277eab306bccb783d2551fc7eb56349d724104a11e4bb162,RANDOM_COPY:0.2:116:54,57827138a82a3636a63befb22f47af562466b9236de8415c07c884df8d5a1931,144,144,IMPORTANCE_MATCHED_BUDGET_V1_SHA256_ASCENDING,a9dca1ed2a9edda0269c71d0783fa91306d5bf269b284b8be8f20aeb6e080827,0.9230769230769231,1.0,0.9814814814814815,1.0,144,116,93,28,23,3744,1508,5252,5470.833333333333,0.2708333333333333,0.6041666666666666,0.125,18,78,48,18,87,39
IMPORTANCE_MATCHED_BUDGET,117,RANDOM_COPY,0.2,1c09a90254b8f746102434574193b5853713b10779ae59c4dc9fccc59fda5631,RANDOM_COPY:0.2:117:54,525ba74264c9493982f359a63b9975cf2172847531c39f7752cecaed5c2d7a19,148,148,IMPORTANCE_MATCHED_BUDGET_V1_SHA256_ASCENDING,18ebc3eecb5ab7827295feaad71f821eb1f7eb0e66e400f16353f76127fd178c,1.0,0.9655172413793104,0.9444444444444444,0.8333333333333334,148,115,99,33,16,3848,1495,5343,5565.625,0.2635135135135135,0.5878378378378378,0.14864864864864866,22,78,48,22,87,39
IMPORTANCE_MATCHED_BUDGET,118,RANDOM_COPY,0.2,1b1315749101f110f22c8607a0ba7d624bf4a5a2e47ab9f90b925c589b0a7b42,RANDOM_COPY:0.2:118:54,2c39c53be8a25e88298be2933357737a5744b70db1d563b65f73c8eebfa22c2b,145,145,IMPORTANCE_MATCHED_BUDGET_V1_SHA256_ASCENDING,08ce89e7180ac0cbaa52486d3772035db5d0cadbea4d5cd75894cc0d3d3d0986,0.9230769230769231,0.9655172413793104,0.9444444444444444,0.9166666666666666,145,110,91,35,19,3770,1430,5200,5416.666666666667,0.2689655172413793,0.6,0.1310344827586207,19,78,48,19,87,39
IMPORTANCE_MATCHED_BUDGET,119,RANDOM_COPY,0.2,bb0e660903d37d4a1d693ca6233b19aa9ddabd73aeebd1824d90176ee9461985,RANDOM_COPY:0.2:119:54,2ca211d84afcb5dde4414edc61873b2680fac451330a698a14493df5c211af0a,143,143,IMPORTANCE_MATCHED_BUDGET_V1_SHA256_ASCENDING,e67fb40f81bf42bed51aa3b43432c1807e99d9dc4a772113ebfcaebdb2805882,1.0,0.9655172413793104,0.9444444444444444,0.8333333333333334,143,115,92,28,23,3718,1495,5213,5430.208333333334,0.2727272727272727,0.6083916083916084,0.11888111888111888,17,78,48,17,87,39
IMPORTANCE_MATCHED_BUDGET,120,RANDOM_COPY,0.2,3b95b32ddfbe7d850a599109a02dfb1b69f33aacde61cc29729ec290aebb2fdf,RANDOM_COPY:0.2:120:54,f603d7a7432cb8c1d63c8756cbf11bb48e75bff928621212349456c45b470f19,143,143,IMPORTANCE_MATCHED_BUDGET_V1_SHA256_ASCENDING,8a962717ee9c4e07c0da337a3ea28dba10a39273943b16e21f418f837a11a1e0,0.9230769230769231,1.0,0.9259259259259259,0.75,143,113,91,30,22,3718,1469,5187,5403.125,0.2727272727272727,0.6083916083916084,0.11888111888111888,17,78,48,17,87,39
IMPORTANCE_MATCHED_BUDGET,121,RANDOM_COPY,0.2,aba1df268a7c7cf48399c03e9852dd81eaa562442005375cee95c6729c48dd52,RANDOM_COPY:0.2:121:54,27828ab1a69ae535ac5bb8fa85e60a3bd77c06125a547eabc63c05406147f713,139,139,IMPORTANCE_MATCHED_BUDGET_V1_SHA256_ASCENDING,b99552943e3476456efe6639252de8d90c6e550f8af7e8998d3444b251ef63e2,1.0,1.0,0.9444444444444444,0.75,139,105,89,34,16,3614,1365,4979,5186.458333333333,0.2805755395683453,0.6258992805755396,0.09352517985611511,13,78,48,13,87,39
IMPORTANCE_MATCHED_BUDGET,122,RANDOM_COPY,0.2,0a8f52e0c805a30877639eca524e54fdd24ae531739ce977b29665a658fd6ffe,RANDOM_COPY:0.2:122:54,90fbdeacf286b99b541bd27c4b190a62b7dc1e281ec11668ef26bcd113a183f5,142,142,IMPORTANCE_MATCHED_BUDGET_V1_SHA256_ASCENDING,a4a768a0d006aef184e475fcf3ca0e8b5fdc72bdfb7ee442cd4b5734035f6a02,1.0,0.9655172413793104,0.9444444444444444,0.8333333333333334,142,117,90,25,27,3692,1521,5213,5430.208333333334,0.2746478873239437,0.6126760563380281,0.11267605633802817,16,78,48,16,87,39
IMPORTANCE_MATCHED_BUDGET,123,RANDOM_COPY,0.2,589d020230962085cc0f48fe27022adc1ec4c2006eaaa718bf8d51da24462631,RANDOM_COPY:0.2:123:54,11973e43b329c6441d7bf0f46946659bab202aaa00cd61e39de6aab6752ced1c,136,136,IMPORTANCE_MATCHED_BUDGET_V1_SHA256_ASCENDING,02b011d059e23463a8c44b0aa171d6d0c02bee2a6c1076dac25fd22b630c6e42,1.0,0.9655172413793104,0.9814814814814815,1.0,136,118,92,18,26,3536,1534,5070,5281.25,0.2867647058823529,0.625,0.08823529411764706,12,76,48,12,85,39
IMPORTANCE_MATCHED_BUDGET,124,RANDOM_COPY,0.2,b62843363f93fed77b482cb6dcb53522a1044400c139247ea17e86915a1e01d4,RANDOM_COPY:0.2:124:54,94a3dc6413c00c949ecee1b1e0db6d7d2fb0487b5367d56885ab42ba348810a8,138,138,IMPORTANCE_MATCHED_BUDGET_V1_SHA256_ASCENDING,fbfa68229db42ae895d987fafd4d3c6fe7de046bbad015034d91490bc75a76f1,1.0,0.9655172413793104,0.9074074074074074,0.6666666666666666,138,96,71,42,25,3588,1248,4836,5037.5,0.2826086956521739,0.6304347826086957,0.08695652173913043,12,78,48,12,87,39
IMPORTANCE_MATCHED_BUDGET,125,RANDOM_COPY,0.2,bcc6f7f6901f99e9a05603a1a40887b24fb897942a01f664afcb3459da7ca348,RANDOM_COPY:0.2:125:54,2d7810ee53a86f55830da655f97461c83e945df0b0eff0540c89b7a877d7f69d,145,145,IMPORTANCE_MATCHED_BUDGET_V1_SHA256_ASCENDING,c51282106ceb47ca0c0ba22a4b6d7449baa7e391abb757f29394c2c08c83ff4c,1.0,1.0,0.9814814814814815,0.9166666666666666,145,125,92,20,33,3770,1625,5395,5619.791666666667,0.2689655172413793,0.6,0.1310344827586207,19,78,48,19,87,39
IMPORTANCE_MATCHED_BUDGET,126,RANDOM_COPY,0.2,af2e55053f11bfb40fba4385fb92957e17d137009dcebbf92ec207f5d089e25a,RANDOM_COPY:0.2:126:54,029a2fa8fd5c0913993047714053c6956c644af2c245a81e65cac426e9cdb2de,132,132,IMPORTANCE_MATCHED_BUDGET_V1_SHA256_ASCENDING,83bf47ef57a3b17aa9a22813b576f182f759575179d8fc31e2b9b720c0328284,1.0,1.0,0.9629629629629629,0.8333333333333334,132,115,101,17,14,3432,1495,4927,5132.291666666666,0.29545454545454547,0.6136363636363636,0.09090909090909091,12,72,48,12,81,39
IMPORTANCE_MATCHED_BUDGET,127,RANDOM_COPY,0.2,65c83068ae3ae0aa13476c25fd6b1ba2658993c1b0cfffe6a16d395a3a618dda,RANDOM_COPY:0.2:127:54,4b50123763ead4d488af493fac6750fa99bf2465e64c3b6b074e8113f6c5fdff,141,141,IMPORTANCE_MATCHED_BUDGET_V1_SHA256_ASCENDING,ed5abe92cab4cf4ca439c44bc6d5bac8a31fabac3796ba3f643f6401d1707af3,1.0,1.0,0.9629629629629629,0.8333333333333334,141,112,88,29,24,3666,1456,5122,5335.416666666666,0.2765957446808511,0.6170212765957447,0.10638297872340426,15,78,48,15,87,39
IMPORTANCE_MATCHED_BUDGET,128,RANDOM_COPY,0.2,fbc95a580f3711e0198d472dd2a4b2e773ed5d69fff47d47725f440b5fadb6e8,RANDOM_COPY:0.2:128:54,c1b3118fbf43bac3a452efe447fb33b51a475b071f8ab17bd21e913c09af184f,145,145,IMPORTANCE_MATCHED_BUDGET_V1_SHA256_ASCENDING,a573ef30ccb5b3a57bbe194a38fa21664507c8af0d7a519cb590696fa3f2abaa,1.0,1.0,1.0,1.0,145,120,92,25,28,3770,1560,5330,5552.083333333333,0.2689655172413793,0.6,0.1310344827586207,19,78,48,19,87,39
IMPORTANCE_MATCHED_BUDGET,129,RANDOM_COPY,0.2,27991da4783c6b9f9f9222e80d1c337bdd75cf47eb641d71b0b17468fd64f7be,RANDOM_COPY:0.2:129:54,85f5ffbc98833afa9a49ce09276bc9925d9a2f2b0a958f04b67981fc9d379bfc,138,138,IMPORTANCE_MATCHED_BUDGET_V1_SHA256_ASCENDING,fbfa68229db42ae895d987fafd4d3c6fe7de046bbad015034d91490bc75a76f1,1.0,0.9655172413793104,0.9629629629629629,0.9166666666666666,138,110,82,28,28,3588,1430,5018,5227.083333333334,0.2826086956521739,0.6304347826086957,0.08695652173913043,12,78,48,12,87,39
IMPORTANCE_MATCHED_BUDGET,130,RANDOM_COPY,0.2,9bd39ae110f78a334bc3e8a559950809ece52d4b4fec28fe8a1d24ffd9421ac5,RANDOM_COPY:0.2:130:54,a310c6d3716e1531673306a5b2dcd7df37e59b375d1fb2bcd130e5d9dbbc6df9,145,145,IMPORTANCE_MATCHED_BUDGET_V1_SHA256_ASCENDING,b260b19f02833290f8317c1d3a32bd5eb10b926c2d70b151fd6e887424884d94,1.0,1.0,0.9259259259259259,0.6666666666666666,145,112,90,33,22,3770,1456,5226,5443.75,0.2689655172413793,0.6,0.1310344827586207,19,78,48,19,87,39
IMPORTANCE_MATCHED_BUDGET,31,RANDOM_COPY,0.3,73d9ff14aa406239cc54fc6052f86d6589142d00af93eae773d64a41cfd38901,RANDOM_COPY:0.3:31:54,34fcf944d5a5f2deebd80c1120b607781a2ef89e47da16c6969ff507407c3f48,147,147,IMPORTANCE_MATCHED_BUDGET_V1_SHA256_ASCENDING,4bb0a062deab21ed66a4b40ca96beaf4f6a2ea10f53615929a40268c0ce5959d,0.9230769230769231,0.9655172413793104,0.9629629629629629,1.0,147,99,61,48,38,3822,1287,5109,5321.875,0.2653061224489796,0.5918367346938775,0.14285714285714285,21,78,48,21,87,39
IMPORTANCE_MATCHED_BUDGET,32,RANDOM_COPY,0.3,6119e7089b0af0e9dd68c482fb71ece1f09122f81807a2ccc71010aa4cade86f,RANDOM_COPY:0.3:32:54,48383dbed7e57ea942d68935d1755a867724ff8004039096221c67d477ea9465,140,140,IMPORTANCE_MATCHED_BUDGET_V1_SHA256_ASCENDING,b6ebb0d1acdb6ab3f75c857852642fbb4f263d0827b6968721e0c3c2ec5ae1e8,1.0,0.9655172413793104,0.9629629629629629,0.9166666666666666,140,95,67,45,28,3640,1235,4875,5078.125,0.2785714285714286,0.6214285714285714,0.1,14,78,48,14,87,39
IMPORTANCE_MATCHED_BUDGET,33,RANDOM_COPY,0.3,81de3b48689a54bac849bcf0dbe81e7c12b28d260f7a3f4dd8110beec101cfbb,RANDOM_COPY:0.3:33:54,4833a62152a88ee98696097786dbf701f665673426f577b8eac2c8baedeb4b0c,145,145,IMPORTANCE_MATCHED_BUDGET_V1_SHA256_ASCENDING,2eddb646889219d39e055ca65490192671cc7bc3cbcc49d686cd422d40b960c5,0.9230769230769231,0.9310344827586207,0.8703703703703703,0.6666666666666666,145,93,61,52,32,3770,1209,4979,5186.458333333333,0.2689655172413793,0.6,0.1310344827586207,19,78,48,19,87,39
IMPORTANCE_MATCHED_BUDGET,34,RANDOM_COPY,0.3,3311278d0a1da75c7db630963f14ab90c2d0761099a18366d1464945dddd9c3b,RANDOM_COPY:0.3:34:54,16fc2940b5a85d22a55673ed64cf7b566d38131fc007d1150d403e0f419a1976,147,147,IMPORTANCE_MATCHED_BUDGET_V1_SHA256_ASCENDING,9448b360ec60b85b7ff1a63a74d54bc60f6b32eacbc6a7e98f1002bb1b6272e3,1.0,1.0,0.9444444444444444,0.75,147,110,77,37,33,3822,1430,5252,5470.833333333333,0.2653061224489796,0.5918367346938775,0.14285714285714285,21,78,48,21,87,39
IMPORTANCE_MATCHED_BUDGET,35,RANDOM_COPY,0.3,f250c5873604ee96db60e34131c830b5e62e5eaacded034746890f6fa0985c21,RANDOM_COPY:0.3:35:54,bb3b79dacc872dc337f18123ca454f139c7a3761ac1b20d0b2628369bcf8da80,148,148,IMPORTANCE_MATCHED_BUDGET_V1_SHA256_ASCENDING,99cfc1f6f09b02e71fab780e417c11e35e4ecbb5f7743f7e2c9f21144f6f92d6,0.8461538461538461,0.9655172413793104,0.9074074074074074,0.8333333333333334,148,86,68,62,18,3848,1118,4966,5172.916666666667,0.2635135135135135,0.5878378378378378,0.14864864864864866,22,78,48,22,87,39
IMPORTANCE_MATCHED_BUDGET,36,RANDOM_COPY,0.3,60ce6e544b21f1e8134e2af61817152ff93a013a5a7898e2614c90c9a9cbb846,RANDOM_COPY:0.3:36:54,df4d96ddabd52a77843a4bb063d21a3e639e6cea1c05f0236edf06cffcd2b833,143,143,IMPORTANCE_MATCHED_BUDGET_V1_SHA256_ASCENDING,9b504a21e9693bc71fea77721e6465c0c379be3ff599ab70796b631d5e14ee65,1.0,1.0,0.9629629629629629,0.8333333333333334,143,104,80,39,24,3718,1352,5070,5281.25,0.2727272727272727,0.6083916083916084,0.11888111888111888,17,78,48,17,87,39
IMPORTANCE_MATCHED_BUDGET,37,RANDOM_COPY,0.3,f159dbf46962caa6bc856247e0f649a66f15e527ebc710b9b7417e03cd762244,RANDOM_COPY:0.3:37:54,b9f9a665527fefdb4b88d0bf1c4c2ebe425f379c5331242fd2b89eeeb016adb5,140,140,IMPORTANCE_MATCHED_BUDGET_V1_SHA256_ASCENDING,6f204f000f94ed9cf662320872b21e86621755136647581eb9b4b1a6ca1686db,0.9230769230769231,1.0,0.9444444444444444,0.8333333333333334,140,103,72,37,31,3640,1339,4979,5186.458333333333,0.2785714285714286,0.6214285714285714,0.1,14,78,48,14,87,39
IMPORTANCE_MATCHED_BUDGET,38,RANDOM_COPY,0.3,c5e010f16d66360b7deeea8c3dbaa867bebf739e304ea32fa67954c3b2e97f64,RANDOM_COPY:0.3:38:54,fd90f0ca1962c83d557fc21dba701e1e503587316c91845621452edbd0065de0,140,140,IMPORTANCE_MATCHED_BUDGET_V1_SHA256_ASCENDING,882aa5b43e58153f3d121b01a4563f962edd24a8a289214319b408d2ccf5b5eb,0.9230769230769231,0.9655172413793104,0.9444444444444444,0.9166666666666666,140,98,62,42,36,3640,1274,4914,5118.75,0.2785714285714286,0.6214285714285714,0.1,14,78,48,14,87,39
IMPORTANCE_MATCHED_BUDGET,39,RANDOM_COPY,0.3,51c5feb51f91575a44a4d4424377fe2549ccecf5b0d856676f0db557bc64e833,RANDOM_COPY:0.3:39:54,2b2eeaebaf07ca5ed0925cace2397ae2f6075ddf35d84de60e876851f539a780,144,144,IMPORTANCE_MATCHED_BUDGET_V1_SHA256_ASCENDING,59bc5e3981204be63be2021b5a9d33011dc6817ce15f08c3b3fcb9b166025567,0.9230769230769231,0.9655172413793104,0.9444444444444444,0.9166666666666666,144,100,81,44,19,3744,1300,5044,5254.166666666666,0.2708333333333333,0.6041666666666666,0.125,18,78,48,18,87,39
IMPORTANCE_MATCHED_BUDGET,40,RANDOM_COPY,0.3,4f2d772a48f0466f3317f2a3d1c39bfdf29217e297af7af3ee474d69b90adef1,RANDOM_COPY:0.3:40:54,f4fe60a2ca6cdfb14d84619981884cb6b82988dadf433e777052533cc78dfac2,142,142,IMPORTANCE_MATCHED_BUDGET_V1_SHA256_ASCENDING,897dfd2174ae7c417456d037011ad2cf214e64eed42a474f3f4b7032490234da,1.0,0.9310344827586207,0.8888888888888888,0.6666666666666666,142,97,72,45,25,3692,1261,4953,5159.375,0.2746478873239437,0.6126760563380281,0.11267605633802817,16,78,48,16,87,39
IMPORTANCE_MATCHED_BUDGET,41,RANDOM_COPY,0.3,e6cd8c02f3331b258d96deda8de88913d9f67d741fd44b281758bffd4b22d236,RANDOM_COPY:0.3:41:54,0326805662ff58c94fcbc8da0179803079287f1649472ceb95a1645882556b7e,145,145,IMPORTANCE_MATCHED_BUDGET_V1_SHA256_ASCENDING,09eaeeec4f3813a42ee3e364d27b90c8fb0ba4ad6e05cf07468326b568985dd7,0.9230769230769231,1.0,0.9629629629629629,0.9166666666666666,145,101,65,44,36,3770,1313,5083,5294.791666666667,0.2689655172413793,0.6,0.1310344827586207,19,78,48,19,87,39
IMPORTANCE_MATCHED_BUDGET,42,RANDOM_COPY,0.3,4529192cd06c270fe793380af4649b462f4ff40d4266120b6847c82e730bcd7b,RANDOM_COPY:0.3:42:54,2087eef1b4a09585c45396b9ae65ef1e136af84a6c2a132da0bacdf1d14a5fb0,140,140,IMPORTANCE_MATCHED_BUDGET_V1_SHA256_ASCENDING,d5dc33b40c5d4c90c8e42bb85933036e3f4873cb49e070300944ed932eb73ddd,1.0,0.9655172413793104,0.9074074074074074,0.6666666666666666,140,97,62,43,35,3640,1261,4901,5105.208333333334,0.2785714285714286,0.6214285714285714,0.1,14,78,48,14,87,39
IMPORTANCE_MATCHED_BUDGET,43,RANDOM_COPY,0.3,236449ba249350dd8c50595fb211c6a373de61cdcba704f44dfe7a369188ac72,RANDOM_COPY:0.3:43:54,ac6926c538fd2d65970bd755ceb3b1691befea1d090c049289ca1862999df9f7,144,144,IMPORTANCE_MATCHED_BUDGET_V1_SHA256_ASCENDING,24aa1e3515337fb82e3c3d047bf5ee9b3d7089119ba13562f290be4ddacb874a,1.0,1.0,1.0,1.0,144,106,76,38,30,3744,1378,5122,5335.416666666666,0.2708333333333333,0.6041666666666666,0.125,18,78,48,18,87,39
IMPORTANCE_MATCHED_BUDGET,44,RANDOM_COPY,0.3,09f3d575b5be45679a9d14896c2fc1363339b7f05b141eefb3ecf3d94191f50c,RANDOM_COPY:0.3:44:54,77c63b0a4d97876775457ec70e138c6ca70deb7e70e3783668ad1a0c21123a51,143,143,IMPORTANCE_MATCHED_BUDGET_V1_SHA256_ASCENDING,cea6b2b80e08e3c44e2363a15d3782f483d5ce9952e3639091f8e1a117f4bb5d,0.9230769230769231,1.0,0.9259259259259259,0.75,143,105,81,38,24,3718,1365,5083,5294.791666666667,0.2727272727272727,0.6083916083916084,0.11888111888111888,17,78,48,17,87,39
IMPORTANCE_MATCHED_BUDGET,45,RANDOM_COPY,0.3,48cbaa8d58ab894ebc9fd1dcadd67f73d87ba8bcf5314779a8684a1251803bf9,RANDOM_COPY:0.3:45:54,5e0234286c570b9170229d56ccae11e3c3aa21da5d45a6d8771f42e32aeeb172,138,138,IMPORTANCE_MATCHED_BUDGET_V1_SHA256_ASCENDING,fbfa68229db42ae895d987fafd4d3c6fe7de046bbad015034d91490bc75a76f1,1.0,0.9310344827586207,0.8703703703703703,0.5833333333333334,138,103,71,35,32,3588,1339,4927,5132.291666666666,0.2826086956521739,0.6304347826086957,0.08695652173913043,12,78,48,12,87,39
IMPORTANCE_MATCHED_BUDGET,46,RANDOM_COPY,0.3,1e18a4f187e48c688884c5338497c53c85c83c6b2d2e7e7e589f6eeed1939cc8,RANDOM_COPY:0.3:46:54,55e47e26869fbd0745e363251a9bd96a2da6dabae98e17b2d9646a0e4e889609,144,144,IMPORTANCE_MATCHED_BUDGET_V1_SHA256_ASCENDING,325cb07a438ee2bc0701e50cf14a2dbb6a4267146de0cc36e7a112699a7bdb73,0.9230769230769231,0.9655172413793104,0.9259259259259259,0.8333333333333334,144,100,67,44,33,3744,1300,5044,5254.166666666666,0.2708333333333333,0.6041666666666666,0.125,18,78,48,18,87,39
IMPORTANCE_MATCHED_BUDGET,47,RANDOM_COPY,0.3,b9136d0c5b6f6e35050d9198937c6bb31962dbcb04fcf7e1cc4654102f4f1a0e,RANDOM_COPY:0.3:47:54,9b7eee8644054db6e833b5cc97b5f5c1ec6938ae8831c4d53c6cc0410454232c,141,141,IMPORTANCE_MATCHED_BUDGET_V1_SHA256_ASCENDING,21b7311e38d63917bc07c14f2ab246980e8f7040db4cd345a4144ac4933a5db8,1.0,0.9655172413793104,0.9444444444444444,0.8333333333333334,141,91,61,50,30,3666,1183,4849,5051.041666666666,0.2765957446808511,0.6170212765957447,0.10638297872340426,15,78,48,15,87,39
IMPORTANCE_MATCHED_BUDGET,48,RANDOM_COPY,0.3,37207e5917ddae4ebbb1aa053dee9168acd0287668097e99f1c0c2e7804e9c18,RANDOM_COPY:0.3:48:54,cf02962d2fd59c230e87b9f5364825248e9f41709127816e27e443dc5924b434,146,146,IMPORTANCE_MATCHED_BUDGET_V1_SHA256_ASCENDING,041ebd9e1accdbc97940c4339d552aeb1bb26b37de09a8d01cbe9ef367b8836c,1.0,0.9655172413793104,0.9444444444444444,0.8333333333333334,146,96,64,50,32,3796,1248,5044,5254.166666666666,0.2671232876712329,0.5958904109589042,0.136986301369863,20,78,48,20,87,39
IMPORTANCE_MATCHED_BUDGET,49,RANDOM_COPY,0.3,3f51b9829e76334604c6e214aca57fd7b2135b7273fd421c14cf37c2e25a4dd3,RANDOM_COPY:0.3:49:54,44d85c8784158d52017d6538ffc71b375d9844249ab1b147779cc962a78662bc,146,146,IMPORTANCE_MATCHED_BUDGET_V1_SHA256_ASCENDING,989da11f3dec4a404480f3b4a436141fd30f4c9c0d0ec1188d9b797740d44e80,1.0,1.0,0.9629629629629629,0.8333333333333334,146,109,75,37,34,3796,1417,5213,5430.208333333334,0.2671232876712329,0.5958904109589042,0.136986301369863,20,78,48,20,87,39
IMPORTANCE_MATCHED_BUDGET,50,RANDOM_COPY,0.3,5775e99ef6f4e193f38db7d0d0cf63e6dbc02a2ea1253e3fc0cdf18ef463b487,RANDOM_COPY:0.3:50:54,64171579e55245f7ed5aa39200b4f22ca507a48f7ac4d4f5f7e1dd86d1344270,138,138,IMPORTANCE_MATCHED_BUDGET_V1_SHA256_ASCENDING,fbfa68229db42ae895d987fafd4d3c6fe7de046bbad015034d91490bc75a76f1,0.9230769230769231,0.9655172413793104,0.8888888888888888,0.6666666666666666,138,89,60,49,29,3588,1157,4745,4942.708333333333,0.2826086956521739,0.6304347826086957,0.08695652173913043,12,78,48,12,87,39
IMPORTANCE_MATCHED_BUDGET,51,RANDOM_COPY,0.3,0b7d6bf414e729ce46ea354fb821e839b55bbb89b53570a80eec1df3c17d575a,RANDOM_COPY:0.3:51:54,3bc37c20eb17700b7985b0ea6f36c68a69361083980a3c6e03021063104d082a,143,143,IMPORTANCE_MATCHED_BUDGET_V1_SHA256_ASCENDING,cd9b6a7c312480edd6ca3a8993d71f5e88902695bdc7b8e742f4752d712fb27d,0.9230769230769231,0.9310344827586207,0.9074074074074074,0.8333333333333334,143,97,74,46,23,3718,1261,4979,5186.458333333333,0.2727272727272727,0.6083916083916084,0.11888111888111888,17,78,48,17,87,39
IMPORTANCE_MATCHED_BUDGET,52,RANDOM_COPY,0.3,3acbc5808db6370eec7f9f93ddd0c17095cbcca95fff7ad9e5a2971892b54c24,RANDOM_COPY:0.3:52:54,f4220901bf4f82965d5812467a907ad2c2a46ddb9fc2fcdaccf98340a01cbf84,141,141,IMPORTANCE_MATCHED_BUDGET_V1_SHA256_ASCENDING,92be8315b8366422f3b335d2e4f87255511bfb55af62f9e24f96174e3b848d96,1.0,0.9655172413793104,0.8888888888888888,0.5833333333333334,141,91,72,50,19,3666,1183,4849,5051.041666666666,0.2765957446808511,0.6170212765957447,0.10638297872340426,15,78,48,15,87,39
IMPORTANCE_MATCHED_BUDGET,53,RANDOM_COPY,0.3,3e742f49e26551b32b3e4cfee72a8b1a397d953f44b4c21bd4a3beade216c9ed,RANDOM_COPY:0.3:53:54,bd72aded2a4e8a7496be43c2114ecd9b09129ae95943288c54b9def7c53804c5,148,148,IMPORTANCE_MATCHED_BUDGET_V1_SHA256_ASCENDING,99994953fa6595556326c040cc5c114b941d0a0e6021293e7f5739d96a9fb0fd,1.0,0.9310344827586207,0.9629629629629629,1.0,148,109,84,39,25,3848,1417,5265,5484.375,0.2635135135135135,0.5878378378378378,0.14864864864864866,22,78,48,22,87,39
IMPORTANCE_MATCHED_BUDGET,54,RANDOM_COPY,0.3,8d997c6008ed844018d029cc8b30b9e54faa7ad6779958f4a10af07f53a1fd8a,RANDOM_COPY:0.3:54:54,344efea6274414a6da58a5c739c3d14b04d819be60b99d3697fed1eb9912fdde,138,138,IMPORTANCE_MATCHED_BUDGET_V1_SHA256_ASCENDING,fbfa68229db42ae895d987fafd4d3c6fe7de046bbad015034d91490bc75a76f1,1.0,0.9655172413793104,0.9259259259259259,0.75,138,102,67,36,35,3588,1326,4914,5118.75,0.2826086956521739,0.6304347826086957,0.08695652173913043,12,78,48,12,87,39
IMPORTANCE_MATCHED_BUDGET,55,RANDOM_COPY,0.3,9a389bb940b3a109f59b48f26c84f05a9b08dab7fc6527f41590f20d4537f247,RANDOM_COPY:0.3:55:54,c2fb920c39586c41ed1858874a918690da0cca494674367e3604495bc8072f7d,147,147,IMPORTANCE_MATCHED_BUDGET_V1_SHA256_ASCENDING,e49e9836c801d4e2f1eddba42344d6c516fa48d1db67731a6c58d146faba4ba5,1.0,0.9655172413793104,0.9814814814814815,1.0,147,94,64,53,30,3822,1222,5044,5254.166666666666,0.2653061224489796,0.5918367346938775,0.14285714285714285,21,78,48,21,87,39
IMPORTANCE_MATCHED_BUDGET,56,RANDOM_COPY,0.3,cc4ee46b3195a07bf1d7019ff92ff7351b7ad6bcb61bc5ba00f4a1149939fa10,RANDOM_COPY:0.3:56:54,a4b94350e3bcbde4644f78d25f8120d331c0afa6a1717379b5dc98ae4759ea08,144,144,IMPORTANCE_MATCHED_BUDGET_V1_SHA256_ASCENDING,1d137e5fe1d3bb0f1dae283685f9a97b7d47ce6016b21a6cd6abc82baeed8a96,1.0,1.0,0.9629629629629629,0.8333333333333334,144,112,76,32,36,3744,1456,5200,5416.666666666667,0.2708333333333333,0.6041666666666666,0.125,18,78,48,18,87,39
IMPORTANCE_MATCHED_BUDGET,57,RANDOM_COPY,0.3,c4953acd4bff8aa7e38e17aedddf54b4f2076f77112d871697c31f7099448c56,RANDOM_COPY:0.3:57:54,d0a6f9a9071a2164b90ea7e811e366779f83cd5fdb16cb7c7c4d6e5c06fae698,145,145,IMPORTANCE_MATCHED_BUDGET_V1_SHA256_ASCENDING,39f6bb2f622139c0d7dc2fed0b62d1fff634bc74e7548bea398cba58496e05d8,1.0,1.0,0.9814814814814815,0.9166666666666666,145,103,72,42,31,3770,1339,5109,5321.875,0.2689655172413793,0.6,0.1310344827586207,19,78,48,19,87,39
IMPORTANCE_MATCHED_BUDGET,58,RANDOM_COPY,0.3,40e3c8ccdf11bea273c67c481c0a721fee465cf0e131f4282107dc49559ff410,RANDOM_COPY:0.3:58:54,bf6fd973f4dc11ab0804e6d573eb5e0ad36fb26abd3aac24de61a8a9dfeb826b,143,143,IMPORTANCE_MATCHED_BUDGET_V1_SHA256_ASCENDING,7c0c2f7b7786e3b06ebb03f695c61b94f76701c3f2ba2f1d3408f91d82334fe5,1.0,0.9655172413793104,0.9629629629629629,0.9166666666666666,143,99,74,44,25,3718,1287,5005,5213.541666666667,0.2727272727272727,0.6083916083916084,0.11888111888111888,17,78,48,17,87,39
IMPORTANCE_MATCHED_BUDGET,59,RANDOM_COPY,0.3,d9fcd7cca570ac4fadcad587ee4db6b68d120230ae32c0e844c0825b05597246,RANDOM_COPY:0.3:59:54,25358e867bc7fea9704fef39b4bd5f1a050d1c61135e30b9971a9ddb6fef2276,143,143,IMPORTANCE_MATCHED_BUDGET_V1_SHA256_ASCENDING,f3db6e47b574e020ca2b4577090b5d5a70b28ba377461c373e3199283a17ab7c,0.9230769230769231,1.0,0.9629629629629629,0.9166666666666666,143,104,82,39,22,3718,1352,5070,5281.25,0.2727272727272727,0.6083916083916084,0.11888111888111888,17,78,48,17,87,39
IMPORTANCE_MATCHED_BUDGET,60,RANDOM_COPY,0.3,098bf99f32c0f711f965b8aed61f1c2684c9bff2908677244e50ef39a6cecbb8,RANDOM_COPY:0.3:60:54,8f4f12e924569154da0ef060473761360d332ab833106ed1fccb3a816d438e31,142,142,IMPORTANCE_MATCHED_BUDGET_V1_SHA256_ASCENDING,8c92ccbfec89e408ce6a247c7f80413578e603bd4bb31ba799311ddef93a63ae,0.9230769230769231,0.9655172413793104,0.9259259259259259,0.8333333333333334,142,97,77,45,20,3692,1261,4953,5159.375,0.2746478873239437,0.6126760563380281,0.11267605633802817,16,78,48,16,87,39
IMPORTANCE_MATCHED_BUDGET,61,RANDOM_COPY,0.3,cf84f96fa655d68fea4cdeddfe9b1065d95110760501f563d4e60d8ffde9a2d3,RANDOM_COPY:0.3:61:54,eb4073ecb421ab88a3a8377441d940102111281f403d3188e89e55e17c6cea26,140,140,IMPORTANCE_MATCHED_BUDGET_V1_SHA256_ASCENDING,c2346341ddcf01a4f2f8eba3e7cea4ecd7951b7b9094d753bc95c93c0ffefcd4,0.8461538461538461,1.0,0.9259259259259259,0.8333333333333334,140,91,60,49,31,3640,1183,4823,5023.958333333334,0.2785714285714286,0.6214285714285714,0.1,14,78,48,14,87,39
IMPORTANCE_MATCHED_BUDGET,62,RANDOM_COPY,0.3,d6ce191eddde49a8515b856101cc57bcc28460b1b3bd7ec88f4b957c42501e28,RANDOM_COPY:0.3:62:54,cb4457f9c7d9125fa3af54e92246c430414d830abfc7b70e55d55b4de107673e,141,141,IMPORTANCE_MATCHED_BUDGET_V1_SHA256_ASCENDING,a05a67af405bb592e7ba76c8243d0f71799014ce529c9a4a8b4ecb626a10c5f5,1.0,1.0,0.9259259259259259,0.6666666666666666,141,101,67,40,34,3666,1313,4979,5186.458333333333,0.2765957446808511,0.6170212765957447,0.10638297872340426,15,78,48,15,87,39
IMPORTANCE_MATCHED_BUDGET,63,RANDOM_COPY,0.3,dc7f71dcb9bc660fe5891b77a026b24d757bd6a682fee3df50277a1e7b4e3c95,RANDOM_COPY:0.3:63:54,5b1ebde3f7e94648f8bb6fb1870ea392f24d4ccf44606a187833b0209f7ca79a,146,146,IMPORTANCE_MATCHED_BUDGET_V1_SHA256_ASCENDING,23d32226347d0ce2d7713798ddfa9c0440b15a2bb39206b2f6803a7cb0727fa2,0.9230769230769231,0.9655172413793104,0.9629629629629629,1.0,146,101,71,45,30,3796,1313,5109,5321.875,0.2671232876712329,0.5958904109589042,0.136986301369863,20,78,48,20,87,39
IMPORTANCE_MATCHED_BUDGET,64,RANDOM_COPY,0.3,ca7040eb36fef99fd228c901a9459b0ced7f5f0f6ffc36f1634524d315e34210,RANDOM_COPY:0.3:64:54,aba7e0b182573702fc6153b047630650e4998c32811d17186db991c6cc6e485c,140,140,IMPORTANCE_MATCHED_BUDGET_V1_SHA256_ASCENDING,7d7f07c330ce1ded248fbfbeff8c75dcbd7208fc58d2b3e340173a6a5693bb6d,1.0,0.9655172413793104,0.9259259259259259,0.75,140,97,70,43,27,3640,1261,4901,5105.208333333334,0.2785714285714286,0.6214285714285714,0.1,14,78,48,14,87,39
IMPORTANCE_MATCHED_BUDGET,65,RANDOM_COPY,0.3,c5696372e28eda944d111d811fcca5ad05e59b3169009a337a147887bf942064,RANDOM_COPY:0.3:65:54,3cbf2a11f40cfa52549bc777a939c267e199468852afce77b471061d0d35ab3a,147,147,IMPORTANCE_MATCHED_BUDGET_V1_SHA256_ASCENDING,e74ef59725e2cc67f3dd3cf9eb7ae05782728b79efd1303c6e3084990791e9d0,1.0,1.0,0.9814814814814815,0.9166666666666666,147,103,78,44,25,3822,1339,5161,5376.041666666667,0.2653061224489796,0.5918367346938775,0.14285714285714285,21,78,48,21,87,39
IMPORTANCE_MATCHED_BUDGET,66,RANDOM_COPY,0.3,b6db333a9c9ee5b5c3a33e25217ecd21db38119ab4996e7f94c72eafd4de4a21,RANDOM_COPY:0.3:66:54,d24d016bd00f93e8bd27b9a4d26b3aedd42fe22d7b5c0be88363a17a7a54f076,141,141,IMPORTANCE_MATCHED_BUDGET_V1_SHA256_ASCENDING,9884c62e1c184d537cb4df617623860b08ba415da0d9ede27d12ba6f95e76b7a,0.9230769230769231,1.0,0.9259259259259259,0.75,141,97,71,44,26,3666,1261,4927,5132.291666666666,0.2765957446808511,0.6170212765957447,0.10638297872340426,15,78,48,15,87,39
IMPORTANCE_MATCHED_BUDGET,67,RANDOM_COPY,0.3,9cbc700fce522598dd4101afe27b6cbb4b9a59e84418e8ea3ef95e83d6d5f0ca,RANDOM_COPY:0.3:67:54,c1be5adf25b275b03cb478c14b0c59d45f437efb13bcd4f9ecd57ca3258b20f8,138,138,IMPORTANCE_MATCHED_BUDGET_V1_SHA256_ASCENDING,fbfa68229db42ae895d987fafd4d3c6fe7de046bbad015034d91490bc75a76f1,1.0,1.0,0.9629629629629629,0.8333333333333334,138,106,71,32,35,3588,1378,4966,5172.916666666667,0.2826086956521739,0.6304347826086957,0.08695652173913043,12,78,48,12,87,39
IMPORTANCE_MATCHED_BUDGET,68,RANDOM_COPY,0.3,88fabb0364ce1e5891902cf5f319a3fb04a8448209903ab8dd35891948d62fbc,RANDOM_COPY:0.3:68:54,a7820839108069b13a7682f707b692f36e6b2769abadea559de33f56c15bb145,142,142,IMPORTANCE_MATCHED_BUDGET_V1_SHA256_ASCENDING,93e39f40965631aec7fac76e114a8da631d9ab5d2fad6781bb00a6c004595334,1.0,1.0,0.9444444444444444,0.75,142,103,62,39,41,3692,1339,5031,5240.625,0.2746478873239437,0.6126760563380281,0.11267605633802817,16,78,48,16,87,39
IMPORTANCE_MATCHED_BUDGET,69,RANDOM_COPY,0.3,27d3f0a3fd57600aa06acb458c34cd01d8342c30de5f50d966c17e2cde00c0a9,RANDOM_COPY:0.3:69:54,0a270b72fadbf84bc3446d763a6aea56c800ecf9ff5a0cd3aa99078039967d8c,142,142,IMPORTANCE_MATCHED_BUDGET_V1_SHA256_ASCENDING,0e62160897acd95bc5b70be1111480141894908e99ab2058c1f54c4fbfdfa25d,1.0,1.0,0.9444444444444444,0.75,142,95,69,47,26,3692,1235,4927,5132.291666666666,0.2746478873239437,0.6126760563380281,0.11267605633802817,16,78,48,16,87,39
IMPORTANCE_MATCHED_BUDGET,70,RANDOM_COPY,0.3,f3a49e1cdaf8f516d725f287051292e509bb25a3617cf655501e63bc740f3abe,RANDOM_COPY:0.3:70:54,31b5be95571085ebbe1988e76dce4a6944b8f77b6f24eaebf0ec64d75908d176,146,146,IMPORTANCE_MATCHED_BUDGET_V1_SHA256_ASCENDING,fb15bc5f2b7718c2adbfe60eed549d23366e712869b1cf7180f9ae990bafec56,0.9230769230769231,0.9655172413793104,0.9629629629629629,1.0,146,101,75,45,26,3796,1313,5109,5321.875,0.2671232876712329,0.5958904109589042,0.136986301369863,20,78,48,20,87,39
IMPORTANCE_MATCHED_BUDGET,71,RANDOM_COPY,0.3,daa94560d3ed19707d0917a93fc3484be768efdacea2e37f31a5e0aceb6bc9f0,RANDOM_COPY:0.3:71:54,0640fe39790fb1a7e7972f8402fa98a3d96416251c7cd40a345c9604a4a1913d,135,135,IMPORTANCE_MATCHED_BUDGET_V1_SHA256_ASCENDING,e9c98d4906bc2d83a7f471a7f13391fcea24a362a38913fd1d29d96b0550c407,1.0,0.9655172413793104,0.9259259259259259,0.75,135,94,71,41,23,3510,1222,4732,4929.166666666666,0.28888888888888886,0.6222222222222222,0.08888888888888889,12,75,48,12,84,39
IMPORTANCE_MATCHED_BUDGET,72,RANDOM_COPY,0.3,c87611b61bcbcfd491dcab5f7df40a394762999a2d2d205b627eda6932c9f5e6,RANDOM_COPY:0.3:72:54,a0e9c27c98c0004742462c801c98d795b80bb9139dfe2c1d9502bce41a91c817,143,143,IMPORTANCE_MATCHED_BUDGET_V1_SHA256_ASCENDING,07d7f3cd2f4b51556b2bbace492996d91376e09f8cdfc3c3b8109c070a9f54cc,0.9230769230769231,1.0,0.9444444444444444,0.8333333333333334,143,100,72,43,28,3718,1300,5018,5227.083333333334,0.2727272727272727,0.6083916083916084,0.11888111888111888,17,78,48,17,87,39
IMPORTANCE_MATCHED_BUDGET,73,RANDOM_COPY,0.3,d2b13b4a87bbdab2e9933b6d7dac2d640a845846c4a1cc169aa3b68c997d62ef,RANDOM_COPY:0.3:73:54,7fae3aef4c603b3a05ee63dcbcc54c7a1c7f3040b8f59a2272d4c050a57cf4c4,143,143,IMPORTANCE_MATCHED_BUDGET_V1_SHA256_ASCENDING,2135df8c700bb0fa6e250a00591e16e9db5e4badc1f646e6151a80dcaaaded0c,0.9230769230769231,0.9655172413793104,0.9444444444444444,0.9166666666666666,143,94,64,49,30,3718,1222,4940,5145.833333333333,0.2727272727272727,0.6083916083916084,0.11888111888111888,17,78,48,17,87,39
IMPORTANCE_MATCHED_BUDGET,74,RANDOM_COPY,0.3,765a1156611b17d598704e615ad0eec00715e9944b72db5a33e0062e47f14494,RANDOM_COPY:0.3:74:54,75399ca9b136c09eedf72b2eee9137d07c93382130c26a0b331c39c75d69c6cf,145,145,IMPORTANCE_MATCHED_BUDGET_V1_SHA256_ASCENDING,5cb435f992496725897db381ceb8b38f9e1121f3f98ce4451d3471e6cee8fba0,0.9230769230769231,0.9655172413793104,0.9259259259259259,0.8333333333333334,145,98,73,47,25,3770,1274,5044,5254.166666666666,0.2689655172413793,0.6,0.1310344827586207,19,78,48,19,87,39
IMPORTANCE_MATCHED_BUDGET,75,RANDOM_COPY,0.3,025e305327943c3c3cd5ae73353c988456796ffee9a1f7f55bc60f3a777006a8,RANDOM_COPY:0.3:75:54,7c80db151fae0e795ba4466958cbf30adf3f0206d9f806aa0fe37ba27e0f3f00,139,139,IMPORTANCE_MATCHED_BUDGET_V1_SHA256_ASCENDING,df2e4295d01ab6952ae01887331246179b696b0dffd4c246236213eeb0229de4,1.0,1.0,0.9629629629629629,0.8333333333333334,139,103,75,36,28,3614,1339,4953,5159.375,0.2805755395683453,0.6258992805755396,0.09352517985611511,13,78,48,13,87,39
IMPORTANCE_MATCHED_BUDGET,76,RANDOM_COPY,0.3,10a0d3b832ef3f12bb9bab286bdf5f06b73929cee9b6a1eb0b57c6dc333b4dbc,RANDOM_COPY:0.3:76:54,564e02fa4f9e3ded46f4543abb815bfb6bfec81e2815659674a10a5805f082ec,141,141,IMPORTANCE_MATCHED_BUDGET_V1_SHA256_ASCENDING,73846c1f4b1eab07eb3e812df2c171bcd87277a377bf55f4513ea082413089a6,1.0,0.9655172413793104,0.9444444444444444,0.8333333333333334,141,109,83,32,26,3666,1417,5083,5294.791666666667,0.2765957446808511,0.6170212765957447,0.10638297872340426,15,78,48,15,87,39
IMPORTANCE_MATCHED_BUDGET,77,RANDOM_COPY,0.3,389abbe3135b398a079c793eb32ce6b0c704d4195986fd54b2e2a9d176107f0c,RANDOM_COPY:0.3:77:54,c051a563c089518f16b95ceb2d4f2208f9efee79b90fe63612829cfd75f64a61,146,146,IMPORTANCE_MATCHED_BUDGET_V1_SHA256_ASCENDING,f98203a42573a2351361e7efaea99e07a0cefc6dfa00c77eb675962636d2c809,1.0,0.896551724137931,0.9444444444444444,1.0,146,102,63,44,39,3796,1326,5122,5335.416666666666,0.2671232876712329,0.5958904109589042,0.136986301369863,20,78,48,20,87,39
IMPORTANCE_MATCHED_BUDGET,78,RANDOM_COPY,0.3,9bbe1983f865ab60e06edf77f51a61a6046126c35efd435183d8de74d541b455,RANDOM_COPY:0.3:78:54,752617672a136fd5231b62a191dbcf01f31b354a9fbf44df33f878c7afcf15f2,142,142,IMPORTANCE_MATCHED_BUDGET_V1_SHA256_ASCENDING,d78167c09e6b14a83b8b8fd18d962dc979eac785186d63f756d312ef470e5c09,1.0,0.9655172413793104,0.9259259259259259,0.75,142,98,67,44,31,3692,1274,4966,5172.916666666667,0.2746478873239437,0.6126760563380281,0.11267605633802817,16,78,48,16,87,39
IMPORTANCE_MATCHED_BUDGET,79,RANDOM_COPY,0.3,9530cd73487a1b6b88f7e054177f22af409edd63efa2334d5fb5a616bf327e78,RANDOM_COPY:0.3:79:54,dac4012ac675cf437f58697947a1bdb2e953c52acdfaaf0c987aab24c0317eb3,139,139,IMPORTANCE_MATCHED_BUDGET_V1_SHA256_ASCENDING,726d98d798ff4141ee5aab20758e4d51c3c71975eca4d72844b669b68a395c90,1.0,1.0,0.9444444444444444,0.75,139,111,77,28,34,3614,1443,5057,5267.708333333333,0.2805755395683453,0.6258992805755396,0.09352517985611511,13,78,48,13,87,39
IMPORTANCE_MATCHED_BUDGET,80,RANDOM_COPY,0.3,174b9e3972cc278e894c9e10db276b31c0b5cd5fdfe74d58188ed8d1556f092f,RANDOM_COPY:0.3:80:54,89e27ebf87601cc42f839ccff8720e1c3df334adf8ce2df85f9b0e2873f04c5d,141,141,IMPORTANCE_MATCHED_BUDGET_V1_SHA256_ASCENDING,d39836bdc7f66793cb1cdbb16c8a600e8af911c4de8c64ee1f5c8fc555808bdd,1.0,0.9310344827586207,0.9074074074074074,0.75,141,93,61,48,32,3666,1209,4875,5078.125,0.2765957446808511,0.6170212765957447,0.10638297872340426,15,78,48,15,87,39
IMPORTANCE_MATCHED_BUDGET,81,RANDOM_COPY,0.3,1d69f431c4871ac159848f7e121a8d80bff37f533fb3c20eb48f024b12d5aeb0,RANDOM_COPY:0.3:81:54,08d28d8565826b0763d0a40f201506ac43f925a072016660ea9109b5d0bcebe9,147,147,IMPORTANCE_MATCHED_BUDGET_V1_SHA256_ASCENDING,0f3d3361e11ae8c47a92225ed8083df75da30f805068ce0f20db090690555d5d,1.0,1.0,0.9814814814814815,0.9166666666666666,147,110,78,37,32,3822,1430,5252,5470.833333333333,0.2653061224489796,0.5918367346938775,0.14285714285714285,21,78,48,21,87,39
IMPORTANCE_MATCHED_BUDGET,82,RANDOM_COPY,0.3,57e62d849bedc78fc99bc69665966860245864cc1e3e4e45269848535c069791,RANDOM_COPY:0.3:82:54,aef1fbc5ac31e2899f0be4c681397acbf48eeddd704a4aebd37808fa0955db08,148,148,IMPORTANCE_MATCHED_BUDGET_V1_SHA256_ASCENDING,6ce9adb9d28614ff8345bdafd2484550a584009848443787bfff6f9d90cacce7,0.8461538461538461,0.9310344827586207,0.8888888888888888,0.8333333333333334,148,91,66,57,25,3848,1183,5031,5240.625,0.2635135135135135,0.5878378378378378,0.14864864864864866,22,78,48,22,87,39
IMPORTANCE_MATCHED_BUDGET,83,RANDOM_COPY,0.3,a515ad0185903e385ac6996bc77536ad2f96ad7fbe80191c26506648ec8615dd,RANDOM_COPY:0.3:83:54,10456df103d1212c9a8e162984e439fd31dedfb84b17e20c849416582699327d,145,145,IMPORTANCE_MATCHED_BUDGET_V1_SHA256_ASCENDING,3b7382331db2d959d28e5ae37ef3d88afe784f926a8086bd8293fe8e7568ae6d,1.0,1.0,0.9629629629629629,0.8333333333333334,145,111,80,34,31,3770,1443,5213,5430.208333333334,0.2689655172413793,0.6,0.1310344827586207,19,78,48,19,87,39
IMPORTANCE_MATCHED_BUDGET,84,RANDOM_COPY,0.3,21d6f93ac0d82eea05f72cb67f2f3809694156a444db11cc8b37f37e0162d866,RANDOM_COPY:0.3:84:54,753de95b30b2bcf814b872279d42db2bdb2d409c961ff7b7ac81ea6231a61408,143,143,IMPORTANCE_MATCHED_BUDGET_V1_SHA256_ASCENDING,44f8df561999bae97b8112f2e80a43bed3f200098ac50e1e02e369347aa6196e,0.9230769230769231,1.0,0.9259259259259259,0.75,143,108,74,35,34,3718,1404,5122,5335.416666666666,0.2727272727272727,0.6083916083916084,0.11888111888111888,17,78,48,17,87,39
IMPORTANCE_MATCHED_BUDGET,85,RANDOM_COPY,0.3,080bbb6a467c23b8925b449022be667c07b04c11f08e828f6a725b3da96ef476,RANDOM_COPY:0.3:85:54,0d6e2fd6b31de7c1d0b7cbe49f5e072bbce516e3830e8941c6f3cf0356814f67,137,137,IMPORTANCE_MATCHED_BUDGET_V1_SHA256_ASCENDING,bde555c453c0c3ad88b441bf7ac453bb8391af025e48b0b76ef15bc0fa164fff,1.0,0.9655172413793104,0.9259259259259259,0.75,137,99,59,38,40,3562,1287,4849,5051.041666666666,0.2846715328467153,0.6277372262773723,0.08759124087591241,12,77,48,12,86,39
IMPORTANCE_MATCHED_BUDGET,86,RANDOM_COPY,0.3,0b1c0d932387dbcd886809eb38a6ca0640e6059fa3c6273caff041e1ad7d1f45,RANDOM_COPY:0.3:86:54,3573bcfc785b73fab2cedf17d9c24987c14e8e2cfef6783256190c70649955f5,138,138,IMPORTANCE_MATCHED_BUDGET_V1_SHA256_ASCENDING,fbfa68229db42ae895d987fafd4d3c6fe7de046bbad015034d91490bc75a76f1,1.0,1.0,0.9074074074074074,0.5833333333333334,138,99,67,39,32,3588,1287,4875,5078.125,0.2826086956521739,0.6304347826086957,0.08695652173913043,12,78,48,12,87,39
IMPORTANCE_MATCHED_BUDGET,87,RANDOM_COPY,0.3,d678298049b591612299f4bac2a5bdd1a82e9002ffa46e095edbde66273c27cf,RANDOM_COPY:0.3:87:54,eff2d9d3f7316e7cceed626adf181661b0eb53107a45e076483032f9333d8656,141,141,IMPORTANCE_MATCHED_BUDGET_V1_SHA256_ASCENDING,e2f67e06353ff8e560379c98bab8e68d50326e0d3f715fcd8e4f94ccd88cf0d2,1.0,1.0,0.9444444444444444,0.75,141,104,76,37,28,3666,1352,5018,5227.083333333334,0.2765957446808511,0.6170212765957447,0.10638297872340426,15,78,48,15,87,39
IMPORTANCE_MATCHED_BUDGET,88,RANDOM_COPY,0.3,955a0c19bd45db84ad62cd96df6c06c48355268daa9f2381f805a732ee51947c,RANDOM_COPY:0.3:88:54,074efc532c6bc2f9cc20eeff79c46d3e8ef2f5a9843d8a2a8dfcddc73297d305,144,144,IMPORTANCE_MATCHED_BUDGET_V1_SHA256_ASCENDING,f8c895e54e8685b09d3fcb0793857f4101f9342cdc88bda2077026b2cdc30fcd,1.0,1.0,0.9259259259259259,0.6666666666666666,144,101,72,43,29,3744,1313,5057,5267.708333333333,0.2708333333333333,0.6041666666666666,0.125,18,78,48,18,87,39
IMPORTANCE_MATCHED_BUDGET,89,RANDOM_COPY,0.3,3d44c132f556d34c2bcb5fa4eb40e02758a17b2033155615540c43da524cc108,RANDOM_COPY:0.3:89:54,b5825459f8910d7155f945c45866557ecac697331f04c53d24efeb53ee33912a,141,141,IMPORTANCE_MATCHED_BUDGET_V1_SHA256_ASCENDING,a24238dbd749076260acaf259a1b97cbfe31a4d9f473c3a1fa85a78dba5b84ec,1.0,0.9655172413793104,0.9629629629629629,0.9166666666666666,141,100,72,41,28,3666,1300,4966,5172.916666666667,0.2765957446808511,0.6170212765957447,0.10638297872340426,15,78,48,15,87,39
IMPORTANCE_MATCHED_BUDGET,90,RANDOM_COPY,0.3,dcd8e0b1ad679efe832bb46cd4b9216514b8127e9f6f81e893abed963d7cfffd,RANDOM_COPY:0.3:90:54,1bfabe08b86c4942e748d121d7461072c18bb50ba25a5a8c069fdc0a001aaaca,138,138,IMPORTANCE_MATCHED_BUDGET_V1_SHA256_ASCENDING,fbfa68229db42ae895d987fafd4d3c6fe7de046bbad015034d91490bc75a76f1,1.0,1.0,0.9259259259259259,0.6666666666666666,138,100,60,38,40,3588,1300,4888,5091.666666666667,0.2826086956521739,0.6304347826086957,0.08695652173913043,12,78,48,12,87,39
IMPORTANCE_MATCHED_BUDGET,91,RANDOM_COPY,0.3,c0c55f5195c401754b8e72e9ae7c90e3fdbbfb01dfacf08894bfdd5312e3d2f2,RANDOM_COPY:0.3:91:54,7f47012bd1427594cccfaa78b9e6e9e42fc5474003f5bb7f461afa9bf5d82c96,141,141,IMPORTANCE_MATCHED_BUDGET_V1_SHA256_ASCENDING,2aae6d7fe8833098b42cf90c722e42e92961a4659edf528010e054408c8551b4,1.0,1.0,0.9629629629629629,0.8333333333333334,141,99,69,42,30,3666,1287,4953,5159.375,0.2765957446808511,0.6170212765957447,0.10638297872340426,15,78,48,15,87,39
IMPORTANCE_MATCHED_BUDGET,92,RANDOM_COPY,0.3,363051f96af7049ff65b2ff329f49abc9147a2f82e2dddf6750f941d328766e6,RANDOM_COPY:0.3:92:54,3a5d35dfce69f38902a250896535986c253a4ae2b7cc288a1aee218b7f8b8443,145,145,IMPORTANCE_MATCHED_BUDGET_V1_SHA256_ASCENDING,2f92b227a23cc1587ec73d0fc4d694174ce90006f4e6eb9a402c46f88f1d05b7,1.0,0.9655172413793104,0.9259259259259259,0.75,145,101,63,44,38,3770,1313,5083,5294.791666666667,0.2689655172413793,0.6,0.1310344827586207,19,78,48,19,87,39
IMPORTANCE_MATCHED_BUDGET,93,RANDOM_COPY,0.3,04d787a1614f3be0da6fc8ec281b469daecad23bc8276d539a1d74dcfe8415d7,RANDOM_COPY:0.3:93:54,4dc516431c84875034f6b98dbbd40fc137be43f17f15b1c620e1ea9568a87d91,141,141,IMPORTANCE_MATCHED_BUDGET_V1_SHA256_ASCENDING,86ed098b37fcc3d2f0a324915dd1969c5c952fe44f5fe5a20e49f9b513b327dc,1.0,1.0,0.9259259259259259,0.6666666666666666,141,103,73,38,30,3666,1339,5005,5213.541666666667,0.2765957446808511,0.6170212765957447,0.10638297872340426,15,78,48,15,87,39
IMPORTANCE_MATCHED_BUDGET,94,RANDOM_COPY,0.3,f7fd0e6aa0f63bea3095f9bce79fbf6174cefc14981d3d9b45887fe74ab3d99b,RANDOM_COPY:0.3:94:54,9bfa8ebbfc384ad89137108256246800ef728f8159fa6af4dfff0734c2aadfce,144,144,IMPORTANCE_MATCHED_BUDGET_V1_SHA256_ASCENDING,f98d86bc032bb625921f6ca94c0617c75bac24d7fc0446dd1a94b9db9bcc9823,0.9230769230769231,1.0,0.9259259259259259,0.75,144,104,75,40,29,3744,1352,5096,5308.333333333334,0.2708333333333333,0.6041666666666666,0.125,18,78,48,18,87,39
IMPORTANCE_MATCHED_BUDGET,95,RANDOM_COPY,0.3,77394af5acd9c0d00c9eb8c0241b996eafff2893897f6cbba11a6853d679584c,RANDOM_COPY:0.3:95:54,b3b715fea7209ca2b08e54bf79ac6bc1f735fed46f1118e05cc73d94aceee2f4,143,143,IMPORTANCE_MATCHED_BUDGET_V1_SHA256_ASCENDING,0e698fae987df775bf71789039dffd76ee5204437d1926c1676e1800c6fc3884,1.0,0.9310344827586207,0.9074074074074074,0.75,143,99,71,44,28,3718,1287,5005,5213.541666666667,0.2727272727272727,0.6083916083916084,0.11888111888111888,17,78,48,17,87,39
IMPORTANCE_MATCHED_BUDGET,96,RANDOM_COPY,0.3,2416e0bed50dbf4aed5006cff12c025592ce7143aec9d7408f1099e3c1ac7c4c,RANDOM_COPY:0.3:96:54,6ad7287c91b057caf4a9bd149130b3cad7ee547d96aad2fc6d99dfb2770e1d04,139,139,IMPORTANCE_MATCHED_BUDGET_V1_SHA256_ASCENDING,ae8a9531f7e202e50d15df90ea18eccad5e5e405e7b1deebde26913a98ed9361,1.0,0.9655172413793104,0.8703703703703703,0.5,139,96,68,43,28,3614,1248,4862,5064.583333333333,0.2805755395683453,0.6258992805755396,0.09352517985611511,13,78,48,13,87,39
IMPORTANCE_MATCHED_BUDGET,97,RANDOM_COPY,0.3,04e878d69821f0c96880b1bd1ad24aee3313ecb7db7692a59ed425a7ec6d5a2e,RANDOM_COPY:0.3:97:54,36e506feefe0cd16280e513c026b3dd05e5d05f1c5d8268e775a69d6849a69f6,145,145,IMPORTANCE_MATCHED_BUDGET_V1_SHA256_ASCENDING,f8912484f2c4c5e5307c70de7995906e57804181c39461e3562ef3263ba6dc97,1.0,0.9310344827586207,0.9259259259259259,0.8333333333333334,145,100,67,45,33,3770,1300,5070,5281.25,0.2689655172413793,0.6,0.1310344827586207,19,78,48,19,87,39
IMPORTANCE_MATCHED_BUDGET,98,RANDOM_COPY,0.3,2af730ca2b5cc0b582c25a17d539e44c7bd507c01dec394c27e345473798ada2,RANDOM_COPY:0.3:98:54,a5a5c83ead3d7c2e3897055d089fbe4bf56b1d4117a6265921c2711525daa62a,142,142,IMPORTANCE_MATCHED_BUDGET_V1_SHA256_ASCENDING,4bac69ba263a3b4b4f6668ac8107a628a3c10b7e808fc1107c3a9412c68e2f41,1.0,0.896551724137931,0.8888888888888888,0.75,142,98,69,44,29,3692,1274,4966,5172.916666666667,0.2746478873239437,0.6126760563380281,0.11267605633802817,16,78,48,16,87,39
IMPORTANCE_MATCHED_BUDGET,99,RANDOM_COPY,0.3,574807d0bdf848ca5c8ab7bceca1f41babb1d589edd114a6fa11eec5d1138619,RANDOM_COPY:0.3:99:54,2a081923485d778fdd4b04704b032cfc6458700d3c4715489eb09edf18f94f8a,144,144,IMPORTANCE_MATCHED_BUDGET_V1_SHA256_ASCENDING,2a126275391bdf1509c3f6c5fa05c80c736f2ed25ddb6a5c92bebfd51f81093b,1.0,1.0,0.9629629629629629,0.8333333333333334,144,105,72,39,33,3744,1365,5109,5321.875,0.2708333333333333,0.6041666666666666,0.125,18,78,48,18,87,39
IMPORTANCE_MATCHED_BUDGET,100,RANDOM_COPY,0.3,2eac6314f94f5d0c84d65e6f2853e50b6046eee145b0e48ed484df1ffdb0c611,RANDOM_COPY:0.3:100:54,34153d6eceb97fa971f14b39367ab50af60200929890b8da1ecd1d971d506d64,143,143,IMPORTANCE_MATCHED_BUDGET_V1_SHA256_ASCENDING,713c826a9e4e6f85a164a846935a2c827a3fbd250ac258c2df1aee1e3de543f4,0.9230769230769231,1.0,0.9629629629629629,0.9166666666666666,143,97,70,46,27,3718,1261,4979,5186.458333333333,0.2727272727272727,0.6083916083916084,0.11888111888111888,17,78,48,17,87,39
IMPORTANCE_MATCHED_BUDGET,101,RANDOM_COPY,0.3,19bb4e77673595b7177ee57ca45bf263faff014c183babe0c8a178141546073d,RANDOM_COPY:0.3:101:54,ed3fbd914f883bb368276d487cd2529973d9209c4b4c10d67a4c56c3633fc203,141,141,IMPORTANCE_MATCHED_BUDGET_V1_SHA256_ASCENDING,bc2c4ce96b6d0c7e2da61edaa143ac5bb6dac7ce811e0b26b3e2d43efdfddfdc,1.0,0.9310344827586207,0.8888888888888888,0.6666666666666666,141,106,64,35,42,3666,1378,5044,5254.166666666666,0.2765957446808511,0.6170212765957447,0.10638297872340426,15,78,48,15,87,39
IMPORTANCE_MATCHED_BUDGET,102,RANDOM_COPY,0.3,1f9fc7c38e0430ad559b5e7a416a7905cc043b6a17c92d7e615ef10a0af4611b,RANDOM_COPY:0.3:102:54,77a93f05da02aad076feb8bb5e239d884c35345d4b79d1e0b56872a96a08d01d,146,146,IMPORTANCE_MATCHED_BUDGET_V1_SHA256_ASCENDING,7a0997325c41ffbd3c3c6e32232cf816b42859dcc6ac00c48d7ac12e64ee1271,1.0,1.0,0.9814814814814815,0.9166666666666666,146,104,64,42,40,3796,1352,5148,5362.5,0.2671232876712329,0.5958904109589042,0.136986301369863,20,78,48,20,87,39
IMPORTANCE_MATCHED_BUDGET,103,RANDOM_COPY,0.3,14b66f2b14edb57ea7ae60bda14bc957b1db1ee1da999be761eae18fd2e514ce,RANDOM_COPY:0.3:103:54,9da918f199ef1df0d61d75c8588478f16d12f7600bbc8b75c339b5d205234133,142,142,IMPORTANCE_MATCHED_BUDGET_V1_SHA256_ASCENDING,ac0a96bce9c24c99c224425b47b4d1ce7514071f3eaded607d5db75506abbbf7,0.9230769230769231,0.9655172413793104,0.8888888888888888,0.6666666666666666,142,104,70,38,34,3692,1352,5044,5254.166666666666,0.2746478873239437,0.6126760563380281,0.11267605633802817,16,78,48,16,87,39
IMPORTANCE_MATCHED_BUDGET,104,RANDOM_COPY,0.3,a30a24ccc7aec26fa64384ea6adbd60d05db39f01a44254ea05582ddd4928854,RANDOM_COPY:0.3:104:54,124e78209d0da5ca68906fc795ad3b8933dbfccbc7e463d191d7d25baf09e6f0,146,146,IMPORTANCE_MATCHED_BUDGET_V1_SHA256_ASCENDING,4e036cebcc5a25c6af8c172100d6ce8a64aad9975473377c2692182c31fdb50c,0.9230769230769231,0.9310344827586207,0.9259259259259259,0.9166666666666666,146,94,70,52,24,3796,1222,5018,5227.083333333334,0.2671232876712329,0.5958904109589042,0.136986301369863,20,78,48,20,87,39
IMPORTANCE_MATCHED_BUDGET,105,RANDOM_COPY,0.3,bb5efa1732957ab807c041cbe4f0b558279a08bc12a17ddc65d4699e081c651c,RANDOM_COPY:0.3:105:54,06689bc7ced5f1b36ac258c3b9ba18c20bdc7ddbda400a8a4dc5736b5e112a25,143,143,IMPORTANCE_MATCHED_BUDGET_V1_SHA256_ASCENDING,54e52f40b130a0b20d8b9d6bc02c96eeb7d802d1daba8a0b86ad2788b641d806,0.9230769230769231,1.0,0.9444444444444444,0.8333333333333334,143,93,67,50,26,3718,1209,4927,5132.291666666666,0.2727272727272727,0.6083916083916084,0.11888111888111888,17,78,48,17,87,39
IMPORTANCE_MATCHED_BUDGET,106,RANDOM_COPY,0.3,34649d18b8f4ce0b5694742e0454c5de280b6ff21be4d37750b772135840b113,RANDOM_COPY:0.3:106:54,6c27538d7a419a8b6637c4467a9991c617a0b9f5dc7ba8428e12203814a7f2b6,138,138,IMPORTANCE_MATCHED_BUDGET_V1_SHA256_ASCENDING,fbfa68229db42ae895d987fafd4d3c6fe7de046bbad015034d91490bc75a76f1,0.9230769230769231,1.0,0.8518518518518519,0.4166666666666667,138,88,62,50,26,3588,1144,4732,4929.166666666666,0.2826086956521739,0.6304347826086957,0.08695652173913043,12,78,48,12,87,39
IMPORTANCE_MATCHED_BUDGET,107,RANDOM_COPY,0.3,e38844439e5537572ad161421f6ffa33a90a9b4abef40603c83ab19ba9ae7287,RANDOM_COPY:0.3:107:54,ec42aaa8259029298c2e6b8030ae342e5ae93f0d76a6affefc282d15bee1be4c,147,147,IMPORTANCE_MATCHED_BUDGET_V1_SHA256_ASCENDING,26b4c68f88c7199382dc615711802deb7f664253156a170ce98ba2971065fcd3,0.9230769230769231,0.9655172413793104,0.9074074074074074,0.75,147,90,69,57,21,3822,1170,4992,5200.0,0.2653061224489796,0.5918367346938775,0.14285714285714285,21,78,48,21,87,39
IMPORTANCE_MATCHED_BUDGET,108,RANDOM_COPY,0.3,971438e41b339083e173e0e1872005c5d73e1d3752d9eb3659835da65be6c647,RANDOM_COPY:0.3:108:54,562bf52b4151ac9cb257b830e6c43f67bf62e3438b413680aff858e599de00e3,146,146,IMPORTANCE_MATCHED_BUDGET_V1_SHA256_ASCENDING,989da11f3dec4a404480f3b4a436141fd30f4c9c0d0ec1188d9b797740d44e80,1.0,1.0,0.9814814814814815,0.9166666666666666,146,113,79,33,34,3796,1469,5265,5484.375,0.2671232876712329,0.5958904109589042,0.136986301369863,20,78,48,20,87,39
IMPORTANCE_MATCHED_BUDGET,109,RANDOM_COPY,0.3,eb1bcb649f69adce8aef8dd4966648593bb6197bae290d9c22824021e7c5a2e5,RANDOM_COPY:0.3:109:54,08bdf9caff12c6a695a787b632c2253949e8db9e6e39bf71f3f55a04498d5147,141,141,IMPORTANCE_MATCHED_BUDGET_V1_SHA256_ASCENDING,4687712211c6abab73e9165031cb01f094df3952895a043df358d31653745088,1.0,1.0,0.8888888888888888,0.5,141,100,66,41,34,3666,1300,4966,5172.916666666667,0.2765957446808511,0.6170212765957447,0.10638297872340426,15,78,48,15,87,39
IMPORTANCE_MATCHED_BUDGET,110,RANDOM_COPY,0.3,91abbdfc797279b817c85e6f0141ad9c7ef8eca8f5a3046f5fba4e3104bb3d9c,RANDOM_COPY:0.3:110:54,96482d2a27d903f53f5f2f73ed4b7cdbf089a84e95e500629a5c77d02e46a569,140,140,IMPORTANCE_MATCHED_BUDGET_V1_SHA256_ASCENDING,4a0a2751f6c0d71e7019b281d348025f92761821f65f2ad99753ee57427339f5,1.0,0.9310344827586207,0.9259259259259259,0.8333333333333334,140,102,62,38,40,3640,1326,4966,5172.916666666667,0.2785714285714286,0.6214285714285714,0.1,14,78,48,14,87,39
IMPORTANCE_MATCHED_BUDGET,111,RANDOM_COPY,0.3,d661f28922b74477cd2aaa20f1cf9de9dd1e6d1ece391e9a9b0f811b4432c87d,RANDOM_COPY:0.3:111:54,e052a89961702b8a187964e85021caa9c0fe8d62371c30e40e68695678427eae,143,143,IMPORTANCE_MATCHED_BUDGET_V1_SHA256_ASCENDING,639b14d521362d6b3c503ddffeda50a5ca11fd342fcadfcbcd9390f1177ac49f,0.9230769230769231,1.0,0.9629629629629629,0.9166666666666666,143,104,65,39,39,3718,1352,5070,5281.25,0.2727272727272727,0.6083916083916084,0.11888111888111888,17,78,48,17,87,39
IMPORTANCE_MATCHED_BUDGET,112,RANDOM_COPY,0.3,a50011441f4b624cd18e8460cef6d9392af971f5e6e0cfaf4bdf838df5181302,RANDOM_COPY:0.3:112:54,6b5bd00f5de5f35f39227adefdcfe5c050a4c132d21b2208225510e5b140b566,144,144,IMPORTANCE_MATCHED_BUDGET_V1_SHA256_ASCENDING,4aadc2201c7957c9d8bc495092641520212e33442c8ac738c175eb83c6701940,1.0,1.0,0.9444444444444444,0.75,144,98,67,46,31,3744,1274,5018,5227.083333333334,0.2708333333333333,0.6041666666666666,0.125,18,78,48,18,87,39
IMPORTANCE_MATCHED_BUDGET,113,RANDOM_COPY,0.3,8d9a4abb49b0e310e50fe5f50cce879dbcd1173b84576085e3c84c93333b706f,RANDOM_COPY:0.3:113:54,fbf636a9205801f074b7cafc844a0c844d0a422e4fd4b74d4934f05a9b0b6725,141,141,IMPORTANCE_MATCHED_BUDGET_V1_SHA256_ASCENDING,51f4c288873cc1aa1566846662bb91dff457e9035489d8f1ce449ac769c88b74,1.0,0.9655172413793104,0.9444444444444444,0.8333333333333334,141,97,62,44,35,3666,1261,4927,5132.291666666666,0.2765957446808511,0.6170212765957447,0.10638297872340426,15,78,48,15,87,39
IMPORTANCE_MATCHED_BUDGET,114,RANDOM_COPY,0.3,f29e14e965964064ef306f3c5038a5f4a73a38051f15808f8f1327a5c1b981c8,RANDOM_COPY:0.3:114:54,c4ef6a371413ae9add239b4342286095642bc294379f2c0a891d127ca450985c,147,147,IMPORTANCE_MATCHED_BUDGET_V1_SHA256_ASCENDING,957ec471eb5cd488eafb015c7972da84643b846681b7ef988d5f4e68302d9b18,1.0,1.0,0.9629629629629629,0.8333333333333334,147,99,66,48,33,3822,1287,5109,5321.875,0.2653061224489796,0.5918367346938775,0.14285714285714285,21,78,48,21,87,39
IMPORTANCE_MATCHED_BUDGET,115,RANDOM_COPY,0.3,d55619e45325ca3b418127600e4a7fec1c0dda4127afb22834aaa75b8adaf6c6,RANDOM_COPY:0.3:115:54,5e3ec803a4569a1ac45fb404f6f0db8fe055e9f705c1a4dec0fdffd62f1858ac,138,138,IMPORTANCE_MATCHED_BUDGET_V1_SHA256_ASCENDING,fbfa68229db42ae895d987fafd4d3c6fe7de046bbad015034d91490bc75a76f1,1.0,0.9655172413793104,0.8888888888888888,0.5833333333333334,138,91,71,47,20,3588,1183,4771,4969.791666666667,0.2826086956521739,0.6304347826086957,0.08695652173913043,12,78,48,12,87,39
IMPORTANCE_MATCHED_BUDGET,116,RANDOM_COPY,0.3,cba85ab730b3e3fc277eab306bccb783d2551fc7eb56349d724104a11e4bb162,RANDOM_COPY:0.3:116:54,863766a631770dcfea28229f8fcb98067296935401474b321ef8880ffdff6f27,147,147,IMPORTANCE_MATCHED_BUDGET_V1_SHA256_ASCENDING,3a2cce9ad26d71772d773761586e91811d72d04fb173a9aa3e91d5d6812c1c8c,0.9230769230769231,1.0,0.9814814814814815,1.0,147,108,79,39,29,3822,1404,5226,5443.75,0.2653061224489796,0.5918367346938775,0.14285714285714285,21,78,48,21,87,39
IMPORTANCE_MATCHED_BUDGET,117,RANDOM_COPY,0.3,1c09a90254b8f746102434574193b5853713b10779ae59c4dc9fccc59fda5631,RANDOM_COPY:0.3:117:54,7c4184c53982d0bec8875040ee91f512c762a92cbc5944d0be2193915c19fbcc,143,143,IMPORTANCE_MATCHED_BUDGET_V1_SHA256_ASCENDING,156aa7f41fcb81ac0e6f9ad4647c71e92f40c9b8c53a8d1ac47722cb4d05c599,1.0,0.9655172413793104,0.9074074074074074,0.6666666666666666,143,100,76,43,24,3718,1300,5018,5227.083333333334,0.2727272727272727,0.6083916083916084,0.11888111888111888,17,78,48,17,87,39
IMPORTANCE_MATCHED_BUDGET,118,RANDOM_COPY,0.3,1b1315749101f110f22c8607a0ba7d624bf4a5a2e47ab9f90b925c589b0a7b42,RANDOM_COPY:0.3:118:54,c036f222226966f5f103f06e3da5ecd87e83ce12db158c6d0488fc6a2257b3a6,140,140,IMPORTANCE_MATCHED_BUDGET_V1_SHA256_ASCENDING,f50f6eb85719dc544d8be1222222d9113a64338570247ebe083ff4a7be22d592,0.9230769230769231,0.9310344827586207,0.8888888888888888,0.75,140,92,71,48,21,3640,1196,4836,5037.5,0.2785714285714286,0.6214285714285714,0.1,14,78,48,14,87,39
IMPORTANCE_MATCHED_BUDGET,119,RANDOM_COPY,0.3,bb0e660903d37d4a1d693ca6233b19aa9ddabd73aeebd1824d90176ee9461985,RANDOM_COPY:0.3:119:54,ff03cc90ac363608116358d182d853f2451c11f3883b6a86782472f77a32ac19,142,142,IMPORTANCE_MATCHED_BUDGET_V1_SHA256_ASCENDING,3f1bee7216f4b7a0aacac89552146d4dda17854adef966394594d072981b89c9,1.0,0.9655172413793104,0.9074074074074074,0.6666666666666666,142,97,62,45,35,3692,1261,4953,5159.375,0.2746478873239437,0.6126760563380281,0.11267605633802817,16,78,48,16,87,39
IMPORTANCE_MATCHED_BUDGET,120,RANDOM_COPY,0.3,3b95b32ddfbe7d850a599109a02dfb1b69f33aacde61cc29729ec290aebb2fdf,RANDOM_COPY:0.3:120:54,0dfa926055a7cbbf99d43153086f31f4edc832ad1854616e36b0c0b7cf263c29,140,140,IMPORTANCE_MATCHED_BUDGET_V1_SHA256_ASCENDING,c8de6c38377cacf4ee28c9bbfb7c950365b24fb182f22453f79c2911d1cb6c2f,0.9230769230769231,1.0,0.8888888888888888,0.5833333333333334,140,101,67,39,34,3640,1313,4953,5159.375,0.2785714285714286,0.6214285714285714,0.1,14,78,48,14,87,39
IMPORTANCE_MATCHED_BUDGET,121,RANDOM_COPY,0.3,aba1df268a7c7cf48399c03e9852dd81eaa562442005375cee95c6729c48dd52,RANDOM_COPY:0.3:121:54,5dab0828d94b98b65a2c64db084951a2e8b979b88ca460d095fac66df0ecd717,146,146,IMPORTANCE_MATCHED_BUDGET_V1_SHA256_ASCENDING,6871b982bd4c292265ce1f337daed77403291b40e81fd42a3eb2d3cf0de636bb,1.0,1.0,0.9259259259259259,0.6666666666666666,146,99,76,47,23,3796,1287,5083,5294.791666666667,0.2671232876712329,0.5958904109589042,0.136986301369863,20,78,48,20,87,39
IMPORTANCE_MATCHED_BUDGET,122,RANDOM_COPY,0.3,0a8f52e0c805a30877639eca524e54fdd24ae531739ce977b29665a658fd6ffe,RANDOM_COPY:0.3:122:54,9ee3a73101103c8b7784eff18231be292ae0e3c8b8e8272cc5071c3cb810b98e,143,143,IMPORTANCE_MATCHED_BUDGET_V1_SHA256_ASCENDING,3cbaff9abb2f66457c0ae3f7a61e8cb400ddcef70ea398bb933f6bc5d7446773,1.0,0.9655172413793104,0.9259259259259259,0.75,143,105,73,38,32,3718,1365,5083,5294.791666666667,0.2727272727272727,0.6083916083916084,0.11888111888111888,17,78,48,17,87,39
IMPORTANCE_MATCHED_BUDGET,123,RANDOM_COPY,0.3,589d020230962085cc0f48fe27022adc1ec4c2006eaaa718bf8d51da24462631,RANDOM_COPY:0.3:123:54,36f42031f32dd8c19ae035830dd3a370ea646ba6bea63fd38eae78dc8d0c2cf0,141,141,IMPORTANCE_MATCHED_BUDGET_V1_SHA256_ASCENDING,1364934245ed02f611d7c386b49a90bd3b815330d3c1e2399bc82b362e133277,1.0,1.0,0.9814814814814815,0.9166666666666666,141,103,74,38,29,3666,1339,5005,5213.541666666667,0.2765957446808511,0.6170212765957447,0.10638297872340426,15,78,48,15,87,39
IMPORTANCE_MATCHED_BUDGET,124,RANDOM_COPY,0.3,b62843363f93fed77b482cb6dcb53522a1044400c139247ea17e86915a1e01d4,RANDOM_COPY:0.3:124:54,eb739f750555743aaabf18371f423865c331fd524650e9495649532b02cec649,138,138,IMPORTANCE_MATCHED_BUDGET_V1_SHA256_ASCENDING,fbfa68229db42ae895d987fafd4d3c6fe7de046bbad015034d91490bc75a76f1,1.0,0.9655172413793104,0.9074074074074074,0.6666666666666666,138,84,51,54,33,3588,1092,4680,4875.0,0.2826086956521739,0.6304347826086957,0.08695652173913043,12,78,48,12,87,39
IMPORTANCE_MATCHED_BUDGET,125,RANDOM_COPY,0.3,bcc6f7f6901f99e9a05603a1a40887b24fb897942a01f664afcb3459da7ca348,RANDOM_COPY:0.3:125:54,400b52bef43136db5ce85da0435c80b90216fc1c506259601aae48677fac44db,148,148,IMPORTANCE_MATCHED_BUDGET_V1_SHA256_ASCENDING,fe766947da508c709d67d23563f55d9fd0a5db6e3a2225d7d5a86815f3b14e94,1.0,1.0,1.0,1.0,148,108,73,40,35,3848,1404,5252,5470.833333333333,0.2635135135135135,0.5878378378378378,0.14864864864864866,22,78,48,22,87,39
IMPORTANCE_MATCHED_BUDGET,126,RANDOM_COPY,0.3,af2e55053f11bfb40fba4385fb92957e17d137009dcebbf92ec207f5d089e25a,RANDOM_COPY:0.3:126:54,90b534e8cf34be186b1a5bb86d565a6ba1ca44c06f137bd304ef4d41938fde14,144,144,IMPORTANCE_MATCHED_BUDGET_V1_SHA256_ASCENDING,bcb016edd9fa54d0a5d1ef8bbd011db78a28f0ad6cd5967930ecb5587d89abd1,1.0,1.0,0.9629629629629629,0.8333333333333334,144,111,80,33,31,3744,1443,5187,5403.125,0.2708333333333333,0.6041666666666666,0.125,18,78,48,18,87,39
IMPORTANCE_MATCHED_BUDGET,127,RANDOM_COPY,0.3,65c83068ae3ae0aa13476c25fd6b1ba2658993c1b0cfffe6a16d395a3a618dda,RANDOM_COPY:0.3:127:54,6826733084ae046b78cddb51dd6f34f80864ed03dc19feb94df54b0b6bab5afc,139,139,IMPORTANCE_MATCHED_BUDGET_V1_SHA256_ASCENDING,ae8a9531f7e202e50d15df90ea18eccad5e5e405e7b1deebde26913a98ed9361,1.0,0.9655172413793104,0.9259259259259259,0.75,139,97,63,42,34,3614,1261,4875,5078.125,0.2805755395683453,0.6258992805755396,0.09352517985611511,13,78,48,13,87,39
IMPORTANCE_MATCHED_BUDGET,128,RANDOM_COPY,0.3,fbc95a580f3711e0198d472dd2a4b2e773ed5d69fff47d47725f440b5fadb6e8,RANDOM_COPY:0.3:128:54,11ed8b2f35bdf12b4b35a8a77ec3672c4e3cd43684d687a3ebc4f4d10cc718a3,143,143,IMPORTANCE_MATCHED_BUDGET_V1_SHA256_ASCENDING,6e6cc9c0592abb6dc4f5458a43b9f5b6b6a2f7c09e4dcd5e8ea7ffb4bb14752a,1.0,1.0,0.9259259259259259,0.6666666666666666,143,100,66,43,34,3718,1300,5018,5227.083333333334,0.2727272727272727,0.6083916083916084,0.11888111888111888,17,78,48,17,87,39
IMPORTANCE_MATCHED_BUDGET,129,RANDOM_COPY,0.3,27991da4783c6b9f9f9222e80d1c337bdd75cf47eb641d71b0b17468fd64f7be,RANDOM_COPY:0.3:129:54,f4f13221942ba64938ce52b7e62ac292f5639e070e9848aa97421225491a6026,147,147,IMPORTANCE_MATCHED_BUDGET_V1_SHA256_ASCENDING,82c9cf360ced56f99ec7c01c2d1d1ffe4767907449aaf523d224f2b05b698e8c,1.0,0.9655172413793104,0.9259259259259259,0.75,147,102,71,45,31,3822,1326,5148,5362.5,0.2653061224489796,0.5918367346938775,0.14285714285714285,21,78,48,21,87,39
IMPORTANCE_MATCHED_BUDGET,130,RANDOM_COPY,0.3,9bd39ae110f78a334bc3e8a559950809ece52d4b4fec28fe8a1d24ffd9421ac5,RANDOM_COPY:0.3:130:54,1daea74b73e7a55817d7513a793f732d565df83d5ebdaaa25950799e61b581aa,140,140,IMPORTANCE_MATCHED_BUDGET_V1_SHA256_ASCENDING,dea71a136da4e379550f5a7d8d992979f78e497796a80c0687a8af407e89570c,1.0,0.9655172413793104,0.9074074074074074,0.6666666666666666,140,90,65,50,25,3640,1170,4810,5010.416666666667,0.2785714285714286,0.6214285714285714,0.1,14,78,48,14,87,39
